Study Hours per Week,Attendance Rate,Previous Grades,Passed
12.5,,75,Yes
9.3,95.3,60.6,No
13.2,,64,No
17.6,76.8,62.4,No
8.8,89.3,72.7,No
8.8,73.8,69.3,Yes
17.9,38.6,93.6,Yes
13.8,95.8,59.2,No
7.7,100.1,91.9,Yes
12.7,38.4,37.8,nan
7.7,54.1,72.3,No
7.7,115.5,41.2,No
11.2,79.6,49.6,nan
0.4,75.1,50.4,Yes
1.4,66.5,49.2,Yes
7.2,54.4,55.9,No
4.9,71.1,98,No
11.6,94.5,51.8,Yes
5.5,74.7,40.8,No
2.9,87.2,72.4,Yes
17.3,110.3,68.6,Yes
8.9,63.4,98.2,No
10.3,81.1,64.4,No
2.9,95.1,30.7,Yes
7.3,56.3,58.6,Yes
10.6,,58.3,Yes
4.2,112.4,46.5,Yes
11.9,68.2,56.6,No
7,96.4,62.8,No
8.5,72.2,64.1,Yes
7,111,44.3,Yes
19.3,42.1,74.1,Yes
9.9,76.3,89.5,No
4.7,45.4,69.2,Yes
14.1,61,81.6,Yes
3.9,60.9,67.7,No
11,69.7,49.3,Yes
0.2,51.2,69.1,Yes
3.4,73.6,57.5,Yes
11,84.2,48.4,Yes
,44.4,63.8,Yes
10.9,62.3,77.3,Yes
9.4,125.8,59.9,No
8.5,81.6,94.1,No
2.6,38.6,79.3,Yes
6.4,47,56.8,No
7.7,79.5,56.3,No
15.3,77,97.2,Yes
11.7,63.3,60,No
1.2,118.9,70.5,Yes
11.6,127.4,71.3,Yes
8.1,69.7,39.1,No
6.6,92.5,39.3,Yes
13.1,93.5,,Yes
15.2,96.1,49.3,nan
14.7,62.2,65.2,Yes
5.8,113.8,42.3,Yes
8.5,73.6,60.1,No
11.7,83.4,68.2,Yes
14.9,75,34.1,No
7.6,72.2,65.8,Yes
9.1,80.6,66.6,No
4.5,51.3,58,Yes
4,35.6,48.5,Yes
14.1,70.7,59.4,No
16.8,57.4,59.4,Yes
9.6,86,93.9,No
15,83.7,63.2,Yes
11.8,75.3,58,No
6.8,104.6,63.2,No
11.8,74.9,71.4,Yes
17.7,45.8,70.8,Yes
9.8,70.5,71.7,No
17.8,98.4,74,Yes
-3.1,37.3,43.1,Yes
14.1,73.1,72.7,Yes
10.4,86.5,67.8,Yes
8.5,128,55.7,Yes
10.5,99.2,66.6,Yes
0.1,77.7,63.4,Yes
8.9,85.4,64.7,Yes
11.8,37,67.6,Yes
17.4,,39.8,No
7.4,,68.9,nan
6,78.2,74.8,Yes
7.5,80.8,68.7,Yes
14.6,75.7,54.1,No
11.6,74.9,52.1,No
7.4,77.1,67.7,Yes
12.6,53.9,77,No
10.5,70.4,84.6,No
14.8,,76.5,Yes
6.5,62.6,72.7,Yes
8.4,98.9,26.9,Yes
8,71.4,,No
2.7,86.9,,No
11.5,77.3,54.8,Yes
11.3,67.3,200,Yes
10,54.8,49.1,Yes
8.8,67,91.5,No
2.9,78.7,45.5,nan
7.9,86.6,61.8,No
,77.4,54.1,Yes
6,88,52,No
9.2,44.6,71.2,Yes
12,92.3,77.3,Yes
19.4,52.4,47.3,Yes
10.9,94.7,65.8,Yes
11.3,,63.3,Yes
9.6,37.6,58.2,Yes
,89.7,51,No
9.9,94.9,81.6,No
10.3,100.2,49.5,Yes
22.3,59.6,45.5,No
9,78.6,81.5,Yes
11.5,88.9,68,Yes
9.8,89.7,47.3,nan
4.2,83.2,63.8,Yes
15.7,66.5,55.6,Yes
13.8,94.8,87.3,Yes
14,94.9,61.4,Yes
5.5,71.9,73,Yes
17,59.3,64.7,No
3,,86.6,No
12.9,102.3,68.1,Yes
21,94,82.4,No
,74.6,73.1,No
7.2,71,56.7,Yes
10.5,39.6,65,Yes
7.5,73.3,61.8,Yes
2.2,51.2,56.4,No
10.3,78.2,48.8,No
4.7,98.7,85.4,Yes
12.4,55.4,34.1,No
5.4,79.8,85,No
17.7,95,44.9,Yes
6.1,79.4,73.1,Yes
8.4,64.5,56.2,Yes
14.1,75.2,40,Yes
3.8,94.1,82.2,Yes
11.1,80.3,29,Yes
16.5,74.9,76.9,No
2,98.1,66.9,Yes
10.9,85.3,80.8,Yes
11.3,50.9,74.4,Yes
13.9,87.6,74.2,No
3.8,94,78.5,Yes
3.4,50.3,,No
12.6,29.6,,No
11.5,54.2,60,No
11.3,73,61.6,Yes
11.7,95.2,66.6,Yes
6.6,57.2,61,nan
11.2,86.1,97.8,Yes
11.5,17.2,63.7,No
6.4,78.6,47.8,No
19.3,66.9,63.2,No
12.4,117,52.4,No
4,37.2,94.4,Yes
,,66.5,Yes
5.1,37,74.5,No
13.9,64,72.7,Yes
15.8,41,79.2,Yes
5.9,121,68.6,No
14.8,67.9,59,nan
12.1,70.8,65.7,No
14.1,74.1,46.6,No
19.5,52.4,,nan
8.8,96.1,91.9,No
6.2,87.8,76,No
5.6,93.4,63.4,No
5.9,50.6,,Yes
9.6,97.7,55.9,No
11.7,95.4,70.1,Yes
11.4,70.4,60.5,No
14.1,92.9,61.9,No
10.1,80.5,70.9,Yes
17.3,43.1,73.6,Yes
8.7,71.3,62,Yes
,65.4,52.5,Yes
13.1,76.7,92.5,Yes
5.7,95.4,66.5,Yes
4.6,,49.4,No
12.4,66.1,49.7,No
8.9,58.6,94.9,No
13.6,59.4,102,No
12.4,58.5,70,No
9.6,76.4,55.8,Yes
5.8,85.5,,Yes
2.4,82,60.4,Yes
7.8,78.7,73.6,nan
14.3,87.4,70.3,nan
11.1,122.6,64.5,Yes
3.8,77.7,63.7,Yes
10.9,95.4,61.7,No
11.9,94.3,79.2,No
5.6,110.6,62.1,No
10.8,86.2,95.8,Yes
10.3,58.1,97.2,Yes
,81.1,59.3,No
11.8,80,59.6,Yes
12.8,91.3,64.3,Yes
15.4,57.5,55.4,Yes
15.3,100.3,77.8,Yes
3.1,75.1,82.8,Yes
5.3,91.8,84.3,Yes
12.6,81.2,61.9,No
12.6,77.5,61.7,Yes
12.6,79.7,35.1,Yes
29.3,,55.1,Yes
12.9,114.2,51,No
15.7,34.7,48.4,No
14.8,85.8,57.7,nan
13.3,75.9,60.4,No
8.4,71.5,64.6,No
13.8,27.7,85.4,Yes
6.1,86.6,82.5,No
8.8,,48.1,nan
7.6,58.3,71.4,No
10.4,75.8,53,No
21.6,69.1,67.2,Yes
0.7,40.2,,Yes
13.4,76.8,57.7,Yes
1.9,86.6,50.2,Yes
7.6,64,65.8,Yes
15.4,80.2,84.8,Yes
10.3,77.2,95.1,Yes
4.6,95.9,55.8,No
6.4,72.9,67,Yes
,91,69.1,Yes
,68.7,43.7,No
11.1,114.3,42.9,No
10.2,66.3,69.9,No
6.7,61.3,59.4,No
20.7,73,44,No
13.2,60.4,,Yes
-0.1,50,65.9,No
10.9,89.6,65.2,No
6.7,13.7,48.6,No
14.3,60.6,39.4,No
6,48.2,56,No
9.4,77.8,65.7,No
12.5,31.2,54.4,No
14.3,86,48.5,Yes
4,,59.4,Yes
8.3,42.3,65.5,Yes
7.6,78.8,86.2,No
6.7,85.3,67.3,Yes
18.8,93.8,43,Yes
12,45.6,34.7,No
3.7,42.8,28.2,Yes
14.6,105.1,70.1,Yes
20.6,58.6,49.2,No
15.2,64.5,72.5,No
2.4,,,Yes
7.6,51.6,73.9,No
16.3,69.7,61.6,No
6.5,92.8,92.7,Yes
12.2,46.6,58.1,No
13.9,65,51.5,No
5.4,52.5,70,Yes
9.7,59.5,76.6,Yes
-6.2,98.7,26.2,Yes
4.9,103.1,81.7,No
8.7,80.2,40.6,Yes
3.8,85.6,34.2,Yes
18.2,85.1,59.8,No
2.8,61.6,49.1,Yes
7.8,79.8,71.2,No
10.7,49.1,70.3,Yes
17.2,55.8,69.6,No
2.8,73.3,83.4,Yes
15.8,53.8,60.3,No
10.1,49.5,70.5,nan
,60.8,40,Yes
12.3,97.9,79.4,Yes
11,106.1,57.5,Yes
7,74.3,60.7,No
10.3,86.6,59.9,Yes
8.1,63.7,63.5,No
10.6,33.7,59.5,No
13.3,57.1,32.5,No
17.9,,83.6,Yes
3.8,77.8,55.2,Yes
20.7,73,59.4,Yes
0.2,69.4,62.1,Yes
9.2,63.5,72.9,No
12.9,81.9,57.6,Yes
11.4,47.7,81,No
6.9,91,93.1,Yes
9,63.3,89.5,Yes
7.5,116.3,68.8,No
7.1,68.7,56.4,No
14.2,65.4,56,No
11.8,63.7,59.5,Yes
6.5,65.6,52.2,Yes
14.5,87.1,71.2,No
11.5,74.2,,No
14.1,94.7,64.8,Yes
13.1,84.3,60.4,No
5.9,75.6,,Yes
7.2,82.5,68.8,No
13.7,98.9,59.7,Yes
13.1,88.1,62.8,Yes
9.9,80.6,62.8,No
10.6,83.5,75.1,Yes
16.4,51.9,53.3,No
7,126.4,58,Yes
12.7,85.6,36.5,Yes
9,87.6,48.9,No
8.9,,61.5,nan
15.5,29,58.4,Yes
14.1,69.7,35.6,No
14.1,76.5,72.9,Yes
16.5,58.5,51.8,No
10.1,,40.7,No
13.4,68.2,70.5,No
8.4,90.4,77.5,No
11.6,100.1,200,Yes
9.3,78.4,75.2,No
10.5,63.7,61.8,Yes
13,67.8,61.2,No
5.9,77,48.2,Yes
20.5,79.4,62.7,No
,83.7,63.6,nan
3.9,66.2,98.8,Yes
15.8,85.6,72.8,No
14,84,,No
13.1,67.1,82.7,Yes
13.1,40.6,78.3,Yes
9.9,57.3,43.2,Yes
5.5,106.4,74.9,Yes
10.4,41.1,66.5,Yes
6.6,101.4,54.5,No
14.9,40.4,49.5,Yes
9.3,59.5,62.8,Yes
5.9,67.5,64.8,Yes
8.4,110.6,82.2,No
12.1,75.5,31.2,No
7.2,70.7,46.1,Yes
5.9,56.3,67.9,Yes
11.2,85.4,62.9,No
11.2,64.7,66.7,Yes
7.5,70.4,58.1,No
7.6,67.8,68.7,Yes
11.2,89.4,41.2,Yes
2.8,90.2,96.5,No
3,57.2,71.3,No
6.4,62.5,71.9,No
8.9,60.5,49,No
11.6,78.7,,No
17.4,93.1,72.7,No
14.3,78.9,59.7,No
9.2,31.2,69,No
9.9,,53.3,Yes
5,48,44.9,Yes
9.9,60.7,81.7,Yes
8.6,79,51.6,No
11.6,73.3,78.6,No
5.9,92.5,52.4,Yes
12.6,62.8,,Yes
17.7,55.7,59.2,No
9.5,68.8,61.8,No
12,94.5,76.4,Yes
13.5,87.6,89.5,No
,76.7,62.1,No
-1,101.5,66.8,No
10.1,97.9,61,No
10.5,90.8,66.3,Yes
,51.4,54.2,No
10.1,90.7,49.5,Yes
12.5,71,69.9,Yes
17.3,,68.3,Yes
14.8,,82,Yes
20.8,71.6,65.7,Yes
6.2,62.5,64.3,Yes
14.4,78.4,72.8,No
10.9,71.5,200,Yes
20.9,79.4,62.6,No
6,86.1,26.4,No
5.8,69.1,49.2,No
7,60.3,81.1,No
-0.6,34.9,,Yes
7.4,90.4,85,Yes
6.2,76.6,58.4,No
10.8,71.5,60.1,No
11.7,98.4,76.1,Yes
19.4,49.2,74,No
,76.1,,Yes
7.1,55.7,65.6,Yes
5.5,88.1,64.2,No
12.5,30.5,47.7,No
3.4,91.1,56,No
19.2,90.3,69,Yes
15.9,56.5,61.7,No
7.7,76.3,79,No
,57,91.4,No
16.8,83.6,79.2,Yes
9.4,91.4,71.7,nan
16.2,54.9,62.8,nan
2,49.1,76.9,nan
7,96.9,55.7,No
,113.8,56.8,No
10.2,84.9,46.5,No
7.7,86.4,41.7,No
13.1,,84.2,Yes
4.7,78.6,69,No
9.3,82,73,No
10.6,71.3,63.1,No
12.6,,93.3,Yes
13.6,78.5,91.4,Yes
4.4,81.1,64.7,Yes
2.3,71.8,64.6,No
,73.8,61.7,Yes
11.7,,48.3,Yes
6.3,77.9,58.9,No
17.8,78.4,60.3,Yes
10.6,78.6,31.7,No
15.9,67.7,30.8,No
10.3,46.8,64,Yes
20.3,106.5,77.5,Yes
18.8,,53.4,Yes
8.8,100,91.2,No
14.9,53.5,60.8,Yes
13.2,103.9,52.3,No
16.8,114.3,43.6,Yes
5.2,95.9,66.5,No
,108,34.8,Yes
,91,53.8,Yes
1.2,58.1,65.7,No
4.1,,44,Yes
-0.2,,57.2,No
8.7,63.1,65.4,Yes
13.6,81.3,46.7,Yes
17.5,78.6,74.8,nan
,84.3,79.1,Yes
18.1,39.2,,Yes
3.1,,62,nan
1.5,86,63.1,Yes
9.7,90,70.2,No
11.9,91.3,60.5,Yes
9.8,80,54.2,Yes
-0.3,67.4,49.1,No
9.6,85,,Yes
3.5,69,56.3,No
13.3,93,,No
11.8,83.5,80.7,Yes
5.3,73.8,67.2,No
7.4,59.6,49.7,No
4.7,97.4,,nan
9.7,86.2,50.5,No
14.8,117.1,,No
-1,85.5,56.8,Yes
12.5,87.2,61.9,No
7.3,45.7,55.7,Yes
6,81.2,,Yes
9.5,68.7,74.8,Yes
4.8,91.5,54.4,Yes
7.2,81.7,62.4,No
4,94.7,57.9,Yes
19.8,117.7,50.2,Yes
10.2,59,67.4,No
6.5,93.9,36.8,No
11.1,88.7,50.6,Yes
9.4,114.6,,No
8.9,89.1,51.4,No
13.1,87,48.7,No
13.8,92,,No
7.3,93.4,60.6,Yes
7.1,104.1,59.4,Yes
8.6,58.6,64.8,No
-1.5,67.2,68.5,No
2.4,109.7,71.1,Yes
16.8,35.8,52.9,Yes
18.2,73.3,65.9,No
8.8,78,61.1,No
12.9,71.5,63.4,Yes
11.6,106.6,58.1,No
25.4,84.5,53,Yes
15.6,67.3,61.3,Yes
9.4,62.3,57.9,No
5.2,80.6,69.5,Yes
2,98.3,79.2,Yes
11,,50.9,No
,72.3,56.9,Yes
2.9,61.1,99.8,No
6.8,82.5,37.7,No
4.6,81.4,40.8,Yes
18.4,60.5,80.8,No
14.4,95.5,93.7,Yes
10,109.1,86.8,No
17.4,76,69.7,Yes
10.4,81,58.5,No
5.7,52.9,60.9,Yes
17.6,89.7,71,No
,84.3,79,Yes
4.8,68.5,73,Yes
9,60.1,34.8,No
5.6,112,47.4,No
3.1,82.7,69.2,Yes
14.6,56.6,44.2,nan
19.5,92.1,,No
3,79.6,78.1,Yes
12.8,76.2,68.9,Yes
6.7,94.6,88.2,No
7.6,,79.6,No
7,,55.7,Yes
5.7,102.6,68.7,No
10.2,72.4,53.1,Yes
5.8,66.5,40.8,Yes
11.4,48.2,82.9,Yes
9.7,78.9,62.1,Yes
8.8,81.3,85.2,No
5.5,103.8,66.6,No
7.1,82.4,69.2,Yes
13.8,68.9,73.7,No
12.5,83.1,62.2,No
5.1,97.2,61.4,Yes
10.5,92.8,68.6,No
13.8,87.4,83.7,Yes
1.7,80.5,72.6,nan
12.7,63.4,65.3,Yes
6.7,54.3,58.8,No
12.9,51.2,63.2,Yes
6.2,82.9,52,Yes
1,85,50.3,No
1.9,96.9,61.4,No
10.2,86.2,65.1,nan
11.3,96,75.9,Yes
5.5,72.4,48.1,No
13.2,90.4,65.2,Yes
1.7,55,,No
9.7,73.8,50.3,Yes
3.9,,58.1,No
6.7,75.6,76.4,No
10.2,99.5,64.1,Yes
5.7,76.4,34.7,No
8.1,89.4,76.6,No
15,80.5,66.3,Yes
7.1,63.6,,No
,71.3,51.8,Yes
4.4,98.6,63.1,No
12.6,89.3,69.7,No
17.2,62.6,80.4,Yes
-2.4,47.3,51.5,No
6,79.1,58.2,Yes
12.9,63.4,78.3,Yes
9,71.5,80.7,Yes
11.9,45.9,60.1,Yes
7,,57,No
10.4,73.1,72.5,Yes
9.2,76.1,,Yes
15.8,58.3,64.8,No
11.3,69.5,64.6,Yes
11.7,77.4,58,nan
7.9,62.7,72.1,No
7.6,70.7,81.4,No
7.8,102.7,50.4,Yes
12,40,54.1,Yes
,78.7,75,No
11.4,59.3,43.2,Yes
20.4,101.7,57,Yes
14.4,71.4,97.5,Yes
8.4,54.1,,No
16,,60.7,Yes
8,82,39.1,Yes
-0.2,,,Yes
5,32.8,80.9,No
0.6,51,47.5,No
8.2,101.1,65.7,Yes
10.1,44.8,84.1,No
18.4,75.2,57.5,Yes
11.6,65.3,58.1,Yes
8.9,62.2,75.4,Yes
14.1,,85.3,Yes
-1.1,68.3,77.7,Yes
11.2,,87.1,No
13.9,101.6,30.4,Yes
2.6,83.5,71.3,No
15.7,70.3,84.3,nan
11.7,80.2,71.8,No
7.9,91.1,62.8,No
13.2,95,46.6,nan
21.4,82.4,54,No
10.9,105.6,87.5,No
11.2,62.7,200,Yes
7.7,97.8,55.5,No
5.8,89.1,41.7,Yes
14.2,62.8,72,Yes
5.7,79.7,52.9,Yes
10.4,81,64.5,Yes
7.6,72.2,90.9,Yes
12.4,71.9,77,No
,44.5,84.6,No
15.2,61.2,67.2,No
7.4,70.2,75.7,Yes
8.7,,84.9,No
5.1,57.9,52.6,Yes
7.8,96.2,64.4,No
11.9,72.9,54.7,No
13.8,118.3,55.9,Yes
5.4,79.5,62.8,No
14.3,95.8,50.7,Yes
16.8,70.8,59.4,No
12.1,61.8,75.3,Yes
19.4,80.3,63.6,No
6.1,100.9,53.4,Yes
3.8,73.2,76.8,No
1.1,83.9,51.3,nan
17.5,80.2,48.4,Yes
13.3,73,83,No
9.7,74.1,77.7,No
11.4,55,59.9,No
4.4,74.8,93.4,No
22.2,88.1,56.5,Yes
10.6,80.9,75.2,No
10.5,78.7,41.3,No
13.6,89.5,49.8,Yes
12.4,78.9,,nan
11.1,75.3,86.3,nan
6,89.7,62.7,No
12.4,77.7,99.2,nan
19.4,70.3,84.6,No
16.7,84.4,54.6,No
18,74.3,59.3,Yes
7.4,69.4,44.2,No
5.1,78.1,58.4,No
9.4,78.3,68.6,Yes
10.3,52.9,65.6,Yes
15.5,81.7,65.5,nan
1.5,111.9,80,No
17.6,55.4,67.5,No
,64.9,75.3,Yes
7.9,130.6,71.7,nan
,58.6,69.3,Yes
1.7,100.7,78.8,No
14.1,70.4,77,No
10.4,76.2,200,Yes
3.6,,92.3,Yes
3.5,83.5,66.8,Yes
8.3,43.4,50.7,Yes
18.3,78.7,64,Yes
,66.9,68.9,Yes
2.5,37.7,73.8,Yes
8.8,97.4,79.4,nan
,32.8,76.5,No
-3.5,118,92.6,No
9.7,87.3,66.6,No
8.8,47.8,62.6,Yes
13.5,101.8,43,No
19.2,60,79.5,nan
15.6,60.9,74.1,Yes
,39,56.5,Yes
4.5,57.7,68.6,Yes
22.9,60.1,64.8,Yes
10.3,91.4,67.6,No
10.1,98.3,60.9,Yes
9.9,50.2,66.7,No
,80.4,42.2,No
9.3,38.2,58.9,Yes
7.1,80.5,69.6,Yes
7.3,118.2,,Yes
9.8,39.4,70.8,Yes
7.3,54.7,96,Yes
6.4,89.5,,No
10.5,91.9,37.5,Yes
8.7,56.2,83.1,No
17.5,104.5,96.4,Yes
-3.3,58.7,70.6,Yes
15.5,108.5,65.1,No
16.2,84.4,55.3,No
-0.4,100.4,73.1,Yes
8.3,82.4,64.8,Yes
,88.1,77.7,No
3,89.2,39.3,No
6.1,,69.9,No
4.4,,52.5,Yes
18.8,57,79.2,No
14.7,73.4,47.8,Yes
16.4,61.7,74.4,Yes
13.6,63,56.3,nan
4.4,108.1,58.5,Yes
7.4,87.5,77.7,Yes
12.4,86.5,,Yes
3.9,96.5,42.5,No
13.6,87.4,66.1,No
8.8,112.3,55.1,No
8.1,33.1,44.4,No
13.6,,70.3,No
12.2,61,69.3,No
8.2,47.5,66.8,No
15.8,77.3,72.6,Yes
4.6,78.2,35.1,Yes
13.1,114.5,53.6,Yes
13,93.1,69.2,No
8.5,64.8,80.5,No
11.6,84.9,68.6,No
3.7,,82.5,Yes
14.6,77.8,54.8,Yes
9.1,76.8,55.8,Yes
7.4,57,59.4,Yes
15.2,71,63.8,No
6.5,61.1,38.4,Yes
3,56.3,64.7,No
2.2,88.5,64.5,No
13,95.7,55.8,No
3.6,85.2,53.5,Yes
18.8,66.2,,No
-0.4,61.7,73.8,No
18.5,66.9,67.2,No
11.1,70.6,67.1,No
9.5,57.6,64.5,No
7.3,96.1,65.2,No
12,71,75.2,No
9.8,90.3,89.3,Yes
15.5,47,87.4,Yes
10.6,61.2,48.7,Yes
10.8,92.2,33.3,Yes
8.2,92.5,73,Yes
9.7,50.9,65.3,Yes
11.5,81.1,64.1,No
1.4,81.6,70.7,Yes
3.3,60.8,61.3,Yes
13.7,82.1,40.7,Yes
10.9,43.4,47.9,Yes
9.1,56.5,48.8,Yes
10.1,87,75,nan
11.7,75.6,93.3,No
7.3,76.6,58,No
6.1,71.5,104,Yes
11,85.7,36.6,No
5.1,86.7,57.4,No
12,90.8,67.7,No
1.5,77.5,26.7,No
15.1,67.2,87.8,No
12.4,63.9,54.6,Yes
11.3,53.9,65.5,No
14.9,66.9,71.7,No
18.3,62.9,41.1,No
15.1,107,101.5,No
0.8,54.1,67,Yes
3.6,95.7,59.9,No
6.9,69.6,48.3,nan
10.1,70.9,68.1,Yes
12.6,83,,No
6.4,,67.1,Yes
10.9,59,86,Yes
6.2,50.2,82.5,Yes
6.9,67.4,56.7,No
3,56.8,60.8,Yes
5.4,101.3,73.1,Yes
3.2,63.3,82.7,Yes
5.1,27.4,200,No
15.3,68.3,89.4,No
5.3,91.1,51,Yes
23.2,107.6,76.3,No
12.5,70.4,44.2,No
10.9,64.7,58.1,nan
5.7,74.7,47.4,No
13.5,83.3,47.7,Yes
7.1,52.4,68.6,Yes
10.6,70.1,54.6,Yes
22.8,74,69.3,No
,75.9,46.9,Yes
15.7,72.1,72.3,No
6.5,56.3,58.5,Yes
9.8,81.8,60.6,Yes
18.9,74.1,45.5,Yes
6.9,74.1,80.3,No
19.1,53.3,67.1,Yes
13.5,,,No
7.2,,45.9,Yes
13.2,107.3,75.1,Yes
14.9,,65.6,Yes
13.1,90.2,57.6,No
2.1,36.8,85.7,Yes
6.4,29.8,71.1,No
8.8,63.9,71.8,No
9.6,29.8,35.5,No
13.1,89.6,81.2,No
10.9,74.6,71.7,No
3.3,103,83.6,No
11.9,71.7,56.1,Yes
,79.9,54.3,Yes
12.8,69.6,89.2,Yes
15.4,57.5,79.4,Yes
14.2,66.9,43.6,No
12.3,50.9,65.2,Yes
9.6,82.7,80.3,No
1.7,,67.7,Yes
12.1,,56.8,Yes
11,131.5,55,No
11.4,66.9,66,Yes
3.6,81.3,80.3,No
4.6,73.9,50.1,Yes
15.3,98.2,33,No
9.8,79.8,,No
13.4,69.6,71.8,No
10.1,120.9,75.1,Yes
10.1,57.8,49.8,No
14.7,71.1,69,Yes
7.4,93.3,55.4,No
10.5,58.6,76,Yes
7.7,90.3,63,No
7.8,65.4,77.6,nan
8.5,95.1,66,No
11.1,94.5,72.5,No
7.6,73.2,58.4,Yes
16.3,55,54.3,No
5.5,67.2,60.7,Yes
9.1,74.7,74.2,Yes
7.8,92.8,102.9,No
17.2,81.4,83.9,Yes
,85.8,87.8,No
15.2,82,63.4,Yes
2.6,91.9,,No
11.3,71,31.9,Yes
14.4,78.3,56,No
10.4,75.6,44.3,Yes
15.3,66.2,76.5,No
7.4,95.2,62,Yes
17,94.8,45.2,Yes
21.5,99.1,73.2,Yes
8.2,59.7,69.8,No
7.8,82,48,No
17.3,96.8,87.7,No
17.9,105.1,53.7,Yes
7.4,44.8,73.9,Yes
7.9,74.9,63.1,nan
8.6,71.2,89.7,Yes
3.3,106.8,78.8,Yes
5.4,30.8,48.5,Yes
5,54.1,92.3,No
6.2,,46,Yes
9.8,65.6,49.1,Yes
11.2,49,89.4,No
17.8,105.2,64.6,No
5,46.4,69.7,nan
14.9,95.4,71.3,No
8.9,43.8,48.8,Yes
9.8,46.1,93.2,No
13.4,79,,No
4.4,58,37,No
11.9,80.4,58.3,No
10.8,111,75.2,Yes
12.5,71.9,63.3,No
11.4,107.6,56.9,Yes
22.3,81.5,73.4,No
6.8,94.1,74.9,Yes
7.3,27.9,90.4,No
6.9,87.7,39,No
7.2,84.7,49.9,Yes
6.8,67.8,53.7,Yes
15.9,112.9,101,Yes
17.1,65.1,87.6,Yes
7.1,42.8,69.1,Yes
5.8,90.6,63.7,Yes
12.4,46.5,71.6,nan
7.2,76.5,82.6,No
13.2,101.8,61.2,No
11,85,69.1,Yes
2.4,70.1,59.9,Yes
,68,44.1,No
19,100.3,38.2,Yes
6.9,50.6,54.6,Yes
,90.5,,Yes
11.4,118.9,71.5,Yes
11.7,,69,Yes
13.3,70.2,44.1,Yes
20.1,71.8,65.1,No
9.1,65.4,56.8,Yes
6,62,61.3,No
3.1,77.4,66.2,No
6.3,88.6,84.2,Yes
9.8,107.2,58.1,No
19,35.9,90.2,Yes
7.4,26.2,45.5,Yes
11.1,107.6,51.8,Yes
9.9,76.1,63.6,Yes
,77.2,47.5,Yes
22.6,85,45.2,No
7.3,71.3,66.1,Yes
7.6,114.5,45.1,No
15.2,84.8,50.6,No
13.4,66,,No
19.2,67.8,90.5,No
12.9,,62.1,No
8.2,59.5,,Yes
13,,47.8,No
15.5,,,No
14.1,51.6,30.6,Yes
12.5,83.1,50.2,No
15.3,103.8,76.5,nan
15.8,96.2,56.4,No
16.9,59.8,67.3,Yes
13.2,52.8,68.3,No
9.2,103.5,76,Yes
10.7,42.5,89.9,Yes
16,82.4,74.1,No
5.9,63.6,61.4,Yes
11.8,101.3,77,Yes
8,53.9,69.6,nan
10.1,59.1,31.4,Yes
16.4,87.3,47,No
11,90.9,61.6,Yes
10.2,,56.2,No
3.2,84.5,63.2,Yes
13.7,82,28.6,No
13.2,96,77.6,Yes
20.8,47.6,64.2,nan
8.5,57.4,83.2,Yes
11.1,49.3,65.4,No
,21.3,68,Yes
,91.8,49.5,No
9.5,103.6,46.9,Yes
11.4,86.1,67,Yes
13,82.6,65,Yes
10.9,76.7,40.4,Yes
7.8,76.1,79.1,No
,108.9,65.7,No
15.4,106,57.4,Yes
4.9,63.3,52,No
10.7,97.2,76.3,Yes
6.5,99.6,54.6,Yes
16,88,,Yes
2.4,82.8,62.5,nan
7.2,82.1,57,nan
11.9,45.4,45.5,No
17.8,43.6,84.5,No
9.7,90.7,49.9,No
7.2,53,52.1,No
19.4,47.2,85.1,Yes
2.8,33.5,63.5,Yes
-1,65.5,69.8,Yes
12.2,82.5,87.7,No
7.5,84.1,87.3,No
4.9,92,56.8,No
13.5,67.2,82.3,nan
,,40.9,Yes
7.2,91.9,38.6,Yes
3.6,84.3,65.7,Yes
14.4,63.3,63.7,Yes
13.3,81,74.7,No
9.5,35.3,73.1,Yes
19.2,75,75.4,No
,62.6,,No
2.4,105.4,94.4,No
6.5,55.5,78.2,No
,77.3,64.7,Yes
11.2,66.4,61.9,No
8.8,63.8,64.8,Yes
11.8,82.5,56.4,No
3.7,66.6,78.9,No
17.2,,80.6,No
9.6,35.5,55.5,nan
15.6,87.6,62.5,Yes
11.7,73.3,38.5,Yes
12.3,74,,No
12.8,81,65.6,Yes
12.2,95,,No
13.2,80.3,57.1,Yes
16.6,95,47.7,No
11,75.9,41.4,No
13.5,54.3,87.2,Yes
9.6,73.2,,Yes
17.2,,66.7,No
6.6,66.8,79.6,No
19,53.3,86.3,No
9.8,87.4,49.1,No
2.8,81.7,84.2,Yes
10.6,59.6,67.4,Yes
6.6,,73.6,Yes
14.2,71.4,91.4,Yes
6.7,75.1,74.2,nan
7.8,87.9,51.1,Yes
0.6,66.9,34.2,Yes
7.7,89,74.6,Yes
-2.1,64.3,71.1,No
2.1,108.3,53.1,No
13.8,108.8,67.8,nan
13.9,57.9,,No
12.1,50.5,,Yes
5.2,94.6,44.9,Yes
9.8,80.2,83.1,No
10,86,96.5,nan
4.2,61.9,69.3,Yes
,72.4,70.8,Yes
14.4,68.1,73.8,Yes
8.9,81.1,69.2,No
10.1,50.1,48.6,No
11,73,86.2,No
-0.2,49.9,71.8,Yes
8.8,64.7,73.4,No
6.6,73.1,80.1,Yes
5,85.1,79.5,nan
8.6,86.8,83.5,Yes
19,90.2,71.8,Yes
13.2,45.3,52.1,Yes
7.1,100.3,71.3,No
12.9,62.1,64.6,No
17,63.6,51.9,Yes
14.6,80.4,86.8,nan
10.3,68.3,62.7,No
6.8,82.2,68.4,No
13.5,85.9,54.1,Yes
12,59.7,64.2,No
,71.3,79,Yes
13.2,71.9,95.7,Yes
15.2,94.2,43.1,Yes
7.3,65.7,65.3,Yes
16.6,64.8,18,Yes
11,54.6,58.6,No
20.4,56.8,66.8,No
6.6,48,67.4,No
18.7,60.9,89.6,No
11,,61.6,Yes
6.7,88.8,88.4,No
7.6,100.5,68.7,Yes
8.4,56,57.3,Yes
12.1,36,67.9,No
12.6,81.3,66.9,Yes
7.1,112.1,68,Yes
9.9,,54.5,Yes
20.7,77,54.4,No
18.6,43.6,82,No
12.2,75.6,80.8,Yes
10.2,72.5,52.6,No
,33.1,63,Yes
13.1,54.3,70.7,Yes
4.9,52.7,,Yes
8.7,43.4,67.8,No
1.7,60.5,82.3,No
12,85.2,63.8,No
13.2,62.3,88.2,Yes
7.6,98,103.3,Yes
17.9,67.7,66.1,No
3.9,,70.6,No
2.7,84.9,50.9,Yes
11.1,105.7,62.4,Yes
15.2,60.7,67.7,No
18.4,83.8,75.5,No
7.7,56.1,61.9,Yes
15.4,109.4,76.2,Yes
9.8,54.2,,No
9.1,82.7,80.1,Yes
14.4,106.2,71.2,Yes
13.3,51.1,70.5,Yes
2.1,86.9,58.1,Yes
17.4,55.1,63.7,No
16.9,121.6,59.4,No
6.9,37.2,78,Yes
12,44.7,44.7,No
12.5,,54.4,No
,53.2,83.1,No
,85.4,67.8,No
6.6,111,83.3,Yes
9.9,98.1,,nan
15.9,79.7,79,Yes
12.7,75.2,71.3,Yes
8.1,62.9,55.1,Yes
13.9,82.8,66.1,Yes
-4.2,70.8,46.3,No
15.7,78.8,62.5,Yes
1.3,60.2,56.8,No
8.2,51,37.1,No
4.4,75.5,71.4,Yes
3.5,75.1,69.9,Yes
15.8,63.1,83.9,Yes
7.7,,46.6,Yes
11.7,86.2,81.2,Yes
9.8,84.1,30.2,No
12.4,112.5,62.8,No
10.4,102.6,94.6,Yes
3.6,51.1,64.6,Yes
,71.2,54,No
7.5,47.7,63.7,Yes
2.2,38.2,77.7,No
7.9,118.9,60.8,No
17.5,104.6,,Yes
14.3,62.4,70.7,Yes
8.3,99.9,73.2,Yes
8.3,102.8,80.5,No
8.4,36.6,94.7,Yes
20.4,,,No
11.9,65.2,69.8,Yes
12.2,82.7,47.2,Yes
15.2,135.2,79.2,Yes
11.2,106.7,85.4,No
8.7,72.4,75.3,No
9,103.4,44.2,No
9.6,36.6,58.9,No
9.8,85.1,65.8,No
13.6,85.5,52.1,No
,,97.2,nan
13.7,64.8,71.1,No
9.6,82.6,79,Yes
10.4,92.1,79.2,Yes
0,28.5,66.7,Yes
,68.7,47,No
11.7,56.9,76.8,No
15,88.2,95.2,Yes
,102.6,59.3,No
20.4,62.8,56.5,Yes
9.3,53.2,77.6,Yes
,,78.9,No
4.8,51.9,82.2,nan
13.1,70.5,62.9,No
4.7,68.4,62.8,Yes
6.9,86.6,25.6,No
19.6,81.3,65.8,No
9,78.2,56.5,nan
11.1,107.7,31.9,Yes
14.4,150,93.4,Yes
12.5,66.6,68.6,Yes
10.8,69.1,38.2,No
11.8,59.7,70.6,Yes
22,,92.9,No
9.7,47.2,83.1,No
11,97.7,79.5,No
15.3,60.6,46.5,No
15.5,81.3,56.8,Yes
15.9,69,52,Yes
13.2,74.4,65.3,No
4.3,98.1,76.6,No
18.2,78.5,71.6,No
4.3,56.5,51.4,Yes
11.5,63.7,62.2,No
6.2,92.2,80.7,Yes
9.7,84.7,72.7,Yes
11.6,93.4,71,Yes
11.6,70.2,51.8,Yes
12.1,47.1,67.4,Yes
18.1,85.1,48,No
12.3,80.1,52.6,No
8.8,80.6,42.8,No
14.8,47.4,90.9,No
15.9,62.2,91.5,No
3.9,56.2,49.9,No
13,,,No
13.5,83.7,60.2,Yes
8.5,74.1,83.3,Yes
16.9,94.4,74.1,Yes
,104.8,85.7,Yes
10.6,82.1,90.3,No
9.1,88.4,72.3,No
10.1,64.2,69.5,No
4.5,60.5,85.4,Yes
2.8,95.2,81.2,nan
18,57.5,81.1,No
5.8,88.9,72.1,No
5,109.4,80.6,No
-0.8,88.1,60.5,Yes
6.8,,56.5,Yes
3.4,48.2,59.9,No
18.2,78.3,99.1,No
15,95.2,49.3,No
6.6,71.4,79.1,No
21.3,95.4,94.7,No
14.9,82.3,71,Yes
8.4,80.8,60.2,Yes
-2.5,68.7,73.3,No
21.5,45.9,57.6,Yes
3.1,66.5,51.4,Yes
-1,66.3,85.2,nan
15.1,,84.2,Yes
22.2,74.7,60.2,No
16.9,96.7,57.7,Yes
12.8,80.6,68.2,No
13,64.9,63.6,No
14.3,58.7,52.7,No
13.8,62.9,42.1,No
11.4,78.2,43.1,No
10.5,67.5,47,Yes
9.7,53.5,49.4,Yes
6.2,95.1,68.2,Yes
8.6,78,52.9,No
1.5,80.5,53.3,Yes
9.5,58.5,46.2,No
5.1,54.2,46.5,nan
4.5,71.8,46.1,No
10.9,34.4,63.8,Yes
17,90.6,80.6,No
14.6,60.9,87.5,Yes
2.1,69.6,65.8,No
5.1,83.5,80.9,nan
14.7,70.5,53.3,No
5.1,51.6,,Yes
8.9,105.1,51.9,Yes
12.8,44.3,71.5,Yes
5.2,30.3,52.7,nan
10.5,92.5,53.9,No
3.3,45.8,64.2,No
7,100.1,,No
11.6,82.5,77.8,Yes
2,80.7,54.1,No
,63.6,49.2,nan
9.9,58.5,52.7,No
12.8,67.5,74.7,No
11.1,57.5,68.3,Yes
16.8,99.2,74.8,No
,60.1,57.3,No
7.9,85.1,70,No
10.6,,,No
12.7,57.4,84,No
10.2,82.5,88.7,nan
10.2,57.1,78.6,Yes
6.5,71.5,84,No
,65.8,64.7,No
3,150,54.5,Yes
18.7,78.2,,No
3.8,,63,No
6.5,,62,No
6.4,53.4,64.8,Yes
14.5,49.7,62.4,No
8.5,,58.1,No
16.2,67.5,63,Yes
6.6,82.1,77,Yes
,76.7,52,Yes
5.8,42.5,85.2,Yes
20.7,94.7,81.2,No
4.1,69.5,66.3,No
11.5,79.8,29.3,No
13.2,119,,No
12.1,100.7,66.7,Yes
9.1,79.2,75.2,No
9.4,,91.6,Yes
10.2,47.9,58.9,No
9.3,98.2,57.3,Yes
14.8,67,46.7,Yes
21.1,71.6,74,Yes
7.2,52.1,65.1,No
,83.9,57.8,No
9.6,97.8,65.3,Yes
22.9,105.5,63.6,Yes
6,66,79.5,No
18.2,87.9,58.6,Yes
,73.1,65,nan
7.2,92.6,77.7,Yes
12.8,74.9,61,No
18.1,58.5,53.9,No
8.1,101.4,45.8,Yes
,77,49.4,Yes
7.1,68,55.4,nan
4.9,78.6,79.4,No
6.8,60.3,53.9,Yes
3.9,,61.8,Yes
10.2,71.1,49.6,No
6.2,59.1,65.8,Yes
11.2,122.5,69.3,No
2.2,54.9,70.3,No
,150,,Yes
14.2,76.1,64.8,Yes
0,,69.4,No
11.9,68.3,56.5,Yes
16.1,48.1,97.6,No
4,116.3,77.7,No
18.4,69.6,78.3,Yes
12.1,71.3,81.3,No
6.5,113.9,,No
9.7,58.5,82.1,Yes
12.8,100.9,62.2,Yes
,86.9,99,Yes
12.7,35.4,200,No
5.4,67.6,60.9,Yes
10.8,83.7,91,Yes
2.9,75.7,62.4,Yes
9.4,75.8,74.9,Yes
5.5,62.9,57.9,No
6.3,60.7,71.7,Yes
16.2,68.8,59.6,No
15.5,114.2,82.5,No
13,56.8,,Yes
,65.4,38.7,No
8.4,75.6,,Yes
16.1,45.7,50.4,Yes
10.7,83.6,86.1,Yes
21.6,49.2,46.4,No
12,53.3,61,Yes
11,52.3,96.7,Yes
8.5,42.2,83.7,No
10.7,100.4,52.2,No
9.2,85.4,51.7,Yes
13.5,93.4,50.3,Yes
14.8,91.6,68.1,Yes
6.1,71.6,57.6,No
3.3,74.4,68.5,Yes
0.8,,69.6,No
12.5,107.8,65.7,No
4.5,49.8,67.2,No
-0.8,125.4,66.3,Yes
11.9,48.7,53.4,No
22.5,65.8,,Yes
10,76.5,65.8,nan
14.2,78.3,53.3,Yes
10.4,114.3,79.6,No
9.5,95.2,46.2,No
14.6,83.3,59.6,Yes
8.5,95.7,67.3,Yes
11.3,81.9,83.9,No
11.6,61.5,59.1,Yes
6.7,84.7,67.8,nan
15,76.4,74.3,Yes
9.1,58.1,76.4,No
6.2,100.3,70.5,Yes
12.7,73.9,92.1,Yes
5.5,52.6,59,nan
10.1,55.7,91,Yes
10,85.7,75.3,Yes
15.4,96,68.7,Yes
12.4,84.6,69.9,Yes
9.9,84.7,79.1,Yes
14.1,58.8,54.2,No
17,76.9,67.2,Yes
12.8,68.4,61.4,No
10.1,71.1,89,No
3.4,72.8,,Yes
4.7,61.8,95,Yes
8.5,90,58.3,Yes
7,54.8,44.2,Yes
9.1,49,51.9,No
10.3,59.3,52.3,Yes
12.6,,89.9,No
9.6,81.8,44.8,Yes
12.4,39.3,69.8,No
10.3,86.9,87,No
0.1,74,106.6,No
5.3,66.7,63.3,No
9.3,70.2,66.7,Yes
4,48.3,47.5,No
13,,59.3,No
17.7,49.6,,No
16.1,68,78.1,Yes
8.9,68,83.2,Yes
17.5,90.4,74.7,Yes
10.7,75.8,81,Yes
8.3,89.1,,No
6.9,51.1,58.1,Yes
8.5,72.8,76.1,No
8.1,85.6,54.6,Yes
10.9,99.8,34.5,Yes
10.8,52.2,69,Yes
10,58.2,66.9,Yes
12.2,85.1,63.9,No
16,107.2,,No
14.7,80.7,67.1,No
2.6,52.8,,Yes
-2.8,53.2,94.4,Yes
14.7,77.7,73,Yes
3.2,82.2,73.8,No
8.9,70.6,53.8,Yes
4.1,53.4,50.7,Yes
1,97,50.3,Yes
12.7,68,60.6,No
13.8,85.5,65.9,No
7.1,39.5,68.2,No
,99,52.7,Yes
7.3,61.3,31.4,No
12,101.9,58.7,Yes
2.6,150,79.1,No
10.9,46.4,59.4,Yes
,79.9,63.9,Yes
12.9,108.1,41.1,No
10.6,63,66.9,No
,108.2,71.1,No
16,82.7,,Yes
9.2,101.8,79.5,Yes
9.9,78.2,83,Yes
5.3,72.5,96.7,Yes
7.8,111.7,51.1,Yes
5.6,89.4,69.3,No
9.1,70.3,47.2,No
18.6,83.5,74.1,Yes
3.1,63.7,72.3,Yes
1.9,,36.1,No
17.4,98.9,69.1,Yes
9,71.8,62,No
6.7,57.5,47.2,Yes
15.2,55.7,60.6,No
7,76.5,95.9,No
19.1,58.8,73.6,Yes
13.4,46.3,52.6,No
7.6,51,60,Yes
20.8,98.5,36,nan
7,72.2,48.8,nan
13.7,76.2,90.3,No
11.5,55.7,78.8,Yes
16.5,63.4,71.8,Yes
17.8,62.7,70.9,No
10.2,69.5,86.3,Yes
6.2,41.8,69.8,Yes
-1,96.8,60.8,No
6.6,74.7,,No
20.1,79,61.1,No
10.7,,60.9,No
,,90.4,Yes
10.9,63.5,49.1,No
3.3,87.1,57.4,Yes
5.1,86.9,37.6,Yes
16,81.3,80.2,No
6.7,96.2,70.1,No
4.8,91,91.1,nan
12.7,89.5,55.4,nan
15.9,102.3,53.1,Yes
13.6,75.6,47.5,No
15,76.2,71.8,No
6.2,91.4,,No
2.9,71.4,69.5,No
17.5,84.6,58.6,Yes
8.4,63.8,86.6,No
,29.4,84,No
16.6,87,66.3,No
12.8,44,80.8,Yes
12.3,61,63,No
20.8,91.4,64.3,Yes
6.8,91.6,32.5,No
14.6,98.5,72.6,nan
10.3,34.6,65.3,Yes
11.3,80.9,78.2,Yes
17.6,69.8,75.7,Yes
12.5,94.8,53.8,No
12.7,104.5,62.1,Yes
15.4,48.8,,No
8.2,75.3,80.7,Yes
5.8,91.7,88.6,Yes
4.8,68.2,77,No
0.2,109.9,94.8,nan
20.3,67,72.9,Yes
4.5,69,50.4,Yes
8.9,53.5,44.2,nan
8.6,78.1,51.2,Yes
11.5,14.6,58.2,No
14.1,70,54.8,No
14.3,100.4,,Yes
,47.1,62.3,Yes
9.2,42.6,66.1,Yes
11.4,97.3,101.6,Yes
8.8,100,78.1,No
18,47.9,69,No
12.5,109.7,80.9,Yes
13.7,83.6,52.9,Yes
13.3,96,52.3,No
15.9,59.2,78.7,Yes
10.9,104.8,65,nan
3.5,69.6,66.8,nan
12,68.8,47.9,Yes
6.7,84.6,57.9,nan
7.4,67.2,58.9,No
12.9,44.6,57.8,Yes
16.2,77.6,97.2,No
10.1,68.6,96.8,No
11.5,59.6,,No
18.5,99.8,,No
11.2,122.8,56.2,Yes
23,56.6,49.5,No
12.8,78.9,,No
1.2,67,84.1,No
13.8,120.8,76.7,No
11.9,84.8,66.5,No
16.4,93.5,75,No
13.4,98.6,64.7,Yes
9.3,77.6,60.8,nan
3.9,71.3,49.8,Yes
9,105.4,60.1,Yes
5.7,90.6,69.6,No
7.1,58.1,58.7,No
12.9,60.5,47.9,nan
18.3,67.2,66.7,Yes
12,98.2,69.6,No
4,104.5,59.5,Yes
12.2,118,64.7,Yes
16,60.8,27,No
7,77.8,76.1,No
9.3,67,69.3,Yes
10.1,71.4,86.2,Yes
6.1,93.6,61.8,No
13.2,74.1,,Yes
9.4,101.3,82.7,Yes
12.1,64.7,65.4,No
5.6,89.8,70.2,Yes
7.8,66.1,67.1,Yes
13.6,38.3,41,Yes
8.1,54.6,70.8,Yes
18.6,77.5,50.9,Yes
8,113.4,52.1,No
11.1,65.8,,Yes
14.7,71.6,84.4,No
2.9,84.8,76.7,Yes
1.2,63,73.7,No
2.4,65.3,70.1,Yes
16.3,76.4,78,Yes
7.2,66.3,90.3,No
22.8,39.3,56.3,nan
7.2,62,56.8,Yes
10.9,87.3,76,No
17.7,87.9,39.4,No
20,101.7,63.5,No
20.3,100.1,68.9,Yes
16,57,56.9,Yes
15.1,60.1,36.2,No
13,61,,Yes
13.9,72,56,No
7.2,62.5,56.7,Yes
,71.5,84.9,No
10,57.6,20.7,No
9.1,90.7,87.7,No
7.7,56,98.4,Yes
13.5,55,51.7,No
14.8,85.4,57.7,No
10.4,89.4,72.3,No
17.4,70.5,68.8,Yes
4.3,92.4,79.8,Yes
9,90.9,72.5,Yes
6.4,113,,Yes
0.7,89.7,116.6,Yes
,109.1,41.1,Yes
9.4,76.2,85.1,Yes
17.6,103,87.2,Yes
13.2,103.4,48.5,Yes
4.9,72.1,53,Yes
19.3,61.2,72.5,No
16.1,64.7,46.3,No
12.9,83.3,55.8,No
8.9,52,68.6,No
5.2,65.9,,No
8.1,98.9,,No
15.4,88.3,52,Yes
19.4,27.9,50.9,Yes
17.7,48.3,72.1,No
7.6,118.2,63.5,Yes
4.4,98.6,66.9,Yes
10.7,63.3,75.6,nan
1.2,45.2,67.8,Yes
11.6,50,60,No
9.3,85.2,,Yes
7.7,114.5,71.7,No
,113.3,94.9,No
12.6,43.5,78.2,No
7.3,69.1,42.4,No
4.2,57.9,34.6,No
-4.4,77.7,54,No
9.9,48.4,,Yes
18.9,64.1,45.7,Yes
18.3,57.7,29.4,No
7.7,85.5,68.5,Yes
,64.7,47.6,No
12.3,67.6,47.5,Yes
5,85.2,55,No
11.5,107.9,55.4,No
-1,117.3,61.1,No
16.1,84.1,44,No
9.5,73.2,79.8,Yes
9,,69.2,No
5.6,98.3,71.2,No
5.9,92.6,58.4,No
8.9,43.4,81.1,Yes
11.8,99.2,72.3,No
14.6,82.2,67.9,No
,57.1,80,No
17.5,61.6,39.9,Yes
8.6,86.6,67.9,No
9.9,24.8,55,No
6.3,72.5,54.1,nan
-2.1,61.9,,No
,59.9,85.6,Yes
13.7,65.9,84.1,No
8.6,45.4,65.1,No
10.3,96,60.1,Yes
12.6,32.4,83.6,No
2.2,78.4,50.3,Yes
7.4,58,90.5,Yes
14,114.7,59.2,Yes
3.7,75.5,64.3,No
11.5,32.5,57,No
3.2,85.9,65.5,Yes
12.3,53.1,51.3,No
9.8,94.7,59.4,No
1.9,87.4,67.3,Yes
15.8,104.5,63.4,Yes
,78.7,27.7,Yes
5.9,91.4,102.1,Yes
11,75.9,88.7,Yes
15.7,63.2,47.5,No
4.9,96.3,55.7,No
10.3,50.4,,Yes
12.1,74.3,75,No
13.5,63.6,72.1,nan
10.9,91.8,48.5,No
8.2,56.1,100.1,No
5.9,66.8,59.1,Yes
10.4,75.9,92.1,Yes
4.6,104.8,55.9,No
-4.6,,80.9,No
12.2,67,70.6,No
14.5,48,52.2,No
-1.8,55.3,73.8,No
5,83.3,67.7,Yes
13.1,75.6,78.8,No
20.3,76,53.4,Yes
10.1,109.8,63.7,No
6.4,41.6,77.1,Yes
9.1,121.4,37.6,No
16.9,,47.7,Yes
6.8,68.5,65.6,No
6,82.8,67.7,Yes
7.6,61.3,63.6,No
5.2,81.4,77,No
10.6,118,63.5,No
18.1,62.1,80.3,No
11.6,70.4,69.9,Yes
8.7,59.9,48.2,Yes
8.5,63.1,67.4,Yes
2.2,66.9,63.8,No
14.4,53.1,54.9,Yes
9.6,69.7,42.2,No
9.1,76.1,47.3,No
26,66.9,52.3,No
11.5,29,80.9,Yes
6.2,71.9,60.1,No
7.9,74.1,83.3,No
15.7,113,49.7,Yes
10.6,75.5,54.4,nan
2.8,93.7,56.6,Yes
14.6,66.5,60.6,No
6.7,101,68.6,No
19.4,56.1,74.4,No
15.4,85.1,83.8,Yes
7.8,91.8,32,Yes
16.4,88.9,95.4,No
10.3,118.3,49.1,Yes
14.3,63.3,66.5,Yes
12.4,103.3,79.4,No
5.8,98.1,,No
6.8,76,81.8,Yes
15.1,111.8,80.3,nan
8.3,72.1,71.3,nan
8,75.4,76.3,No
5.2,74.9,46.4,No
12.1,49.5,54.3,Yes
20.3,90.2,50.4,No
4.7,87.1,29.4,No
10.1,72.9,50.9,nan
17.1,,49.5,No
9.6,66.3,,No
,40.4,75,No
4.7,113,53.5,No
12.1,95.2,77.7,Yes
9.1,,41.5,No
14.9,68.2,55.2,Yes
15.9,81.8,59.1,No
22.9,49.8,82.8,Yes
12.9,70.5,65.9,No
11.6,56.9,69.4,No
11,80.2,48.5,No
8.2,93.5,77.8,Yes
11.7,54,64.1,No
8.5,89.5,38.7,No
10.8,79,75.5,No
16.6,88.7,69.4,No
5,70.2,59.8,No
15.7,89.1,59.8,Yes
16.6,61.1,48.9,Yes
9.4,41.4,82.4,Yes
-0.6,45.9,75.9,No
7,64.9,49.1,No
16.5,42.7,65.8,Yes
9.9,106,54.4,Yes
5,73.3,45.9,Yes
7.5,93.4,88.3,No
14.2,90.7,59.7,Yes
12.7,75.1,52.4,No
,145.7,47.1,No
8.2,133.6,61.4,No
8,102.8,33.2,No
5.4,56.9,62.7,Yes
18.1,103.7,83.2,Yes
,40,78.9,No
16.1,102.9,72.2,Yes
17.6,23.9,101.1,No
15,68.6,68.8,Yes
7.8,99.2,51.3,Yes
12,82.7,77.5,Yes
9.9,45.4,67,No
5.5,78.4,65.6,No
11.6,,69.4,No
4.1,79.1,59.1,No
15.9,66.9,93,Yes
7.7,92.1,40.6,Yes
11,97.9,77.2,No
11.4,71.9,67,No
8.7,105.4,,Yes
12.9,71.9,59.3,No
7.6,65.2,87.7,No
14.4,,78.3,Yes
3.3,101.4,53.4,Yes
10.6,62.6,81.8,Yes
,,69.5,Yes
,110.3,56.2,No
6.6,72.9,39.6,Yes
12.6,75.1,76.5,No
10.9,70,54.1,Yes
11.8,101.4,72.9,No
12.4,117.9,86.9,No
13.2,,52.8,No
15.5,123.4,85.2,No
12,63.9,47.8,Yes
,69.3,87.2,Yes
13.4,88.5,92.3,No
19.5,58.7,78.5,No
9.3,88.2,71.6,No
5.1,64.6,78.4,Yes
15.5,44.1,59.9,No
9.4,40.1,45.1,Yes
-0.9,68.5,53.9,Yes
14.2,83.4,99.3,Yes
7.3,47.8,47.5,No
9.5,78.6,79.4,Yes
11.7,78.6,63.3,No
11,71.6,59.6,Yes
13.5,56.5,90.3,Yes
7.8,79.8,66.4,No
12.6,72.2,79,Yes
8.7,94.6,101,No
13.7,49.1,61.9,No
13.1,77.3,72.1,Yes
5.3,49.6,75.6,Yes
15.4,70.3,,No
7.3,53.1,72.4,No
14,56.7,81.9,No
11.8,74.9,76.7,Yes
19.2,63.7,66.8,No
8.9,104.3,21.7,Yes
,98.6,43.3,Yes
9.9,91.1,92.5,No
8.5,90.7,50.7,No
14,77.6,82.5,nan
1.9,101.1,46.6,Yes
4.7,69.1,50.5,No
4.7,,75.2,No
14.8,56.2,88.3,Yes
18.6,52.4,74.8,Yes
9.5,47.1,,No
9.2,50.6,44.6,No
10.4,42.4,33.1,No
15.8,79.3,58.5,Yes
,92.1,67.3,No
11.2,75.7,64.2,nan
14.9,47.3,98.2,No
12.5,65.6,41.9,Yes
10.9,91.8,60.4,Yes
15,68.2,90.1,Yes
-3.5,59,74.8,No
13.4,44.7,48.6,Yes
6.7,66.5,31.8,No
0.8,60.9,59.1,No
12.6,73.3,49.8,Yes
16.9,84.5,58.3,Yes
9.3,69.4,99.3,No
14.8,78.7,49.8,No
18.1,84.4,55.3,No
16.6,50.4,78.7,Yes
18.2,112.7,69.4,No
13.7,60.2,87.5,Yes
10.4,85.3,77.3,Yes
2,,54.6,Yes
8.8,77.2,72.7,No
5.8,77.9,66.7,nan
20.9,108.2,38.6,No
9.1,70.3,97.4,No
,101,49.1,Yes
12.8,80.8,63.4,No
10.2,112,57.9,No
18.5,39.4,66.8,No
6.9,84.6,67.9,No
11,21.5,73.7,Yes
6.3,73.8,57.9,No
3.4,95.4,81.2,No
6.9,103.9,54.8,No
9.8,89.8,57,No
7.9,69.2,39.2,Yes
6.5,,68.4,No
3,125.3,87.8,Yes
9.6,76.5,61.3,No
2.5,94.2,91.5,No
13.8,66.4,48.6,Yes
10.4,96.4,44.6,No
2.7,93.1,,No
8.5,62.8,62.5,No
6.2,90.5,50.4,No
11.6,91.5,68.9,nan
,89.8,70,No
0.6,74.2,79.2,Yes
10.6,99.6,60,Yes
9.2,56.3,44.7,No
13.4,,60.9,Yes
11.1,77.2,64.7,Yes
6.2,98.4,81.9,Yes
8.4,55.7,42.4,No
6,79.8,59.4,Yes
,65.2,,Yes
10.1,77.2,88.2,No
19.5,82.8,55,Yes
9.7,49.4,52.8,No
6.5,100.3,75,No
2.4,83.6,30.8,Yes
1,57.8,56.5,No
2.1,68.2,73.9,Yes
11.3,104.9,70.3,Yes
12.5,83.3,68,No
2.1,55.7,40.4,Yes
14.5,59.3,45.9,Yes
7.6,87.5,85.1,No
10.7,89.9,63.6,Yes
18.1,82.3,61.7,No
14.5,69.2,53.2,nan
8.7,91.2,65.3,No
5.5,68.8,57.7,Yes
-0.8,57.9,77.9,No
6.4,106.7,49.2,No
8.9,84.8,,Yes
5.1,59.3,89.7,nan
9.3,77.7,74.3,No
10.4,75.5,46.5,No
8.9,68,77.3,No
6.7,79.7,57.7,No
10.8,56.4,57.2,Yes
12.2,92.5,67,Yes
4.5,74.9,61.3,No
17.1,42.8,58,Yes
9.5,70.4,75.3,Yes
10.1,62.7,66.7,Yes
13.5,15.2,36.3,Yes
11.2,71.9,,Yes
14.8,95.7,83,No
11.4,72.8,74,No
6.9,89.2,74.9,No
11.8,75.2,61.7,No
4.3,65.9,47.1,No
10.5,60.4,67.7,Yes
9.8,49.3,88.2,No
9,93.5,,Yes
9.4,89.6,89.9,Yes
0.6,,90.6,Yes
7.3,34.5,64.5,No
10.5,84.4,58,Yes
10.8,56.9,,Yes
4.9,77.9,63.1,No
16.3,,50.4,Yes
5.7,76.8,73.4,No
14.8,72.4,79.4,No
12.1,26.8,37.2,Yes
6.8,107.4,91.8,No
18.9,68.5,,No
4,69.8,60.6,Yes
14.6,85.7,69.6,No
,74,52.4,No
6.6,82.3,,Yes
,52.1,52.5,Yes
8.7,72.2,65,nan
11.4,36.8,56.3,No
11.3,70.2,70.7,No
9.3,103.9,45.3,Yes
14.1,44.9,71.7,Yes
14,68,48.1,Yes
1.3,32.5,80.2,Yes
16.5,75.2,77.2,No
1.7,84.3,32.9,No
15.2,82.7,77.6,Yes
15.6,63,25.8,No
4.5,32.1,47.4,No
7.9,50.2,80.5,No
4.5,100.1,56.9,No
8.9,92.6,88.4,No
8.5,73.2,75.6,Yes
13.9,78.2,58.6,nan
16.6,54.4,56.4,Yes
17,100.8,87.5,nan
7.2,60.6,57.8,No
9,83.7,37.1,Yes
1.6,48.4,51.1,No
6,71.4,66.8,Yes
14.8,100,53.2,Yes
18.1,56.1,100.9,Yes
3.8,90,55.3,Yes
7,53.4,55.6,Yes
,57,50.2,Yes
11.4,74.8,78.2,No
6,94.4,60.8,Yes
12.1,69,77.2,No
7.6,87.4,82.3,No
9.9,97.9,70.5,No
12.7,59.6,69.6,Yes
10,44.5,,Yes
7.8,67.9,200,No
9.5,100.5,42.6,Yes
9.6,58.7,66.1,Yes
8.1,95.3,99.6,No
8.7,69.7,56.5,Yes
18,,80.4,Yes
12.8,119.9,72.9,No
8.5,95.6,65.5,nan
13.5,42.1,61.4,No
8.3,26.9,58.5,No
15.9,76.2,58.3,No
11.8,93.1,74.1,Yes
9.5,85,77.9,No
12.2,60.5,58.6,No
2.1,45.3,58.4,No
4.4,93.6,56.3,No
4,112.2,80,No
10.7,61.6,78.2,No
18.7,91.5,87.1,Yes
21.2,127.1,52.8,Yes
13.2,71.2,55.7,No
12.5,71.6,89.8,Yes
1,86.2,84.9,No
7.3,69.3,50.1,Yes
6.1,101.8,51.6,Yes
6.9,66.9,68.8,No
9.2,74.4,83.6,Yes
7.6,46.2,51.4,No
0.1,70.3,66.3,No
13.7,54.8,81.3,Yes
4.6,81.9,62,Yes
11.2,41.7,63.9,Yes
20.4,94.6,86.3,Yes
5.4,57.6,58.7,No
-2.7,110.7,84,Yes
8.6,102.4,62.8,No
15.5,85.7,48.7,No
19.8,44.2,73.4,No
3.9,62.4,55.8,No
12.5,57.1,47.4,Yes
7.7,59.6,94.5,No
9.5,106.5,71.3,No
23.2,71.9,60.2,No
2.5,61.8,60.5,Yes
11.3,60,88,No
12.3,64.4,89.1,No
15.4,85.7,56.8,No
10.5,42.5,69,No
11.5,77,59.5,No
8,83.5,76.5,Yes
11.3,40.3,59.7,Yes
8.3,46.6,36,No
,,49.5,No
8.2,103.8,80.6,nan
11.9,,54.2,No
9.9,62.8,76.8,Yes
15.6,103.2,70.6,No
9.7,68.6,54.3,No
1.1,68.4,62.7,No
16.3,76.9,55.6,No
5.5,91.8,59.3,Yes
6.7,62.8,38.2,No
7,67,63.3,No
16.9,50,56.3,Yes
-0.7,82,66.1,Yes
25.7,93.7,72.9,Yes
15.3,94.9,74.3,Yes
11.1,47.7,,No
9.7,,55.3,Yes
11.4,99.9,62.7,No
12.6,79.6,81.4,No
,75.7,57.3,Yes
12.8,75.2,54.7,Yes
10.4,85.8,48.5,No
9,80.7,72.6,Yes
9.2,63.5,60.6,No
9,92.6,49.9,Yes
15.7,,53,Yes
13,101.4,75,No
-4.7,57.1,67.2,No
13.3,86,55,No
11,71.7,73.6,Yes
9.9,65.5,80.5,No
8.1,102.2,,No
15.6,89.9,68.1,Yes
14.7,73.8,90.2,Yes
6.1,109.9,84.9,Yes
12,94.6,65.9,Yes
5.1,58.9,80.1,Yes
3.1,29.8,74.8,Yes
6.9,77.1,57,Yes
14.3,102.7,89,No
14.8,87.2,90.3,Yes
12.6,106.5,83,No
13.6,63,74.5,Yes
12.6,,79.2,No
6.8,73.1,,Yes
12.2,79.8,81.4,Yes
14,90.3,45.7,No
13.8,107.6,60.1,Yes
15.9,111.9,27.4,Yes
13.5,108.3,71,Yes
11.8,88.4,80.4,Yes
15.4,68.2,89.7,Yes
9.9,79.5,61.8,Yes
5.6,88.1,68.5,No
9.2,77.7,64.8,No
6.3,56.7,92.1,Yes
6.6,65.8,70,No
9.3,92.4,92.8,Yes
6,70.1,83.7,No
,75.5,76.3,No
0.5,73.4,56.6,Yes
11.1,57.2,48.7,Yes
10,71.6,66.3,Yes
5.9,65.8,,No
13.3,61.2,47.5,Yes
14.7,53.8,81.2,No
2,73,67.8,Yes
6.2,87.4,73.8,Yes
,97.4,90.5,No
5.3,47.1,53.4,Yes
14.1,107.1,33.8,nan
9,80.9,56.2,Yes
8.7,52.5,90.9,Yes
0,66.9,65.1,No
13.2,37.5,62.2,Yes
3.8,42.6,57.2,No
10.3,109.4,64.9,Yes
11.4,61,56.4,No
16.8,85.7,,No
3.5,72.8,,Yes
-5.1,75.4,103.9,No
10.9,82.4,52.4,No
19,33.3,57,No
16.2,,56.6,No
11,73,88.9,No
7.5,64.9,76.4,No
14,84.4,61.1,Yes
5.1,,57.5,Yes
12.4,79.2,88.4,No
12.5,71.7,,No
,89.2,,Yes
23.8,70.7,32.6,Yes
12,54.4,76.9,Yes
7.5,82.2,64.9,No
9.9,69.6,66.6,Yes
1.2,,66.5,No
6.5,79,79.1,No
8,,31.5,No
7.4,81.9,47.1,Yes
10.8,,94.4,Yes
5.9,50.9,46.6,Yes
15.6,98.6,53.6,No
10,91.9,83.8,Yes
10,74.9,65.8,No
8.4,83.8,65.9,Yes
10.8,91.2,88.9,No
14.1,74.8,56.4,Yes
5.7,50.8,,No
6.7,81,76.4,No
8.5,95,67.4,Yes
3.3,86.9,80.4,No
5.9,76.2,55.3,Yes
7.6,86.3,68,No
14.4,70.5,63.9,No
11.3,95.9,59.1,No
11,101.9,45.8,No
,49.1,58.7,Yes
9.3,97.3,56.9,No
12,119.7,83.8,Yes
9.5,85.5,73.5,Yes
11.3,94.7,71.7,No
7.1,62.1,62.3,Yes
-2.2,64.9,51.6,Yes
9.3,70.8,,No
,67,86.3,Yes
14.6,48.8,52.1,No
14.8,71.5,71.8,nan
16.2,91.7,58.2,Yes
10.4,49,,Yes
11,78.6,62.7,No
6.9,78,71.7,Yes
8.4,69,62.7,Yes
13.1,84.9,57.5,Yes
16,83.1,41.3,Yes
9.3,67.6,68.3,Yes
7.7,96.2,74.2,nan
10,86.2,65.9,Yes
13,106.5,,No
2.8,73.7,87.3,Yes
-1.5,68.6,89.3,Yes
,70.8,81.1,Yes
3.9,,70,nan
7.5,72,66.5,No
9.3,73.2,49.2,No
7.7,114.2,36.4,No
17.3,48.1,85.6,Yes
11.6,82.1,66.7,No
,73.8,115.9,No
13.1,70,56.2,No
4.3,55.9,71.4,No
15.2,61.7,80.3,No
9.6,66.8,55.2,Yes
13.4,84.9,61,No
4.6,92,62.1,Yes
2.2,39.4,58.9,No
14.1,51,71,Yes
11.9,86,65.8,Yes
5.5,87.6,34.5,Yes
5.7,45.7,66.7,No
15.6,92.5,70.6,No
4.1,74.7,64.4,Yes
18.2,89.9,89.7,No
5.5,58,70.2,No
13.2,47.2,65.4,Yes
8.4,68.8,78.6,Yes
13,69.7,99,No
7.3,68.6,62.9,Yes
9.2,67.2,80.8,No
10.2,108.9,92.6,No
5,41,61.5,No
13.7,58.1,47.4,Yes
7.4,66.6,71.6,No
,75.5,85.2,Yes
5,89.2,60.7,Yes
-2.8,92.3,81.4,No
9,96.5,52.1,Yes
22.1,84.6,61.3,No
13.9,40.4,63.6,No
9.9,41.7,62.9,Yes
8.7,97.9,52.1,No
10.1,96.7,60,No
12.7,87.7,35.5,No
4.1,58.6,75.4,No
15.6,68.5,65.5,Yes
13.6,67,82.2,No
13.6,54.5,63.7,No
12.2,80.2,38,No
10.1,118.1,69.8,No
13.4,65.1,,No
13,100.9,,Yes
8.2,57.3,61.8,Yes
7.1,44.3,95.2,Yes
10.5,94.7,51.6,Yes
17.7,70.6,,No
3.8,100.4,74,No
2.7,104.4,60,No
10.8,69.4,45,No
10.3,101.9,62,Yes
10.9,57.5,37.7,nan
11.2,57.2,54.5,No
8.9,96.4,62.3,Yes
17.4,44,80,No
2,75,69.2,No
5.9,100,58.9,Yes
9.5,101.3,58,Yes
1.8,66.3,56.7,Yes
9.1,95.2,78.8,Yes
18.3,52.5,,Yes
,61.7,,Yes
11.2,79.6,42.7,Yes
,,73.8,No
6.9,54,87.7,No
8.1,112.2,73.6,Yes
8.4,37.5,74.7,No
16.4,76.1,57.1,Yes
12.8,78.9,72.3,Yes
4.4,40.1,53.7,No
11.2,101.5,56.4,No
12.5,60.2,64.4,No
15.7,77,65.6,Yes
17.9,81.6,91.9,No
4.9,45.9,78,No
5.9,,66.7,No
3.7,106.3,90.6,No
8.8,,101,Yes
12.3,21.1,65.3,Yes
14.9,69,70.7,Yes
,74.3,46.4,No
8.4,,67.5,Yes
10.8,,54.8,nan
5.8,74.4,36.7,No
20.4,58.3,79.8,Yes
2,79.4,66.6,Yes
10.9,85.1,52,No
20.1,83,37.6,Yes
10,103.1,55.9,No
9,118.8,54.9,No
8.2,52.3,63.3,Yes
9.1,67.4,38.9,Yes
16.9,89.9,71.4,Yes
-1.1,72.5,74.6,Yes
17.7,20.5,45.5,No
,71.1,39.6,Yes
8.7,99.7,80.2,Yes
7.9,47.1,62.8,Yes
12.9,79.4,74.6,No
2,36.9,66.7,No
12.3,92.4,63.7,No
20.1,,80.5,No
3.2,63.6,77.6,No
10.9,66.6,70.8,Yes
6.7,45,,Yes
12.1,95.2,58.5,Yes
10.1,59,73.3,No
6.8,85,88.3,Yes
12.4,55.8,80.4,nan
19,119,36.9,No
9,106.2,71.8,Yes
13.6,116.5,73,Yes
3.5,,82,No
5.2,62.3,83.6,No
12.4,57.3,72.4,Yes
17.4,115.5,46.4,No
11.8,72.2,63.3,Yes
8.4,91.7,53.1,No
,62.6,47.5,No
,62.9,86,Yes
13,91.6,58,No
14.4,35.6,94.8,Yes
7.7,,59.2,No
7.6,,54.3,Yes
11.3,64.4,74,Yes
7.8,75.5,63.8,No
9.7,78.6,69.2,Yes
,79.7,56.9,Yes
8.8,88.8,56.9,No
8.2,58.7,57.7,Yes
6.8,129,49.4,No
13.7,70.9,79.5,Yes
9.1,72.4,68.1,No
6.8,113.9,67.3,Yes
16.6,,75,No
17.1,113.7,70.4,Yes
7,76.9,99,Yes
0.7,64.4,71.4,No
15,52.6,34.2,Yes
6.6,49.6,57.6,Yes
14,,51,Yes
0.1,80.6,72,Yes
14.5,87.4,58.8,Yes
3.9,80.3,72.5,Yes
13.7,64.8,54.7,No
10.1,101.8,67.9,Yes
5.2,128.5,57.1,No
8,104.9,59.9,Yes
13.4,67.8,68.4,No
10.5,85,71.8,Yes
12.9,86.3,86.4,nan
19.9,107.1,82,Yes
2.2,68.2,79.1,nan
18.1,55.7,71.5,nan
10.5,97.7,57.7,Yes
5.5,83.1,74.3,No
3.3,52.8,82.9,No
9.1,89.1,,nan
14.6,111.8,65.2,Yes
9.4,61.1,59.8,No
17.6,57.2,76.9,Yes
2.7,75.6,28.5,nan
9.9,88.6,89,Yes
3.7,73.5,83.4,Yes
11.8,97.7,60.8,nan
14.4,80.2,60,No
,95.2,96.1,Yes
-3,60.6,49.5,Yes
11,50.4,61.1,Yes
12.2,68.2,91.3,Yes
12,48.1,48.9,Yes
16.2,83.2,67.4,No
4.6,34.7,61.4,Yes
13.4,,95.9,Yes
16,,56.9,Yes
1.1,54.1,44.6,Yes
11.6,68.9,68.6,No
,75.1,56.9,No
9.6,100.4,74,Yes
11.7,54.2,71.5,Yes
7.6,82.1,47.5,Yes
6.6,86.1,92.6,No
10.2,74.6,55.8,No
4.6,65,57.4,No
4.6,52.2,73.7,Yes
13.4,113,89.5,Yes
4.3,76.5,45.7,No
13.3,68.7,58.1,No
12.3,117.4,79.4,Yes
1.4,79.4,56.4,Yes
6.6,125.9,67.4,Yes
16,,58.8,No
5.1,70.3,72.4,No
7.7,47.6,46.3,Yes
12.3,72.6,69.7,No
13.9,72.5,72.3,No
8.7,65.8,75.2,No
7,76.1,57.1,Yes
17.1,66.8,86.7,Yes
18.7,72.8,33.5,Yes
14.9,59.9,55.1,No
10.4,103.9,101.7,Yes
6,52.8,65.4,Yes
5.8,150,81.9,No
12.6,51.1,67.8,No
12.1,58.3,91.1,Yes
17,60.4,62.1,No
13.3,72.4,68.4,No
2.5,78.5,78.1,nan
15.3,52.9,88,No
5,,,No
8.1,55.2,72.8,Yes
11.3,54.3,52.2,No
20,97.7,64.2,Yes
25.5,47.2,57,No
13,76.5,31.4,Yes
,109,80.9,Yes
12.7,99.1,,No
14.4,83.5,64,Yes
8.4,74.7,63.4,No
19,89.7,53.1,Yes
11.2,82.4,74.6,No
12.5,103.5,59.5,Yes
13.3,72.3,54.3,Yes
12.1,95,43.2,nan
14.2,68.5,51.1,Yes
6.9,112.9,71.3,No
7.2,71.8,35,No
4.5,42.6,,No
-1,76.6,62.7,Yes
13.9,90.3,52,No
12.3,107.6,73.9,No
18.4,55.1,58.7,Yes
10,40.1,78.4,Yes
13.3,84.9,49.1,No
4.5,84.3,50.1,Yes
8.1,46.8,73.9,No
13.5,68.4,83,Yes
14.2,69.3,67.9,No
8.5,91.5,68.5,No
9.6,66.7,52.5,No
,66.3,57.3,No
8.2,77.3,55.1,No
14.5,47.4,84.4,No
12.9,113,,nan
12.5,93.7,72.8,No
10.2,61,95.2,No
,52.6,74.3,Yes
6.7,54.2,82.7,Yes
13.5,86.7,,Yes
12.1,54.8,62.6,Yes
12.5,70,,No
7.4,41.2,51,Yes
-0.8,85.8,58.4,Yes
15.5,86.6,69.9,No
7.6,71.3,56,No
5.7,78.9,73.3,No
13.5,90.9,53.9,Yes
8,78.3,53.2,Yes
15.3,90.6,65.2,No
13.1,51.6,34.4,No
,82.6,81.2,Yes
3.2,,75.6,No
16.1,99,77.2,No
11.3,75.6,76.2,Yes
,73.1,63.3,Yes
10.7,63.9,68.7,No
1.1,104.8,70.8,Yes
12,27.9,43.2,Yes
4.9,,68,No
3.2,74.6,59.3,Yes
2.4,71.3,92.7,Yes
15.6,68.4,62.1,No
6.9,,63.1,No
17.7,,46.7,nan
7.3,59.1,59.1,No
1.5,,33.3,Yes
4.4,82,92.9,Yes
16.2,55.9,73.8,No
9.2,,59.5,No
7.3,82.2,72.6,No
10.8,59,50.6,Yes
12.5,51.2,62.3,Yes
15.6,58.8,48.4,No
17.2,77.7,42,No
8.2,73.5,76.5,No
3.4,102.9,63.4,Yes
7.9,67.7,39.1,No
,57.2,52.6,Yes
5.2,88.1,84.6,Yes
5.2,55.4,54.1,No
,59.2,74.3,nan
9.8,59.4,54,No
10.2,15.1,68.7,No
6.2,86.3,72.9,Yes
8.8,93.8,200,No
5.4,93.3,63,Yes
14.5,112.7,69.6,No
15.2,105.1,56.5,nan
0.8,68.3,61.9,Yes
5.4,97.2,50.8,Yes
2.5,73,66.6,No
6.7,66.5,81.1,Yes
9.6,59.9,47.5,Yes
2.8,69.6,54.4,No
5.4,81.6,34.3,No
5,,72.7,Yes
11,89.6,41,Yes
10.3,59.6,72.5,No
6.4,54.1,73.6,No
10.9,86.4,78.6,No
7.3,93,70.5,No
,99.5,42.4,Yes
18.4,69.6,63,No
16.7,84.4,67.9,No
3.5,92.1,,No
14.1,48,73.6,Yes
14.1,80.6,58.6,nan
4.3,93.1,63.4,No
14.1,85.2,63.5,Yes
17.7,73.4,46,No
4.4,127.2,50.5,Yes
5.4,113.6,63.9,No
15.1,75.2,52.4,No
11.4,71.2,43.1,No
12.8,89,42.2,No
11.7,73.8,75.4,No
12,100.4,70.3,No
3.4,49.7,67.2,Yes
15.2,70.2,60.1,No
15.8,88.7,,Yes
8.9,95.1,34.8,Yes
9.8,45.4,,Yes
2.3,55.9,58.9,Yes
12.6,41.5,74.3,Yes
12.9,57.5,,Yes
9.7,49.5,89.7,Yes
15.6,85.8,67.8,No
8.3,79.6,63.2,Yes
12.8,71.9,49.7,Yes
4.9,75.5,67.5,Yes
9.9,98.9,74.2,No
9.1,54.2,31.4,No
11.1,36.4,63,Yes
,89.2,63.2,No
9.3,67.2,71.8,No
,54.6,39.8,Yes
7.8,86.1,77,Yes
2,35.6,76.1,No
,,76.6,Yes
16.9,27.2,55.1,Yes
3.5,80.2,,Yes
13.4,106.5,52.8,Yes
7.5,63.5,33.3,No
11.3,59.2,69.7,Yes
11.5,110.7,,Yes
8.8,87.5,83.3,Yes
6.1,122.6,49.5,Yes
6.5,78.2,59.8,nan
5.4,79.5,58.5,No
,103.9,77,No
9.7,72,48.7,No
6.4,79.9,84.1,Yes
13.4,26.6,54,No
17.4,109.8,58.4,No
7.1,82.8,65.6,Yes
,72.9,,No
12.5,93.1,70.9,No
12.4,51.4,68.9,Yes
10.4,64,55.7,No
13.7,86.1,69.3,No
,75.9,69.7,Yes
3.8,83.9,73.6,No
14.3,80,81.5,No
14.4,87.6,71.3,Yes
6.2,48.6,72.3,No
10.2,100.6,48.5,Yes
13.4,65.3,42,No
9,76.2,56.7,No
15.4,63,69.9,No
21.8,69.3,71.2,Yes
,79.6,27.1,Yes
3.1,89.7,,Yes
11.5,93,81.9,No
13.6,83.7,98.9,Yes
8.8,63.1,86.6,No
17.3,82.4,57.2,Yes
3.3,79.8,56.3,Yes
13.5,76.2,72.4,No
7,85.7,77.1,No
18.6,49.5,81.9,Yes
20,34.5,74,No
6.2,98.8,46.6,Yes
7.3,72.4,44.1,Yes
14.3,83.3,86.9,No
8.1,57.6,62.5,Yes
,100.2,50.5,No
10.1,82,48,Yes
0.4,71.4,56.9,Yes
9.9,80.7,88.9,No
6.6,40.2,61.3,No
7.5,82.5,75.8,Yes
,104.7,70.2,nan
3.7,81.3,64.1,No
14.1,78.7,35.4,Yes
8.6,,77.6,Yes
8.6,96.7,53.9,No
14,99.6,40.2,No
11.7,66.4,37.3,No
12.9,82.2,73.8,No
14.8,79.6,77.1,Yes
8.3,83,30.7,No
6.9,59.5,57.2,Yes
,97.9,70.5,Yes
,86.3,67.3,No
,99,57.3,No
16.2,52.7,63.7,Yes
3.2,53.9,79.2,No
3.4,116.2,,No
12.4,97.9,74.7,nan
12.7,58.7,58.4,Yes
12.7,92.4,45.9,Yes
8.7,65.7,68.6,nan
9.4,41,77,Yes
11.6,33,54.8,Yes
10.4,74.6,68.5,No
,106.2,65,No
8.9,105.4,,Yes
5.7,100.2,62.6,Yes
10.9,91.6,67.6,No
24.9,81.3,58,No
11.8,98,81.4,Yes
8.4,34.8,46.3,No
14.6,94.8,97.3,No
12.4,52.6,64.9,No
12.1,56.7,62.1,No
13,88.9,78.7,Yes
20.3,93.6,42.6,Yes
4.3,62.8,99.2,Yes
12.4,87.9,54.8,No
5.4,86.3,78.3,Yes
12.8,,65,No
5.4,78.1,,Yes
7.9,116.6,80.3,Yes
8.5,69.4,72.9,No
14.9,70.1,110.8,No
14.6,78,70.8,Yes
,71.3,55.5,nan
10.3,90.8,37.2,Yes
6.5,104.4,53.8,Yes
3.7,70.1,68.8,Yes
8.9,57.9,59.4,No
,114.5,,No
22.1,77.4,70.4,No
12.2,40.9,46.3,Yes
3.1,112.2,,Yes
7.2,97.5,52,No
,,,Yes
20.4,103.7,71.5,No
2.1,127.9,56,No
0.6,54.3,40.4,Yes
,59.1,107.2,No
11.9,65.2,69.8,No
5.7,64.6,69.8,Yes
12.7,,36.9,No
-3.2,65.2,75.9,No
10,51.2,81,Yes
,57.5,,nan
14.6,69.1,67,No
4.9,97.9,67,Yes
10.4,63.5,51.7,No
5.4,91.2,54.5,Yes
11.3,48.6,61.5,No
5.5,11,81.5,No
8,72.3,,No
5,62.8,53.9,Yes
13.3,57.4,55.3,Yes
14.3,55,32.6,Yes
8.8,60.8,71.7,No
10.2,55.3,61.9,Yes
2.8,57.1,67.8,No
8.5,47.8,,nan
9.7,32.4,58.3,No
23.1,,68.2,No
,124.2,55.5,Yes
17.3,73.7,62.5,Yes
15,105.5,50.4,No
11.4,71.4,48.5,Yes
18.8,72.1,37.9,Yes
11.9,81.1,48.8,Yes
11.9,87.8,68.5,Yes
,50.1,60.3,Yes
16.1,67.4,61.7,No
15.5,81.1,58.2,No
,36.3,67.3,No
3.4,100.9,66.4,No
9,96.3,65.5,Yes
6,33,60.1,No
9.7,57.4,75.9,No
16.2,77.1,34.9,Yes
7.7,91.8,53.5,Yes
9.8,105.5,53,Yes
10.3,62.3,74.7,No
14.2,121.8,56.9,No
-1.2,74,50.4,Yes
7,70.5,67.6,Yes
11.1,86.2,77,No
,,76.1,Yes
,80.1,78.9,No
0.6,114.9,66.8,No
13.1,79.9,69.2,No
6.8,55.3,61.1,Yes
,58.2,60.1,No
6.9,104.5,50.4,No
9.1,88.7,75.4,Yes
7,43.9,38,Yes
-1,42.9,45.4,No
14.5,75.5,93,No
16.4,87.3,63.3,Yes
13.3,61.4,67.1,Yes
4.3,41.4,46.8,Yes
9,52.5,72.3,Yes
10,107.9,85.6,Yes
13,84.9,86.8,Yes
13.3,,42.3,Yes
6.3,98.3,82.5,No
10.4,62.5,65.2,No
12.3,67.5,27.1,No
17.3,71.6,41.9,No
13.5,83.3,36.8,No
13.9,96.8,,Yes
10.4,112.4,62.2,Yes
17.1,91.3,55.2,No
12,91.4,63.6,Yes
5.7,113.5,91.3,No
17,70.9,60.6,Yes
13.5,98.8,69.9,No
7.8,,74.5,Yes
7.6,87.3,,No
,70.7,73.5,No
12.3,47.1,78.8,Yes
11,81.9,80,No
11.6,82,,No
18.5,63.5,79.1,No
15.4,73.1,,No
11,57.4,66,No
14.7,57.5,78.7,No
4.8,65.4,91.2,nan
12,48.4,78.8,Yes
19,63.3,63.9,Yes
8.9,,57.7,No
5.8,104.1,72.9,No
6.7,116.5,67.3,No
4.6,67,81.8,Yes
6.1,99,50.7,Yes
8.1,81.7,80.6,Yes
3,70.3,44.1,No
10.1,83,62.4,No
14.5,97,73.7,No
5.5,65,63.3,Yes
17.6,64.6,71.6,Yes
12.6,66.8,85.8,No
15.2,62.5,56.5,No
6.7,99,43.9,Yes
14.3,59.7,48,Yes
4.5,63.2,63.7,Yes
14.5,81.2,83.7,No
10.9,79.6,60.3,Yes
12.8,66.8,97.3,No
4.1,108.7,45.9,Yes
5.5,62.4,38.8,Yes
13,71.6,68.5,Yes
,36.5,56.5,No
12.3,68.9,53.7,Yes
3.2,,65.3,Yes
14.2,56.7,46.5,Yes
3.8,35.9,73.2,Yes
12.8,57.1,67.9,Yes
13.1,73.5,59.6,nan
6.5,70.1,68.2,Yes
12.9,66.7,93.7,Yes
11.3,68.5,61.3,No
,64.9,57.6,No
5,74.3,75.1,nan
0.2,72.8,55,Yes
,,72.2,Yes
2.2,71,77.3,Yes
10.5,66.3,86,Yes
8.7,90.6,60.2,Yes
13.4,87.1,45.2,No
8.5,74.4,61.1,No
8.4,98.9,67.7,Yes
13.7,76.7,55.7,Yes
11.7,71.8,67,No
11.6,73.6,91.1,No
12.3,78.3,56.4,No
2.3,56.7,52.9,Yes
13.8,37.5,,No
13.1,80.6,46.4,Yes
4.9,91.7,65.2,No
8.8,55,57.1,Yes
9.8,96.5,40.2,No
9.3,,62.9,Yes
11.7,63.8,55.6,Yes
17.2,109.1,72.6,No
15.4,82.1,68,nan
3.4,69,67.6,No
13.1,80,50.8,No
16.6,98.9,56.5,No
11.9,46.1,68.8,Yes
15.5,101.4,51.7,No
20.1,65.2,64.4,Yes
15.1,89.2,70.2,No
11.2,62.7,76.2,Yes
15.2,108.7,56.9,No
10.7,74.4,59.1,Yes
10.1,48.4,67.9,Yes
8.2,84.4,54,No
17.8,101,44.3,No
5.9,98.8,70.3,No
17.7,,61.1,Yes
12.5,91.2,73,Yes
3,66.6,56.4,Yes
11.8,86.8,66.3,No
-0.5,82.3,37.9,Yes
13.1,17.1,,No
14.4,55,56.9,No
7,79.2,62.9,No
,78.3,62.7,No
19.8,74.4,59.8,No
7.5,76.8,66,No
4.7,99.2,65.2,No
17.4,82.1,68.3,Yes
19.8,28.3,46.1,No
10,114,76.6,No
15.1,36.9,63.1,Yes
16.7,94.2,70.1,Yes
6.3,,63.1,Yes
,103.5,49,No
16.2,69.4,103,nan
18.4,82.7,66.9,Yes
12.8,35.3,41.3,No
5.6,89.6,63.6,Yes
19.9,83.3,59.1,No
7.3,87.3,62.6,No
8.3,94,40.5,Yes
11.7,78.6,,Yes
17.8,70.8,51.9,Yes
14.3,58.8,87.1,Yes
12.1,66.1,63.4,No
12.3,99.1,75.8,nan
10.2,58.2,78.3,Yes
12.8,38.1,71.7,Yes
-2.6,55.2,67.4,No
8.5,87.1,81.5,No
11.2,68.9,55.7,No
4.2,87.1,76.2,nan
11.9,35,58.8,nan
9,15.3,66.4,Yes
18.8,80.3,46.8,Yes
17.9,95.1,45.4,nan
7.7,40.8,63.9,No
9.2,85.5,81.1,Yes
9.6,98.8,,nan
7.7,74.9,90.3,Yes
11,93,,nan
6.2,78.8,62.5,No
,69.7,87.2,Yes
13.1,,84.6,nan
13.1,113.3,44.6,Yes
6,63.8,,No
14.5,73.2,72.7,nan
6.8,55.2,75.8,No
11.3,78.1,74.1,No
14.1,71.9,62.5,No
9.8,98.2,60.3,Yes
12.3,103.4,63.4,Yes
7.4,90.8,53.8,No
9,95.9,44.5,No
9,60.9,72.8,No
6.3,55.9,73.6,Yes
9.1,,91.3,Yes
2.3,75.4,56.1,No
7.5,115,70.5,Yes
8.6,36.6,61.2,No
8.7,87.4,62.8,No
8.8,87.1,55.5,No
9.7,59.8,65.7,No
12.4,55.6,85.8,nan
14.4,68.2,58.5,Yes
6.8,42.2,71.1,Yes
4,104.1,56.1,No
4.8,129,43.1,No
7.6,68.2,62.7,No
8.2,62.2,93.7,Yes
6.2,48.8,52.8,No
3.5,53.1,50.5,Yes
7.7,63.2,51.9,Yes
10.9,99.2,92.1,No
13,138.9,81.6,Yes
7.2,60.5,74.5,No
7.9,57,85.3,Yes
5.4,51.6,78.6,No
9.8,84,63.4,No
5.8,81.9,,No
12.9,77,80.4,Yes
1.1,66.1,66.7,Yes
8.2,102.2,51.2,Yes
11.5,90.3,72.9,Yes
10.9,89.4,60.2,Yes
23.5,82.4,81.7,No
11.7,71.2,50.5,No
5,60.7,73.5,Yes
9.5,85.4,67.4,Yes
1.1,83.5,67.7,Yes
9.6,86.3,69.2,Yes
5.8,43.7,62.1,No
14.6,81.8,72.5,No
,68.8,69.2,Yes
9.4,57.4,66.7,Yes
6.8,,83.1,Yes
18.7,78.5,44.9,No
8.4,122.1,73.8,Yes
19.2,84.7,68.3,No
14.1,69.1,72.5,Yes
12.4,72.8,74,No
11.8,51.6,74.9,No
12,99.6,59.2,No
0.4,81.3,55.2,Yes
8.6,81.6,72.1,No
14.2,53.7,87.1,No
9.8,90.6,61.9,No
3,56.3,49.8,No
9.7,63.9,76.9,Yes
18.5,77.5,52.5,Yes
16.2,63.4,69.7,No
9.7,59.2,50,Yes
14.8,74,60.7,Yes
8.2,,64.8,No
1.5,,60.6,Yes
,89.1,68.5,No
17.8,84.7,69.8,Yes
,65.5,57.3,Yes
8.8,97.4,56.7,Yes
8.5,40.3,83.9,nan
19.5,83.7,61.4,Yes
18.1,91.8,69.4,Yes
21.1,73.2,44.4,Yes
9.2,60.6,91.9,No
11.5,74.3,71.9,No
2.4,59.8,34.6,No
17.4,85.3,49.8,Yes
4.2,93.9,54.2,Yes
11.1,83.9,90.7,Yes
4.5,82.7,102.9,Yes
7.1,90.2,73,Yes
5.8,92.5,81.4,Yes
7,59.4,83.7,No
7.3,44.2,48.5,Yes
7.3,80.6,63.9,Yes
14.2,93.5,63.7,No
4.5,43.4,85.7,Yes
11.1,76.4,96.4,Yes
16.1,97.6,98.2,No
7.4,72.7,72.5,No
,105.4,70.8,No
8.8,101.7,58.3,Yes
15.9,71.3,65.9,Yes
11,67.6,81,No
7.3,68,79.3,Yes
12.4,77.7,73.3,No
4.5,51.5,52.3,No
13.4,47.8,94,No
12,29.6,72.1,Yes
,74.6,68,No
5.8,115.8,78.5,No
5.6,35.2,55.4,nan
12.7,71.3,54,nan
16.1,70.7,59.5,No
6.8,72,49.9,No
12.3,100.1,66.8,No
-0.4,57.2,34.5,Yes
7.1,36.1,57.8,No
9.8,64.3,35.5,No
5.5,61.6,61.1,No
5.3,30.4,61.8,Yes
6.7,79.9,82.6,No
11.5,51.3,69.3,Yes
9.1,73.3,53.3,No
-1.2,67.7,59.2,Yes
-0.6,53.5,86.5,Yes
7,92.8,48.7,nan
12.3,69.4,97.1,Yes
-3.7,76.1,71.3,Yes
7.5,86.7,45.6,Yes
,80.8,49.5,No
16.9,77.9,77.5,Yes
8.1,58.5,76.1,No
11.9,52.8,71.5,Yes
10.7,78.2,66.7,Yes
-0.7,55.8,,Yes
13.8,90.9,53.3,No
11.1,72.4,70.8,No
12.5,88,89.3,No
29.6,55.3,64.5,Yes
-0.4,52.2,68.9,Yes
18.6,108.6,80.4,No
8.6,72,57.2,nan
11.4,150,71.2,No
9.8,46.8,77,Yes
7.9,69.3,54,Yes
7.2,101,45.5,No
11.6,43.7,61.6,Yes
2.4,120.5,,No
13.8,79.1,43,Yes
,58.6,68.6,Yes
4.3,82,62.2,No
7.7,97.2,61.6,Yes
16.3,58.5,69.5,No
7.3,61.4,,No
11.8,80,82.9,Yes
6.3,84.3,51.6,No
13.8,71,70.4,Yes
,83,75.5,Yes
19.2,92.1,86.9,No
9.1,78.5,64.5,No
13.3,61.2,43.1,Yes
10.5,74.6,41.1,Yes
16.5,,84.1,Yes
6.4,81.7,,Yes
13.7,99.8,59.3,No
9,64.7,48.1,Yes
9.7,80.3,59.2,Yes
10.5,90.9,91.2,No
,,65.5,No
9.4,,52.9,No
11.1,52.6,80.7,nan
17.9,,27.6,nan
14.9,108.7,64.9,Yes
,63.5,59.7,Yes
7.7,57.1,60.9,nan
5.6,,43.4,No
14.8,78.6,62.8,No
14.4,68,59,Yes
17.4,51.3,50.7,No
7,104.4,59,Yes
8.9,57.8,35.9,Yes
1.8,,97.6,No
8,77.2,13.6,Yes
15,,62.8,No
7.7,44,62.5,No
13.2,66.4,56.5,Yes
9,91.5,61.4,No
11.6,78.8,74.5,No
4.3,33.8,46.1,Yes
10.4,102.8,38.4,Yes
-5,90.9,57,No
9.1,78.8,24.2,Yes
,78.3,51.9,No
16,88.5,56.9,No
13.9,121.5,66.4,Yes
12.3,92.6,84.4,No
17.6,,69.5,No
5.3,50.5,70.1,No
18.7,,54.1,No
,90.5,55.8,Yes
8.8,72.7,56.2,No
15.7,64.5,63.1,Yes
4.5,,58.4,Yes
5.9,55.2,69.8,Yes
7,92.4,74.3,nan
7.4,66.3,84.2,Yes
4.7,32.6,69.1,Yes
16.1,65.9,,No
8.7,73.9,82.4,Yes
11.8,86,,No
7.1,83.7,59.6,Yes
0.9,49.2,49.4,No
11.4,77.4,57.8,Yes
0.4,64.3,52.6,Yes
9.7,67.8,66.8,No
3.2,55,72.3,Yes
19.9,,58.9,nan
14.6,137.6,59.5,Yes
10.5,112.1,25.2,Yes
16.3,55,56.5,No
5.8,76.3,112.1,No
12.7,68.7,81.8,No
11,77.8,85,No
11.3,93.3,72.3,Yes
16.4,72.4,,Yes
13.7,60.8,59.8,Yes
11.4,98.1,52.8,No
1.7,50.3,87.3,Yes
5.2,78.8,48.6,No
9.4,45.3,72.4,No
,54.5,91.7,nan
4.3,89.9,79.5,No
22.1,61.4,61.1,No
17.6,37.5,84.2,Yes
13,60.5,68.3,Yes
10.4,58.4,63,No
8.9,49.8,76.1,Yes
5.2,86,51.8,No
10.4,44.1,43.4,No
11.3,,61.5,Yes
3.8,77.7,55.2,nan
11.7,68.1,,Yes
9.2,66.9,65.5,Yes
0.5,60.5,56.9,No
5.7,50.6,50.7,Yes
7.9,62.3,64.8,No
19.4,88.2,50.8,No
12.8,66.3,82.4,No
3.3,78.3,91.7,No
12.4,97.3,75.5,Yes
2.3,87,58.6,Yes
15.4,49.5,71.1,Yes
7.6,84,55,Yes
9.5,96,75,Yes
16.6,63.4,75.8,No
3.6,43.3,76.8,Yes
3,66.2,59.5,Yes
7.1,78.8,75.6,No
15.2,86.8,72.4,Yes
2.4,64.6,69,Yes
-4.2,34.3,66.3,Yes
7.7,49.5,48.9,Yes
12.8,82.2,71.2,No
16,114.8,60.8,Yes
7.7,74.6,45.8,Yes
7.9,101.3,54.4,Yes
15.8,53.9,71.5,No
0.7,62,57.8,No
8.1,28.2,56.4,No
11,82.4,33.8,Yes
12.2,57.1,81.4,No
7.5,87,48.5,Yes
10.2,65,65.9,No
,115.4,58,No
6.7,110.9,,No
12.3,28.9,68.7,No
5.1,86.8,61.9,No
10.3,,69.2,No
12.2,87.9,65.3,No
8.3,48.1,44.4,No
10.9,103.8,83.1,nan
5.2,95.6,,Yes
9,46.7,51.8,Yes
13.1,71.4,41.8,No
10.8,78.2,83.8,No
7.1,89.4,48.9,Yes
11.1,74.8,84.4,Yes
13.6,,82.5,No
-0.2,73.6,62.6,Yes
15.8,87.2,62.4,No
8.3,47.6,50.1,Yes
12.1,74.5,66,No
16,98,72.4,Yes
3.1,103.2,70.4,Yes
,78.5,74.2,Yes
8.6,73,80.9,No
6.1,102.4,64.3,Yes
18.7,73,107.3,No
5.7,97.9,71.7,No
7.2,72.9,71,No
11,75.8,70.9,No
4,,71.1,Yes
8,50,71,No
11.6,94.6,80.7,Yes
8.3,109.5,27.4,No
9.5,77.1,61.3,Yes
7.4,71.7,40.3,Yes
2.4,95.5,85.5,No
11.6,81.7,43.9,Yes
18.8,27,53.1,No
10.1,94.9,,No
,48.3,46.8,Yes
13.5,74.8,60.4,No
3.7,,33.5,Yes
18.5,62.2,87.9,Yes
11,75.9,71.3,No
18.2,92.9,53.6,No
6.3,75.6,73.6,Yes
19.1,103.2,69.9,nan
13.9,105.7,50.9,No
12.8,105.5,75.6,No
11.2,73.9,61.8,Yes
8.8,150,82,nan
16,74.3,57.7,Yes
10.7,97.5,44.7,Yes
0.2,96.3,79.6,Yes
4.4,23.1,61.5,Yes
,81.1,64.6,Yes
11.5,27.6,69,Yes
9.7,74.6,50.3,No
16.1,64.4,60.6,nan
0.2,58.3,57,Yes
10.7,92,59.1,No
0.9,62.1,83.7,Yes
13.8,74.8,53.4,No
9.5,56.4,52.6,No
12.1,76.5,,Yes
5.7,94.2,50.2,Yes
16.4,57.4,66,No
15.2,87.8,,Yes
12.9,76.1,75.2,No
9.4,75.9,43.9,No
12.9,68,54.3,Yes
6.5,90.5,38.8,No
14.3,88.4,77.5,Yes
18.2,72.3,80.7,Yes
15.4,79.1,80.1,Yes
6.4,,64.6,Yes
11.8,85.8,61.5,Yes
3.5,68.9,56.6,No
12.9,98.3,42.2,Yes
12.3,92.3,72.8,No
0.7,117.2,50.4,Yes
4.2,43.6,34.3,Yes
8.6,89,84.7,No
8.5,98,55.7,No
4,95.1,,No
11.9,69.9,62.8,Yes
11.3,47.7,82,Yes
9,105.8,42.9,Yes
6.2,65.4,,Yes
15.2,69.1,64.3,No
18.3,116.3,71.8,No
7.6,49.5,58.9,Yes
6.9,91.4,59.4,No
12.5,59.9,78.8,Yes
8.2,59.5,53.8,Yes
9.3,78.4,57.1,No
,88.5,61.4,No
0.5,94,43.3,No
16.6,96.6,61,Yes
10.4,60.9,61.9,Yes
7.9,52.1,75.3,No
9.6,68.1,57.1,No
9.8,81.9,36.7,Yes
1.3,,,No
17.5,2.4,57.9,Yes
10.2,38.5,47.2,No
12.2,70.2,69.8,Yes
14.8,92.1,70.4,Yes
4.9,56.9,74.2,No
12.4,89.7,70.7,No
8.7,45.1,76,No
14.2,,70,No
-0.6,80.3,,Yes
9.5,84.4,87.1,No
7,54.8,68.6,Yes
12.2,44,39.1,No
12.4,89.5,93.1,No
6.5,44.5,61,Yes
6.4,59.6,74.4,No
,102.8,72.1,Yes
5.5,78.4,63.2,Yes
14.2,82.4,57.8,No
8.2,87.5,59.8,Yes
-4.5,86.8,24.8,No
8.1,74.6,47.5,No
4.8,57,57.6,No
1.8,128.7,65.8,nan
3.8,69.1,,No
10.5,81.6,56.4,No
16.6,83.8,75.2,No
11.6,64.3,61.6,Yes
7,66.5,59.6,No
12.3,,65.8,Yes
7.7,,76,Yes
6.5,83.2,61.5,Yes
4.2,92.9,70.5,Yes
1.2,70.7,76.2,nan
8.1,73.1,73.2,Yes
10.8,94.1,55,No
9.5,,57.8,Yes
7.9,33.5,73.8,Yes
5.3,105.1,63,No
13,55.5,53.3,Yes
,79.3,65.7,No
13.9,48.6,76.7,No
5,64.8,78.7,nan
6.2,66.3,80.3,No
2.7,78.5,65.5,Yes
7.5,57.5,70.7,Yes
,114.7,81.6,Yes
12.6,75.5,55.4,No
14.9,92.6,79.7,No
12.6,74.8,75.5,No
4.5,94.9,75.5,Yes
8.3,33,39.7,Yes
6.1,60.9,56.8,No
16.7,64.6,55.8,Yes
4,64.4,86.3,Yes
14.5,85.4,51.7,No
14.5,86.7,49,No
19.1,,46.8,No
8,74,59.4,Yes
13.6,,71,No
21.4,81.5,92.5,nan
6.9,30.5,59.3,Yes
2.3,90.4,53.6,Yes
0.6,86.2,88.4,Yes
13.6,98.2,90.7,No
0.6,87,38.6,Yes
8.1,56.9,57.2,Yes
12.2,92.8,68.2,Yes
10.9,77,67.8,Yes
12.1,95.9,98.2,Yes
11.1,106,56.7,Yes
16.4,72.6,47.8,nan
5.2,92.5,53.4,Yes
6.6,95.7,81.3,Yes
6.1,78.2,64.8,Yes
14.2,114.2,89,No
14.5,95.9,74.7,No
12.3,63.3,54.8,Yes
15.9,80.2,77.9,Yes
4.1,92.2,83,No
18.3,113.4,86.9,No
17.6,87.4,43.9,nan
13.7,80.8,69.2,No
18.9,100.3,,No
1.7,70.6,60.6,No
7.4,55.2,61.5,Yes
6.3,89.1,69.2,No
13.6,67.4,72.2,No
4.7,129.3,55.9,Yes
13.8,80.1,83.3,No
16.9,89.2,85,Yes
13.5,62.4,,No
11.4,100.3,90.9,Yes
5.1,74.5,63.8,No
5.8,72.5,37.2,Yes
16.2,73,51.2,Yes
13.9,49.2,58.3,Yes
9.8,70,78.8,Yes
7.9,85.9,50.3,Yes
-0.1,,64.1,Yes
4.6,95.4,102.2,Yes
19.6,69.6,68.5,Yes
3.6,79.9,89.1,No
10.9,30.3,47,Yes
15,79.5,34.7,Yes
3.7,54.1,40.9,No
10.9,68,81.3,nan
14.7,43.7,61.5,Yes
10.1,57.4,60.1,Yes
24.3,71.7,90.8,Yes
1.7,69.6,81.3,Yes
,92.7,72,Yes
9.1,37.6,83,Yes
,74,62.7,No
12.2,73,70.2,Yes
6.3,65.8,46.8,nan
11.1,56.7,53.5,Yes
0.7,97,61,Yes
,116,64.6,No
11.5,40.7,79.8,Yes
13.2,56.5,83.6,No
15.3,54.9,107.9,No
11.8,,99.5,No
10.7,100.1,82.2,No
5.6,85.6,42.7,Yes
6.4,71.9,86.5,Yes
15.9,75.3,93.4,No
17.2,68.6,67.1,No
8.8,89.8,39.6,Yes
10.2,92.2,68.1,Yes
5.5,86.8,78.4,Yes
15.9,31.1,,Yes
13.3,75.3,58.9,No
19.7,71.3,63.9,No
5.6,,84.4,No
8.1,79.8,72.1,No
11.2,,87.1,No
13.2,65.1,81.3,nan
8.9,93.8,62.1,Yes
5.6,99.7,77.6,No
14.4,42.5,87.6,Yes
13.6,49.1,67.3,No
5.4,90.2,75.1,No
16.8,71.6,42.2,No
15.9,95.6,58.4,Yes
10.7,79.8,62.8,No
10.4,88.9,49.7,No
12.8,60.1,67,Yes
5.7,81.8,90.4,nan
10.2,81.9,69.6,No
-0.8,61.2,85.1,No
14.4,95,75.6,No
2.2,37.1,90.8,Yes
17.5,79.2,64.1,No
,49.1,55,No
8.9,54.6,76.7,Yes
6.9,94.7,41.5,Yes
8.6,53,74,No
17.1,52.2,31.9,No
-2.4,86.6,51.9,Yes
16.4,52.8,70.3,No
11.7,95.4,45.9,Yes
4,87.9,58.9,Yes
4.6,59.4,45.3,No
18.4,94.6,75.7,No
5.3,36.2,82,Yes
4.2,84.4,65,Yes
15.7,50.1,98,No
11.7,64.5,61.5,No
,65.8,45,Yes
11.1,100.6,43.6,No
4.9,65,62.8,Yes
15.5,73.4,69.9,Yes
15.3,66.2,102.5,Yes
12.7,55.3,49,Yes
,54.4,55.5,No
18.8,81.2,,No
10,74.5,66.5,No
4.1,90.3,56,Yes
12.2,70.2,64.4,Yes
20.4,70.8,48,No
4.9,90.3,58.3,No
8.2,67.6,48.3,Yes
12.1,46.2,80.6,Yes
9.7,92,76.1,No
5.1,61.5,64.2,Yes
15.6,76.3,65.2,Yes
21.6,62.5,68.4,Yes
11,55.5,58.2,Yes
5.5,37,39.7,No
2.3,81.8,59.9,No
11.3,,72.3,Yes
15.5,,79.3,No
12.4,,66.1,Yes
10,56.8,56,Yes
7.1,106.8,73.4,No
4.5,116.2,,No
14.2,,49.4,Yes
14.6,83.2,38,No
2.3,77.7,56.9,No
17.9,105.3,87.9,Yes
12.9,47.1,73.3,No
17,70.5,87.3,Yes
3.3,93.4,64.5,Yes
,91.3,64.4,No
9.3,74.1,,Yes
12.5,102.8,36.3,Yes
19,79.7,71.9,Yes
13.5,77.3,67.9,No
8.8,88.9,31,Yes
4.9,73.8,67,Yes
16.2,76,80.1,Yes
5.2,59.3,69.7,No
18.1,133.7,57,No
8.6,65.5,27.7,Yes
18,89.6,71.1,No
13.4,113.2,51.7,Yes
9.3,48.1,72.7,Yes
7.4,87.2,75.5,No
8.3,75.5,78.8,Yes
12.1,110.9,70.7,Yes
10.4,56.8,59.8,No
7,60,73.8,Yes
9.2,74,49.8,nan
10.4,,84.8,Yes
-0.6,65.8,54.8,Yes
12.3,115.6,92.2,No
5.1,77.5,61.3,Yes
4.2,59.3,72.4,nan
1.6,67.2,66.9,Yes
1,83.1,38,Yes
3.2,81.7,73,Yes
6.5,63.5,53.5,Yes
19.8,42.4,63.2,No
7.4,74,65.7,Yes
10.9,73.4,49.6,No
12,62.1,55.9,No
10.7,100.6,83.8,Yes
9.6,86.5,45.2,nan
4,150,73.9,Yes
17.3,67.8,59.3,Yes
19,109.7,80,nan
1.6,51.9,75.6,Yes
4.9,65.1,54.6,Yes
8.6,66,75.3,No
5.2,81,56.5,Yes
12.5,88.2,90.7,Yes
6.4,48.3,66.8,No
20.8,61.3,59.9,Yes
16,84,58.7,No
11.1,61.7,59.7,Yes
15.1,67,60.6,Yes
15.5,78.5,,Yes
7.2,,57.6,Yes
5.9,80.6,52.4,No
10.4,87.3,81.1,Yes
,75.8,85.4,Yes
,103.5,53.3,Yes
2.1,89.5,60.6,No
6,74.2,83.7,No
9.6,68.6,71.9,Yes
9.6,110.1,89,Yes
19.9,61.8,75.5,Yes
3.1,69.6,72.3,Yes
12.5,66.8,59.6,Yes
17.4,83,50.3,Yes
21.4,120.1,46.9,Yes
8,79.9,64.6,Yes
12.5,68.6,86.1,Yes
12.8,78.8,49.3,Yes
11,48.7,63.1,No
9.5,71.2,40.1,No
,109.1,85.8,Yes
-2.7,88.2,52.9,Yes
13.4,99.6,99,No
10.6,95.3,71.9,Yes
8.9,60.8,88.2,Yes
20.2,113.2,39,Yes
6.6,,27.8,No
8,81.6,59.2,Yes
20,33.8,65.6,Yes
5.8,40.7,74.4,Yes
7.2,93.7,88.1,No
9.3,61.2,60.4,Yes
14.2,99.9,,Yes
11,31.5,,Yes
,73.2,70.5,Yes
7.3,50.7,46.4,Yes
7,68.4,38.1,No
9.6,106,69.9,Yes
12.1,110.8,44.7,No
12.1,85.3,82.1,Yes
1.1,43.1,31.9,No
15.3,50.9,53.2,No
11.3,,44.7,No
16.9,58.9,54.9,No
12.2,88.2,51.8,Yes
15.5,108.5,81.9,No
12.3,,107.1,No
16.7,57.1,46.6,Yes
12.6,51.4,54.6,No
9.5,69.9,62.8,No
21.4,76,,Yes
14.4,75.4,73.4,No
12.9,93,44.2,No
3.6,82.9,74.1,Yes
3.6,73.8,66.3,Yes
11.5,75.8,76.3,No
10.7,76.7,64.8,No
6.9,73.8,76,nan
10.7,61.5,73,No
17.9,50.9,62.3,Yes
13.5,77.8,73.4,Yes
4.3,65,86.4,No
9.4,85.5,38.2,Yes
6,76.4,34.6,Yes
8.1,75.3,84.5,Yes
7.9,94.7,78.5,No
7.6,46.9,86.4,Yes
3.7,110.4,63.4,Yes
9.4,,91.3,No
7.2,104,108.4,No
-4.6,79,82.3,No
20.3,64.5,,Yes
15.4,45.6,76,No
8.1,63,67.5,No
10.1,71.7,,Yes
4.1,,,Yes
18.5,103.9,99.1,No
19.5,76.5,53.6,No
10.8,81.4,61.7,Yes
15.1,82,65,No
10.9,68.4,74.4,No
3.3,71.2,68.7,No
7.9,72.9,45.7,Yes
10.7,87.5,66.1,No
7.7,56.7,63.4,No
8.9,64.9,,No
9.5,82.1,77.6,No
9.6,53.5,82.9,Yes
10.3,77.3,52.4,No
4.7,64.1,93.9,Yes
6.4,85.1,42.5,No
3.6,102.5,54.3,Yes
14.9,64.1,61.7,Yes
-0.5,90.2,75.6,Yes
15.8,79,39.1,Yes
16.9,67.3,98.2,Yes
8.5,75.1,38,Yes
-3,101,88.2,Yes
8.2,71.6,58.8,No
9.7,101.2,66.4,nan
4.9,72.6,31.7,No
,46.8,76.1,No
17.7,72.1,62.7,Yes
13.3,45.2,82.6,Yes
5.4,68.6,44.1,No
2,67.9,86.4,No
8.4,,39.3,Yes
,107.2,68.8,No
12.5,76.7,43.1,Yes
7.3,99.2,94.4,Yes
12.6,67,79.3,Yes
19.7,46.5,88.9,Yes
14.1,85.6,61,Yes
9.8,82.2,60.3,nan
9.1,56.2,64.4,No
8.2,57.1,63,nan
15.9,93.8,59.1,Yes
6.9,41.3,61.8,Yes
10.2,86.2,82.6,No
10.3,68.7,79.5,No
7.5,86.2,47.4,No
3.1,94.8,75.7,Yes
11.6,57.5,44,Yes
9.7,52.2,87.4,nan
12.5,104.3,50.7,Yes
7.3,,76.9,Yes
16.1,81.6,74.6,No
5.6,93.2,60.4,Yes
18.6,55.8,59.3,No
1.3,93,61.5,Yes
12.2,87.8,72.3,Yes
12.4,104.4,77.7,No
6,104.1,98.2,No
12.1,76.3,91.1,No
16.4,90.1,73.7,No
-1.1,75.9,69,Yes
12.5,77.9,56.9,No
-2.5,52.4,74.8,Yes
5.2,70.5,85.6,No
18.1,39.1,82.3,Yes
7.1,72.3,69.3,No
4.1,,,No
9,90.6,67.1,nan
20.3,77.2,75.9,No
0.8,71,82.8,Yes
4.7,64.2,68.6,No
17.5,56.6,79.3,No
19.3,91.4,80.9,No
9.5,44.3,60.6,No
,,56.4,No
20.5,93.1,90.4,No
18,79.2,75.7,Yes
13.4,75.9,73.4,No
5.9,79.1,56.9,No
9.8,115.2,34.2,No
9.2,76.1,72.2,No
11.7,80.9,72.3,Yes
17.3,116.2,75.3,No
14.4,73.7,65,Yes
4.6,109.5,56.6,Yes
16.9,32.9,69,Yes
11.6,51.8,83.9,Yes
13.4,61.6,73.2,No
17.3,86.7,44.9,nan
4.4,110.5,62.3,No
9.8,63.2,55.3,Yes
7.3,94.6,88.9,Yes
,,61.7,Yes
11.7,106.3,87.5,Yes
22.6,66.9,68.3,Yes
0.8,92.4,58.8,Yes
9.8,81.8,50.6,No
13.2,61.8,59.7,Yes
10.6,83.5,65.2,Yes
9.4,65.5,48.2,Yes
3.5,77.5,74.6,No
11.2,47.4,52.3,Yes
6.2,39.7,43.1,Yes
-0.9,69.3,,No
16,81.4,57.8,No
14.8,52.4,73.2,No
10.3,85.5,89.6,Yes
11.1,75.9,61.4,No
15.4,88,70,No
11.1,93.9,63.9,No
14.5,101.9,33,No
8.5,87.1,70.7,No
16.6,69.1,64.7,No
11.6,78.8,41.4,Yes
11,121.6,90.4,Yes
3.6,94.7,74,Yes
11.4,76.4,40,No
5.8,72,72.9,No
6.8,63,110.4,Yes
5.9,51.3,65.1,No
4.7,109.2,75.4,Yes
20.6,84.6,56.5,Yes
,49.6,58.3,nan
19.6,72.5,88.5,Yes
3.9,100.4,74.5,No
10.4,,81,Yes
3.5,58.7,61.5,nan
6.5,82.1,,Yes
5.4,88.2,63.9,No
,66.1,74.2,Yes
8,63,63.3,Yes
15.3,84.2,91.7,Yes
13,52.5,61.5,No
,64.2,71.4,No
2.6,72.6,38,No
16.3,89.8,82.9,Yes
15.7,66.4,47.4,Yes
5.1,86.3,55.3,Yes
15,98.3,46.4,Yes
11.7,64.9,43.6,No
8.9,139.5,79.6,Yes
,103.4,53.1,Yes
6.4,80.4,43.1,Yes
20.2,71.4,42.2,Yes
10,63.9,81.6,No
13.9,108.2,59.6,Yes
6,79.2,,Yes
6.1,46.2,78.8,Yes
,40.8,73.9,Yes
3.3,77.2,67.9,Yes
7.9,77.7,84.1,Yes
10.2,56.7,45.7,No
10.6,44.7,60.4,Yes
9.1,35.7,,No
12,59.8,92.7,No
13.5,67.7,94.3,Yes
13.7,88.8,47.1,No
5.1,72.4,66.1,Yes
8.6,,72.4,No
,87.1,62.5,nan
14.5,85.3,75.4,Yes
3.1,94.6,,No
11.8,47.3,51.5,No
0.1,64.3,46.2,Yes
10.2,123,74.6,nan
19.5,36.9,58,No
5.3,69,75.1,No
5.8,84.5,,Yes
13.8,37.5,62.2,No
2.3,59.9,54.6,No
6.8,114.9,66.4,No
13,78.4,59.1,Yes
6.8,63.5,81.7,Yes
8.8,79.2,66.6,Yes
13.7,63.5,45.9,Yes
12.1,109.3,86,nan
11.3,,62.9,Yes
8.3,64.5,96.3,Yes
11.9,45.2,61,No
9.4,69.1,53,Yes
12.3,71.5,60.5,Yes
7.5,98.9,63.5,Yes
9.1,,61.1,Yes
5.1,84.7,55.5,Yes
9.8,76.7,58.2,Yes
,37.1,89.8,Yes
4.4,60.5,61.2,Yes
11.3,59.7,97.2,No
11.1,108.7,80.7,Yes
13.9,85.9,64.1,Yes
7.8,77.9,74.9,Yes
12,-10.9,,Yes
12.8,36.8,81,nan
12.2,89.6,84.9,Yes
5.9,90.6,73.9,No
10.7,60.2,57.4,Yes
11.8,75.6,73.9,No
10,74.1,54.6,Yes
-0.4,78.4,44.2,Yes
10.8,67.6,68.9,No
21.1,91.3,40.6,Yes
8.2,97.1,58.8,Yes
6.4,55.8,70.5,No
11.9,51.1,88.5,Yes
11.6,59.1,55.4,No
16,76,49.8,No
3.7,82.1,76.8,No
13.7,90.8,68.3,No
13,94.4,66.1,Yes
9.3,82.2,42.7,Yes
11.7,79.6,81.3,No
15.1,108,33.4,Yes
14.4,75.1,67.9,Yes
4.3,86.8,83.4,Yes
14.1,81.4,66.7,nan
9.7,71.5,61.3,Yes
10.4,71.7,49.4,No
10.4,101.4,56.4,No
9.2,73.2,97.9,No
16,67.9,,No
9.6,60.3,71.8,Yes
4.4,83.5,52.5,No
8,,60.5,Yes
10.9,81.6,40.6,Yes
16.1,78.6,64.3,No
13,66.5,59.6,No
5.7,47.1,85.2,Yes
22.4,54.4,52.3,No
11.3,57.6,58.6,Yes
16.4,54.9,78.6,No
9.2,84.1,64.5,Yes
12.7,117.6,62.5,Yes
14.2,64.8,62.4,Yes
16.1,67.3,50.1,Yes
15.3,63.3,58.5,No
14.4,92.2,66.2,Yes
8.4,83.5,47.6,Yes
7.1,74.7,49.1,Yes
11.7,50.7,83.2,Yes
14.7,55.6,72.5,Yes
8.9,78.5,69.5,Yes
15.3,79.5,56.8,Yes
17.3,74.7,68.3,No
5.4,88.3,29,No
5.8,50.5,46.9,No
9.3,81.1,,Yes
11.5,80,54.9,No
7.4,,61.9,Yes
16.8,62.9,70.4,No
12.1,88.9,53.7,Yes
10.2,52.2,55.7,Yes
2.8,124.3,59.6,No
3.4,86.1,67.3,Yes
11.4,73.9,40.5,Yes
-0.7,70,69.5,Yes
15.1,90.8,64.6,No
9.2,66.8,66.6,Yes
-1,67.6,53.9,Yes
21.5,104.1,64.2,No
,65.6,79.3,No
9.5,77.7,75.2,Yes
15,59.8,83.4,Yes
18.5,80.2,51.5,No
1.8,86.6,75.2,Yes
1.1,108.7,55.6,Yes
6.9,56.3,31,No
12.9,46,79,nan
,69.7,76.6,No
15.3,62.7,87.3,Yes
4,74.7,43.1,No
-1.6,85.4,67.5,Yes
14.3,120.3,61.7,Yes
5.9,66,82.2,Yes
-0.1,30.8,44.2,No
10.7,70.2,61.2,No
14,82,,Yes
9.4,55.6,76.1,Yes
7.7,79.7,71.2,No
9.2,77.7,64.5,Yes
8.1,80.2,60.3,Yes
,90.8,63.7,No
6.4,73.3,76.3,No
,86,52.6,No
11.6,39,61.5,Yes
10.8,55.8,61.5,No
5,68.2,33.7,Yes
9.1,54.9,35.7,Yes
-0.9,75.1,42.6,Yes
10.9,68.1,,nan
17.1,65.9,72.5,No
2.6,92.7,55.7,Yes
7.1,76.7,40.6,No
11.6,53.3,79.2,Yes
16.3,62.9,69.2,No
7.8,90.1,61.6,No
6.5,79,68.7,No
0.2,98.9,49.2,No
10.5,91.9,80.5,Yes
,67.2,69.8,Yes
11.4,,,No
9.9,105.4,59.9,Yes
11.6,39.3,66.1,Yes
9.9,75.6,72.2,No
5.9,64,38.9,nan
14.1,69.8,53.3,No
11.1,,60,No
10.1,56.2,59.4,No
5.1,93,54.3,nan
16.5,51.6,76.7,No
13.3,76.9,54.6,No
7.2,48,49,No
15,100.4,,Yes
7.5,75.6,87.6,nan
6.1,89.9,65.2,Yes
6.2,78.9,57.8,Yes
1.1,69.9,60,No
12.4,76.4,38.7,No
,105.1,62.2,No
3.9,57.1,68.6,Yes
-0.4,24,71.6,Yes
9.6,59.3,62.6,No
9.2,50.8,53.8,Yes
8.4,94.4,78.6,Yes
4.8,71.5,59.4,No
4.1,91.5,50.3,Yes
12.3,75.6,53.5,nan
7.2,75.2,59.9,Yes
11.6,78.3,60.6,Yes
5.6,104.6,56.9,Yes
10.9,78.7,69.7,No
16.5,97.2,63.7,No
12.9,95.9,78.3,No
7.9,71.7,66.2,nan
11.3,73.5,59.7,No
8.8,67.4,57.4,Yes
10,100.7,59,Yes
8.4,56.2,48.8,Yes
9.2,60.5,61.5,No
11.1,69.5,,Yes
5,52,,No
,63.2,67.7,No
3.1,,115.8,nan
2,88,69.9,No
3.9,66.6,39,No
10.8,91.1,71.2,No
5.5,116.6,82,No
12.6,81.3,61,Yes
10.2,103.4,43,No
0.2,92,37.9,Yes
13.3,69.1,63.6,No
14.1,78.9,49.8,Yes
5,85.5,61.9,Yes
12.1,,59.4,Yes
5.7,22.8,87,Yes
10.5,58.3,77.5,No
3.7,,56.5,No
1,,58.8,Yes
8.1,40.9,79,Yes
9.4,92.6,66.8,Yes
8,51.3,69.8,Yes
4.1,85.9,82.7,No
8,90.3,53.4,No
11.3,89,79.3,Yes
9.8,37.6,59.1,Yes
10.9,,31.3,Yes
6.6,83.4,47.5,Yes
15.9,91.1,51.1,No
4.1,111.6,85.1,No
12.4,90.9,63.1,Yes
15.9,51.3,60.4,No
12.4,88.1,87.4,Yes
9,44.9,53.3,Yes
7.4,73.7,59.1,Yes
15.2,64.9,65.5,Yes
2.9,75.2,64.2,No
5.1,44.8,70.1,Yes
8,47.1,73.2,No
16.2,66,52.6,No
11.9,70.5,36.9,No
5.2,66.5,71,No
8.4,104,,Yes
6.9,83.5,69.8,No
6.5,82.9,76,No
14.9,67.4,81.9,nan
3.1,47.2,63,No
18,74.9,95.1,No
14.1,111.1,44.1,Yes
15.5,79.5,86.8,No
7.7,97.3,53.5,Yes
9.3,99.8,65.5,No
2.8,86.2,67.4,Yes
7.4,79.4,,Yes
12.5,55.2,48.5,Yes
16.5,,97,No
4.5,67.8,32.8,Yes
8.2,81.6,63.8,No
9.2,46.7,73.6,Yes
3,,80.5,Yes
13,83.1,43.6,No
6.4,61,35.5,Yes
9,56.7,84.7,Yes
7.7,,68.6,Yes
6.1,69.6,36.4,Yes
10,27.4,57.4,Yes
8.9,60.1,53.9,No
8.1,94.1,82,Yes
6.4,81.5,59.6,Yes
11.6,83.4,62.3,Yes
18.3,38.4,,nan
10.7,66.7,90.1,No
15,72.7,78.6,Yes
3,84.3,,No
,,68,Yes
4.5,94.1,67.9,Yes
2.6,63.3,51.4,No
,63.8,78.1,nan
16,103.2,59.4,No
14.8,67.8,45.8,No
11.2,53.3,62.8,Yes
2.3,70.9,65.2,No
,102,85.2,Yes
11.5,56.9,77.8,Yes
10.9,66.4,50.2,Yes
0.8,57.7,80.6,No
5.5,94.1,26.1,No
9.7,80.8,71.2,No
12.7,93.5,54.7,No
-1,106.3,43.9,Yes
9.2,44.8,,Yes
10.7,59.8,87,No
14.2,66.3,71.8,No
13.5,76.4,70.7,No
12.9,85.1,79.5,nan
,65.2,61.5,No
0.5,61.2,85.7,No
8,94.1,61.7,No
15,85.9,17.8,nan
17,81.3,89.1,No
13.6,32.1,20.8,No
12.1,99.1,61,No
11.9,78.7,76.3,No
7.2,71.8,29.7,Yes
9.3,,62.8,Yes
18.3,62.3,62.6,Yes
5.3,57.2,78.8,Yes
18.1,35,72.2,Yes
8.4,58.6,44.9,Yes
16.6,43,55.3,Yes
3,73.8,48.9,No
12.9,52,37.1,Yes
6.3,89.6,55.2,No
2.9,41.7,87.3,Yes
11.1,98.9,71.7,Yes
15,91.7,71.4,Yes
5.8,53.7,46.8,No
2.5,73.1,35.7,No
9.5,57.9,73.5,Yes
9.6,86.6,80.1,No
12.7,111,67.4,No
14.7,98.6,76.4,No
9.7,61.2,60,No
19.3,,65.8,No
11.1,105.4,54.2,No
8.3,85.5,70.8,Yes
1.9,95.2,,No
8.7,88,74.1,Yes
,76.5,76.7,No
,73.6,59.7,Yes
12.3,50.8,72.7,No
4.1,59.7,54.6,No
10.9,57,91.9,No
13.4,68,86.2,No
17.6,77,69.4,No
14.4,72.8,53.6,No
13.8,79.3,68.7,Yes
10.3,88.3,46.8,No
11.9,66.7,71.1,Yes
16.2,89.8,33,Yes
3.3,97.8,48.8,Yes
8.3,83.3,70.5,nan
6.1,64.1,85.9,No
11.9,93.9,70.5,No
,84.7,60.2,Yes
7,87.4,50.5,No
-2,105.7,57.3,Yes
7.9,89.2,38.5,No
14.6,106.5,59,No
12.7,72,98,No
12.1,66.4,66.9,No
8.6,98,71.3,No
3.6,55.3,37.1,Yes
12.6,112.8,86.1,No
5.8,101,87.8,Yes
20.9,76.8,68.2,Yes
12.9,99,74.2,No
7.1,88.2,55,No
6.9,49.2,60.9,Yes
,58.7,105.4,Yes
8.8,80.7,58,Yes
15.6,78.2,92.5,No
,101.2,95.8,Yes
6.3,,71.6,No
19.5,49.6,63.2,Yes
,64.1,45.1,No
13.8,89.9,73.1,No
7,38.5,65.2,No
11.8,,63.4,No
11.6,67.5,57.8,No
0.6,93.5,69.5,Yes
20.1,70.7,72,Yes
16.5,84.2,64.5,Yes
8,75.1,82.7,No
4.5,72.2,64.7,No
11.7,61.9,62.7,Yes
10.4,91.8,48.1,Yes
11.8,49.9,61.9,Yes
,70.3,64,No
12.5,97.9,28.1,No
17.2,59.7,72.7,No
12.8,43.9,78.7,No
4.8,32.7,98,Yes
16.8,88.3,51.1,No
18.2,89.7,63.4,No
25.8,68.1,71.8,Yes
4.4,49.6,64.2,Yes
11.2,72.1,53.8,Yes
-0.4,98.6,43,Yes
12.8,49.6,66.1,No
7.3,96.2,83.5,No
19.6,41.1,65.1,Yes
6.1,52.3,64.1,No
1.6,77.2,70.8,Yes
7.6,94,76.3,No
0.1,104.4,,Yes
13.8,94.8,46.4,Yes
-0.3,106,71.9,No
10.1,78.6,55.6,Yes
-0.4,62.6,54.2,nan
8.4,98.7,48.8,No
18.2,,63.7,No
11.8,93.6,56.9,Yes
5.7,87.3,60.6,No
9.8,102.8,50,Yes
10.1,81.8,78.4,Yes
12.4,74.6,59.1,No
3.2,89.5,54.1,No
13,84.6,39.7,Yes
-3.5,92.7,90.2,No
6.9,72.4,41.7,Yes
7.6,93.2,69.3,Yes
13.2,92.2,74.9,Yes
10.1,79.3,59.2,No
3,60,71.3,Yes
5.1,99.8,72.4,nan
11,50.8,77.6,Yes
9.6,55.8,74.1,No
7.1,78.4,60.3,Yes
7.6,24.8,59,Yes
13.5,105.9,95.7,Yes
7.4,75.3,81.4,No
9.6,105.8,54.5,Yes
20.8,111.1,70,No
2.9,71.9,70.9,Yes
0.7,102,64.7,nan
13.9,53.8,91.3,Yes
6.6,83.7,63.4,Yes
8.4,65.5,63.8,Yes
6.1,88.9,77.3,Yes
8.7,92.7,50.8,Yes
18,71.8,,Yes
14,85.9,87,No
,93.9,64.6,No
2.9,78.8,52.9,No
4.2,125.8,67.6,No
-4.2,72.3,67.1,No
6,108.1,85,Yes
14.8,97.9,81.3,No
12.6,,68.1,No
8.9,104.9,89.9,No
9.9,96.5,84.1,No
6.6,77.3,70.4,Yes
11,82.4,52.3,No
13.8,84.9,,Yes
1.9,102.5,84,Yes
11.5,66.7,46.8,No
14.7,106.7,56.1,Yes
7.9,53.3,45,Yes
13.5,39.8,48.9,Yes
24.1,86.9,84,No
9.5,100.2,66.4,Yes
-1,71.4,55,Yes
6.3,,76.3,Yes
10.9,45.2,77.6,No
12.3,83.7,85,No
11,74.8,74.1,No
,100.7,74.6,Yes
11,76.5,52.7,Yes
17.3,60.2,66.5,Yes
12.2,81.2,64.5,No
14.8,95.3,,Yes
8.8,,70.4,Yes
13.7,72.8,39.4,No
11.4,76.3,75.8,Yes
5.2,90.6,59.2,No
,60,59.5,Yes
,,57.5,No
6.8,70.4,55.9,No
10.9,73.5,61.6,No
11.5,75.1,,No
4.1,77.6,48.7,nan
15.3,113.3,65.2,nan
12.9,65.6,96.7,Yes
,66.7,54.9,No
,,64.8,Yes
9.3,83.9,77.6,No
7.8,90.4,97.8,Yes
10.6,54.4,88.3,No
8.2,79.9,62.9,No
0,91.2,70.9,Yes
8.1,61.5,61.9,No
8.5,87.6,81.4,No
13.2,70.9,63.2,No
6.5,62.1,90.5,Yes
18.4,95.3,36,No
0.4,97.8,74.2,Yes
16.6,77.6,76.2,No
8.9,84,27.2,No
14.3,101.5,40.5,No
10.4,67.1,,No
,,72.8,Yes
8.1,67.3,76.9,Yes
4.5,54.6,90.2,No
17.1,67.1,59.8,Yes
9.4,52.5,90.1,No
,83.5,108.9,No
16.2,59.6,84,Yes
4.8,47.1,71.5,Yes
13,89.9,64.2,No
7.1,88.6,68.2,No
9.3,68.4,67.6,No
10.4,89.1,,No
2.5,58.9,48.5,Yes
6.1,,71.4,No
16.8,83.1,68.5,nan
14.4,95.7,85.5,Yes
9.7,67.4,73.6,No
11.2,63.1,54,No
8.5,94.7,48.6,Yes
16.8,87.3,64.9,Yes
9,78,52,Yes
,98.6,67.2,Yes
15.7,113.9,54.9,No
6.1,82.3,84.2,No
17.8,63.2,73.8,No
2.3,84.9,79.9,Yes
18.1,58.6,62.5,Yes
8.1,99.8,68,No
8.8,61,78.8,Yes
0.5,71.1,,Yes
7.7,,75.6,No
4.8,78.6,54.8,No
7,79.3,77.9,nan
9.3,89.9,56.2,Yes
,77.4,96.3,Yes
11,75.9,67.9,Yes
11.5,63.5,81.6,Yes
4.5,69.3,58.4,No
5.6,47.1,61.8,No
19,102.9,61,No
,73.1,38.6,No
18.3,107.8,,Yes
8.8,72.6,60.7,Yes
10,37,36.7,Yes
15.4,,69.3,No
16.4,74.9,62.6,Yes
9.4,76.3,22.7,No
8.1,88.5,57,No
9.7,78.5,64.6,No
11.7,68.3,86.2,No
14.5,56.7,58.1,Yes
10,66.9,40.4,Yes
13.1,87.1,38.5,Yes
18.2,92.2,,Yes
11.9,61.5,50.2,Yes
11.6,95.1,61.9,Yes
2.4,86.4,67.6,No
-3.2,57.3,73.1,Yes
11.9,79.9,73.5,No
9.5,82.4,56,No
7.4,53.7,74.4,Yes
11.2,47.8,42.1,No
9.7,84.5,67,Yes
15.6,,68.2,No
10.4,105.2,66.9,No
6.3,109.4,,No
15,84.4,51.1,No
8.9,94,74.7,Yes
12.6,,58.7,Yes
7.6,48.4,73.8,Yes
6.8,72.2,55.9,No
10.4,49.3,107.8,Yes
10.1,81.2,60.8,Yes
12.4,59.3,82.9,Yes
8.7,78.8,100.6,No
0.8,71.5,81.7,No
7.8,87.7,59.7,No
14,81.5,63.5,nan
8.5,66.9,15.4,No
8.8,47.6,29.9,Yes
14.9,78.3,64.7,No
6.4,40.2,56.3,Yes
2.3,,,Yes
9.2,85.6,65.5,Yes
7.6,91.9,56.2,Yes
5.2,55.6,50.4,No
9.1,82.1,,No
12.5,61.7,45.7,No
10,78,75.5,Yes
11.5,55,68.6,No
19.1,73.3,85.5,No
8.3,,57.9,Yes
11.4,71.8,44.8,Yes
7.5,42.1,55.5,No
,109.9,64.4,No
7.1,78.2,79.8,nan
7.6,75.1,77.1,Yes
11.8,88.5,61.7,No
21.7,49,200,No
6.4,59.4,75.5,Yes
7.9,85.6,80.8,Yes
,78.2,69.9,No
12,60.6,69.3,Yes
11.3,150,68.6,No
16.4,81.1,69,No
-2.1,85.1,69.1,nan
-1.9,82.8,50,No
7.5,61.4,40.7,Yes
15.5,73.5,51.8,Yes
2.2,37.9,58,No
-5,64.8,74.9,No
12.9,70.1,60.9,Yes
11.2,87.5,68,Yes
4.5,85.2,66.1,Yes
5.1,60,72.4,No
5.2,59.5,58.6,No
10.6,101.1,54.1,No
6.9,,40.3,No
12.5,77.3,70,Yes
-4.3,90.7,20.1,No
5.7,73.4,,No
4.4,72,78.3,No
8.7,68.7,62.8,nan
7.3,64.8,70.5,Yes
14,,58.5,Yes
0.7,38.6,64.9,Yes
10.2,67.8,62.6,No
,85.8,75.4,No
19.3,83.5,60.7,No
7.6,103.2,47.2,No
11.6,91.7,69.9,No
1,83.2,63.1,Yes
-2,75.6,54.5,No
14.2,65.9,74.7,No
10,85.1,94.9,Yes
15.9,81.5,72.1,Yes
3.1,67.5,77,Yes
12.6,57.7,67.3,Yes
19.3,,86.4,Yes
12.1,98.1,74.8,No
11.4,77.2,56.6,No
10,75.6,73.9,Yes
2.1,83.5,71.5,No
16.8,84.6,59.1,No
6.9,,83.6,No
12.5,74.2,46,Yes
2.2,64.8,70.6,Yes
4.1,95.1,,No
17.2,66.5,40.9,Yes
8.3,106.4,66.8,No
17.3,78.1,58.8,Yes
9.6,76.1,56.2,Yes
0.8,,49.1,No
14.5,61.9,95.2,Yes
7.1,86.5,28.1,No
13.5,77.3,32.6,No
10.1,83.2,72.8,Yes
2.3,61.3,71.9,No
10.8,61.1,,No
,38.3,56,No
12.5,,74.4,Yes
9.7,64.8,60.9,Yes
15.4,61.7,76.9,No
11.1,72.7,64.3,Yes
11,76.3,57.2,Yes
4.5,85,43.1,nan
11.2,86.3,64,Yes
15.2,88,55.4,No
5.8,88.8,79.9,No
17.1,80.5,79.3,Yes
9.5,76.1,61.3,Yes
5.6,93.6,64.5,No
15,88.9,59.4,nan
8.6,,57,No
13.8,71.5,48.9,No
8.5,38.9,66,Yes
9.7,38.5,60.6,Yes
12.5,64.8,87.4,No
11.5,72.4,59.7,No
,66.5,101.1,Yes
,39.5,,Yes
14.6,90.5,54.2,nan
9.3,60.9,63.9,Yes
7.4,84.8,41.7,Yes
3.2,61.4,58.7,Yes
4.6,65,70.6,Yes
-0.1,83.7,68.1,No
9.5,68,52.9,No
7,78.4,63.9,No
5.2,80.5,72.5,Yes
9.7,46.5,,Yes
11.8,84.6,85.2,No
20.5,56.2,63.7,No
2.4,52.8,41.2,Yes
15.8,60.5,41,Yes
14.9,91.3,59.4,Yes
,43,47.2,No
11,88,40.7,No
7.7,81.8,58.6,Yes
10.9,76.5,77,Yes
17.5,79.9,58,Yes
13,69.2,70,Yes
12.5,88.6,86.6,No
7.8,66.5,70.7,Yes
2.6,42.5,51,No
9,73.5,64.6,No
16,91,58.4,Yes
2.4,84.8,72.5,No
4.7,111.3,67.8,Yes
10.6,69.9,60.8,Yes
5.1,71.8,66.2,Yes
6,70.3,60.2,Yes
7.9,59.5,41,Yes
,65.5,35.9,No
5.1,54.2,78.1,Yes
13.5,29.1,80.4,Yes
3.5,63.4,67.8,No
2,75.5,79.1,No
6.8,87.6,,Yes
13.7,63.5,58.2,No
9,63.7,54,No
7.7,95.6,76,Yes
10.2,48.4,86,No
1.3,71.7,54.9,No
12.5,,87.1,No
11.9,60.8,,No
,44.3,68.4,Yes
15,109.1,59.6,No
4.4,91,,nan
15.6,91.6,49.2,No
10.8,,80.4,No
8.3,87.8,,Yes
9.9,25.2,,Yes
9.5,66.3,84.5,Yes
16.1,,98.9,No
4.6,47.1,,Yes
6.2,68.3,88,No
15.2,81.4,84.4,Yes
7,59.3,71.1,Yes
14.5,75.1,57.8,Yes
18.5,,86,Yes
8,81,62.2,No
13.4,67,72,No
4.2,58.4,,No
13.8,82.9,59,Yes
11,81.8,55.8,No
12.4,80.8,66.9,No
6.8,77.3,60.3,No
1.7,81.8,57.4,No
12.5,92.5,64.9,No
,81.2,53.4,Yes
8.4,77,40.2,No
14.7,64.5,58.3,Yes
11,102.7,61.6,Yes
19.7,52.5,76.3,Yes
15.1,70.9,61.9,No
6.7,64.8,70.9,No
10.1,38.5,54.1,Yes
9.8,82.1,64.7,Yes
2.1,70.9,39,Yes
5.3,75.6,55.6,No
7.2,71.4,24.2,nan
-0.2,90.1,47.1,Yes
10.2,92.6,45.9,No
8.8,53,74.2,No
,110.3,70.3,Yes
12,70.2,81,Yes
13.6,86.8,45.2,Yes
11.1,78.6,77.3,Yes
,77.1,56.3,Yes
13,86.1,91.9,No
13.4,101.4,62.3,No
11.5,90.5,89.1,Yes
5.9,70.1,108.1,Yes
11.4,73.3,71.4,Yes
16,63.7,91.7,Yes
7,89.3,60,No
20.5,86.8,84.7,Yes
7.4,68.2,64,Yes
10.2,101.5,,Yes
6.6,96.5,72.6,Yes
,111.5,62.3,Yes
1.3,59.2,42.8,No
7.3,73,44.7,Yes
4.5,71.1,82.4,Yes
10.7,127.1,67.8,No
15,75.2,79.6,nan
13.2,100.3,57.5,Yes
-1.9,95.7,59.8,Yes
20.2,73.3,59.6,No
11.5,76.1,40,Yes
6.1,85.5,59.8,No
10.8,100.2,60.3,Yes
10.9,71.6,64.8,Yes
6.7,64.8,61.2,Yes
11,93.6,85.4,Yes
7,52.1,56.3,No
8,80.1,77.6,No
6.6,96.2,69.5,Yes
2.8,83.6,65.5,Yes
10.7,63.7,76.3,No
12.9,55,,No
12.6,98.7,57.1,No
,71.5,59.6,No
11.6,57,68.1,nan
7.3,97.8,37.5,Yes
14.2,91,62.5,No
3.2,54,75.4,No
5.5,125.3,64.6,Yes
,64.2,66.8,No
15.4,90.7,71.9,Yes
14.7,114.7,66.3,Yes
12.4,92.8,40.6,Yes
15.4,80.2,86.9,Yes
,46.4,104.2,No
11.7,115.8,87.9,No
9.4,92.3,61.8,No
14.2,46.7,51.7,No
9.4,105.9,87.7,Yes
8.1,,67.1,Yes
12.7,69.4,78.9,Yes
14.4,63.6,50.1,No
6.7,78.4,72.7,No
9.7,91.2,70.8,Yes
4.7,65.1,85.8,No
-2.5,77.6,,Yes
11,142.6,67.5,No
13,84.5,93.4,Yes
11.3,94.3,61,No
0.3,55.8,88,No
8.2,47.9,73.5,No
-1.1,104.3,76.1,No
16.8,98.6,109.6,No
4.6,109.3,32.9,Yes
16.3,73.4,,No
14.7,100.1,82.6,No
,23.9,78.7,Yes
4.3,85.8,66.9,Yes
11.8,95.7,81.8,Yes
5.8,61.2,48.2,No
,96.1,94.3,No
7.6,71.4,85.8,No
1.1,73.4,90.3,No
-1.2,,41.4,Yes
11.1,106.6,81,Yes
7.2,65.9,65,Yes
7.2,63.5,100.8,Yes
,57.9,68.9,Yes
,67.6,51.7,No
8.6,78.9,73.8,No
8.3,87.8,39.6,Yes
12.5,59.9,80.9,No
3.2,82.5,58.6,Yes
11.1,87.2,62.3,Yes
12.8,56.3,68.7,No
13.4,76.3,60.3,No
0.3,73.3,89.4,No
6.2,76.5,60.8,No
5.6,64.4,72.8,No
10.5,72.3,73.4,nan
12.4,75.6,65.6,No
17.5,112.3,53.2,Yes
7.5,75.9,30.8,Yes
7.5,101.8,81.6,Yes
15.7,103.3,49.5,No
11.5,48.6,95.2,nan
16.3,69.2,55.7,No
11.4,103.3,84,No
4.2,78.6,,No
3.3,72.7,88.7,Yes
2.2,90,70.7,Yes
13.3,96.4,72.2,No
15.9,74.4,47.7,Yes
19.2,69.4,76.4,Yes
14.2,,78.9,nan
15.8,75.9,67.6,Yes
7.1,67.4,81.5,Yes
,54.9,71.2,Yes
,70.9,83.2,No
12.1,66.7,,No
10.5,78.4,,No
11.9,69.4,69,Yes
11.6,83.9,95.9,Yes
16.4,78.5,60,Yes
16.5,100.5,63.6,Yes
12.7,64.3,55.1,Yes
14.2,110.6,59.2,No
12.6,96.3,57.2,No
7.7,104.7,95.9,Yes
13.8,80.1,96.4,Yes
3,69.4,63.2,No
15.3,64.2,86.3,No
4,110,,No
11.4,96.9,71.5,No
5.8,,88,No
12.8,94.6,61.5,Yes
9.8,58.5,50,Yes
2,81.5,72.1,nan
12.1,91.5,52.9,No
7.1,104.2,65.5,No
,79.8,69.9,No
10,72.3,75.2,No
12,75.9,75.4,Yes
5.2,96.3,69.6,Yes
7.1,90.8,77.9,Yes
7.7,74.7,88.4,nan
14.3,37.7,77.8,No
18.4,26.3,80.9,No
6,79.5,51.7,Yes
15.4,51.4,68.4,No
-0.8,64.4,71.3,No
4,,99.9,Yes
5.2,116.5,32.1,No
3.2,77.4,78.4,No
2.1,89.4,73.3,No
12.1,85.1,76.1,Yes
8.9,26.6,44.6,No
11.9,67,68,No
13.5,50.6,93.2,No
11.3,109.5,47.8,No
13.3,38.6,75.8,No
9.7,66.6,56.3,Yes
4.1,69.8,90.2,No
15.3,55.3,77.6,nan
7.1,77,72.2,No
5.3,74.2,,No
9.1,78.3,62.8,Yes
5.4,85,59.6,Yes
7.9,79.7,51.9,Yes
11.7,82.6,62.8,Yes
11.7,97.2,35.8,No
5.5,42,75.9,nan
7.6,89,58.8,No
15.4,54.1,54.4,No
12.5,62.2,43.5,Yes
20.4,77.4,71.3,No
15.9,83.2,93.9,No
15.7,85.6,60.5,Yes
,,85.6,No
13.8,107.6,73.7,Yes
9.7,66.6,62.6,Yes
7.2,60.6,94.2,Yes
10.8,49.6,39.1,Yes
14.7,47.6,67.2,Yes
12.5,47,59.7,No
5.6,81.3,69.8,No
13.7,87.1,47.7,No
6.8,57.7,77.1,No
11.1,52.2,40.6,Yes
,70.8,74.7,Yes
8.9,76.9,57.4,Yes
13.8,80.3,71.9,Yes
4.8,55.7,54.4,Yes
19.7,71.7,52.2,nan
0.9,106.3,88.8,Yes
7,51.1,90.5,No
11.9,74.4,47.8,No
12.9,,,No
9.5,55.6,76.6,No
9.7,87.2,64,No
12.1,48.2,64.5,Yes
8.8,,75.8,No
17,75.9,,No
14.2,46.6,58.3,No
14.4,88.8,72.9,No
5.2,57.1,61,No
9.6,71.9,59.7,No
8.5,87.6,54,No
5,55.7,54,Yes
11.8,64.4,68.9,Yes
7.3,97.5,42,Yes
13.3,33.6,41.6,Yes
4.6,103.4,62.5,Yes
18.6,45.7,65.1,Yes
5.5,61,49.3,No
11.1,80.6,91.3,No
14,87.1,53.8,Yes
7.1,81,,Yes
14.3,75.9,53.9,Yes
3.9,66.3,79.2,nan
,106.2,90.4,Yes
10.1,90.5,50.5,Yes
7,98.5,77.6,Yes
8.5,66.6,69,Yes
14,28.4,53.6,No
,95.4,69,No
6.3,82.1,45.2,Yes
,78.7,61.2,nan
4.1,63.7,50,No
19.1,68,60,No
7.2,63,66,No
14.2,75.9,87.4,No
11,52.3,65.8,No
5.1,90.3,50.1,No
10,115.7,65.2,No
13.9,63,33.9,nan
9.1,43.1,77.8,No
16,73,52.8,Yes
15.1,81.3,93.5,Yes
14.6,84.1,78.7,Yes
7.7,,66.6,Yes
4.6,91.3,60.5,No
6.9,38.8,58.6,Yes
11,50.3,59.5,No
12.7,83.1,64.9,Yes
-0.9,65.9,58.9,Yes
10,105.3,73.3,Yes
10.8,56.3,87,Yes
8.6,94.2,66.5,Yes
16.5,62,81.6,Yes
12.1,80.2,45.1,Yes
16.6,58.4,70.3,Yes
8.9,86.2,66.3,No
14.7,96.5,44.1,Yes
18.2,80.1,61.2,No
16.6,113.2,77.8,Yes
4.5,60.6,24.6,No
8.7,77,62,nan
8.3,91.9,58.2,No
12.4,56,69,Yes
13.4,,78.6,Yes
5.8,88.3,75.5,No
10.3,93.6,79.6,Yes
-0.1,97.8,82.7,nan
17.2,57.6,59.5,No
,80.8,28.6,Yes
10.3,48.7,75.1,Yes
8.5,60.5,49.9,Yes
15.7,71.5,69.2,Yes
-4.2,97.9,43.7,No
9.9,85.6,53.9,No
9.5,75.8,73.7,No
,84,58.3,Yes
18.6,85.4,40,No
5.6,82.4,44.7,No
13.9,63.5,81.9,Yes
11.8,55.9,59.7,Yes
16.3,70.5,60,No
6.7,59.1,55.8,Yes
6.3,87.4,,Yes
15.5,105.6,61,No
12.1,86.3,83.6,No
2.3,38.8,53.3,No
7.3,62.3,36.7,No
11.9,75.4,76.6,No
14.2,46.3,66.3,Yes
6.6,75.6,67.8,No
-4.6,84.4,70.7,No
12.6,103.2,38.8,Yes
3.9,111.4,63.3,Yes
-0.1,51.2,68.6,No
-4.2,72.7,64.4,Yes
14.1,72.9,64.2,Yes
10.6,60.7,82.4,No
8.9,77,71.6,Yes
16.9,73.4,74.4,Yes
13.2,87.3,62.6,Yes
18.1,102.1,26.6,Yes
3,77.6,,Yes
9.8,65.2,64.6,No
,54.5,62.1,Yes
8.9,115.8,63.9,Yes
8.8,93.1,68.2,No
13.1,83,79.2,Yes
,71.7,52.1,Yes
13.1,107.2,61.9,Yes
13.5,71.8,88.1,nan
20.8,,40.7,No
8.4,80.3,60.8,Yes
5.3,50.4,32.3,No
11.2,80.4,61.1,No
6,101.9,66.5,No
17.4,41.5,37.7,No
8.6,57,68.1,No
7.2,92.3,54.8,No
7.6,65,81.2,Yes
13.6,83.3,72.1,nan
9.2,83.3,56.9,nan
6.8,92.8,61.9,Yes
18.3,62.1,88.3,No
5.7,24,63.3,Yes
10.2,82.9,44.8,Yes
13.3,43.6,47.9,No
1.8,93.7,62.2,No
12.4,74.2,81.9,Yes
4.7,69.1,57.6,Yes
14.1,88.8,48.6,No
5.2,40.2,65.1,No
,,69.9,Yes
15.5,84,72.7,No
14.3,80.1,39.5,Yes
11.3,65.2,69.7,No
8.8,65.4,68.9,nan
7.1,105.9,58.4,No
17.4,93.3,82,Yes
6.5,61.7,71.8,Yes
4.8,102,52.1,No
13.3,90.1,72,No
6,84.8,36.7,No
5.2,,57.8,No
2.8,52.1,58.9,nan
7.6,105.1,74.9,No
9.6,94,110.6,Yes
11.2,79.9,60.6,No
14.8,79.9,87,No
12.6,73.2,85.4,Yes
9,63.6,,Yes
9,85.7,85.1,Yes
12.6,59.1,54.4,No
16.4,78,65.1,Yes
10.6,76.9,99.4,Yes
7.7,82.7,72.8,No
5,93.8,55.4,No
2.8,83.1,71.7,Yes
13.3,88.9,42.1,Yes
12.9,36.2,80.9,No
12.9,84.2,55.3,Yes
9.4,76.5,28.1,Yes
17,82.4,59.6,No
7.6,64.4,57.3,Yes
14.8,98,72.5,No
9.8,80,,No
7,60.1,,Yes
13,63.6,54.8,Yes
12,93.1,63.9,Yes
11.8,73.3,81,Yes
10.4,74.9,81.5,No
9.8,71,84.1,Yes
21.9,95.2,,Yes
15.9,84.6,69.5,Yes
13.6,51.3,70.1,Yes
10.6,55.5,83.8,Yes
15,75.1,60.1,Yes
12.6,62.1,42.7,Yes
10.1,,77.7,Yes
8.5,60.1,85.1,Yes
9.6,69.4,69.8,nan
-5.9,67,48.6,No
11.1,89.4,97.5,nan
7.6,30.3,66.8,Yes
,59.6,55.1,Yes
10.1,90.9,81.5,No
4.1,61.6,90,No
9.8,50.8,40.9,No
4.8,61.4,73.1,Yes
12.4,83.9,84.5,No
11.5,69.9,63.4,Yes
14.8,60.5,67.2,Yes
6,84.6,63.1,No
10.2,82.5,88,Yes
3.2,49.7,48.4,Yes
13.5,76.9,61.1,No
12.6,49,97.2,No
12.5,98.4,55.7,Yes
10,99.6,41.9,No
12.1,69.2,64.8,Yes
18,96.3,81.2,No
8.6,59.9,64.4,No
10.7,72.2,57.7,No
4.6,63.3,72.5,Yes
5.7,74.5,102.4,No
10.5,76.3,61.2,Yes
15.5,74.9,96.1,Yes
8.7,73.2,71.2,No
8.8,77.5,52,Yes
8,100.1,89.9,Yes
7.3,34.8,,No
11.5,113.4,41.6,No
2.5,68,69.4,No
16.4,73.4,58,Yes
6.7,101.6,92.2,Yes
13.6,87.1,71.1,Yes
3.7,85.7,57,No
13.3,99.9,78,Yes
13.4,,65,No
11.9,93.4,69.9,Yes
,49.8,29.2,No
11.2,,47.7,nan
4.1,86.2,68.5,Yes
8.7,97.9,45.8,Yes
15.1,89.2,56.1,No
14,79.1,78.9,Yes
10.1,68.6,72.7,Yes
5.1,,82.5,No
13.2,68.6,65.2,No
10.1,49,54.8,No
-1.6,109.9,86.2,No
13.9,95,65.7,No
9.9,80.1,49,Yes
16,91.3,89.5,No
4.5,90.1,,Yes
-5.9,55.1,79.7,No
11.4,87.7,69.4,No
11.5,100.4,79.7,Yes
1.5,61.4,74.7,Yes
5.1,44.3,60.5,Yes
23.8,51.8,59.6,Yes
8.5,73.1,75.7,Yes
13.7,50.6,66.7,Yes
6.7,71.6,64.9,Yes
-0.5,61.9,58.5,Yes
9.1,75,61,No
8.7,64.8,42.4,No
8,74.3,72.6,No
9.4,87.1,55.4,No
11.3,55.8,66.6,Yes
9.2,80.6,64,No
3.7,58,68,No
12.4,74.9,,No
0.3,73.4,71.8,Yes
-0.3,82.1,51.8,No
13.7,78.7,63.9,No
12.5,99.8,65.4,No
9.7,74.5,52.1,No
3,62.4,50.3,No
6.5,93.6,56.5,Yes
,81.6,67.6,No
2,150,48.7,Yes
6.3,72.6,79.1,No
13.3,48.8,55.8,Yes
,119.9,64.9,Yes
7.9,62.9,75.1,No
13.8,51.8,42.9,No
0.4,89.3,85.5,Yes
13.3,56.1,,No
6,67.2,84.9,No
11.5,77.5,72.8,No
8.8,72.1,37.9,Yes
16.6,67.7,62.7,No
,106.8,53.3,No
13.1,72.8,89.6,Yes
8.6,57,68.1,Yes
9.2,94.5,35.9,No
9.1,60.5,83.9,Yes
5.8,72.8,73.2,Yes
9.9,56.9,71.2,No
9.7,79.2,65.3,Yes
,75.8,43.7,No
10.4,74.4,88.7,Yes
14,78,61.4,No
14.6,91.4,86.6,Yes
4.7,89.1,65.2,Yes
14.3,54.2,,Yes
4.1,61.5,39.1,No
12.9,93.5,54.4,No
13.1,59.3,84.8,No
0.4,84.8,75.8,No
10.5,91.8,72.9,No
7.7,42.2,73.9,No
6.2,,65,Yes
16.8,91.3,58,Yes
6.7,72.1,53,No
6,66.9,58.1,Yes
10.4,150,67.1,No
13.4,97.1,53.4,Yes
9.3,61.4,65.3,Yes
15.8,110.3,66.2,Yes
12.7,39.3,62.3,Yes
-0.9,44.9,40.3,No
7.4,65.9,49.2,No
7.2,68.3,,No
12.4,69.2,33,Yes
-3.1,64.3,80.4,Yes
22.7,60.5,84.5,Yes
12.7,70.6,77.8,Yes
10.7,63.2,69.2,Yes
15.9,88.6,46.5,Yes
21.7,75.6,69.6,No
,70.6,86.1,Yes
14.7,73.6,48,No
10.7,97.3,103.3,No
9.3,65.3,77.3,Yes
7.6,49.5,49.1,No
5.9,55.5,49.9,Yes
6.6,70.3,57.4,No
3.2,84.6,64.2,Yes
9.6,92.6,59.4,No
1.6,108,23,Yes
11,89.8,45.5,Yes
9.8,57.3,64.9,No
10.7,70.9,67.8,Yes
7.4,31.7,78.5,Yes
25.4,68.8,55,Yes
16.8,62.9,67.2,Yes
3.8,28.7,65.1,No
11.2,117.2,52.4,No
7,67.4,74.3,Yes
4.9,32.9,72.2,No
3.3,69.5,99.8,nan
12.2,108,81,Yes
6.6,113.1,41.8,No
14.8,76.2,,No
15,76.9,43.5,No
16.9,99.5,,No
5.7,72,60.6,Yes
12.4,84.2,69.8,Yes
13.2,91.8,84.7,No
7.6,53.5,72.1,Yes
6.1,105.7,77.2,No
,57.4,55.3,Yes
11.1,62.3,51,No
13.2,77,65.4,No
5.9,93.8,74.9,Yes
3.9,88.5,63.5,No
7.2,150,89.6,Yes
9.4,80.7,73.5,Yes
4.7,96.5,60.4,No
10,75.2,62.7,nan
1.6,58.8,56.7,No
4.4,,72.1,Yes
13.4,93.2,59.1,Yes
13,58.8,68,No
8,43.6,88,Yes
4.9,68.9,71.8,Yes
4.9,73.5,64.2,Yes
8.1,,61.7,No
13.2,45.8,84.8,Yes
14.6,,70.9,No
7.5,98,76.4,No
4.2,58.7,56.3,No
11.3,76.6,45.1,Yes
5.9,32,,No
7.4,92.5,81,Yes
16.6,90.9,49.1,No
14.1,74.6,77.6,Yes
,48.5,85.5,Yes
3.6,88.3,59.2,Yes
11.1,70.1,64.3,No
15.3,,93.7,No
8.1,90.6,,Yes
16.8,98.3,54,Yes
16.5,101.8,55.4,No
18.3,49.5,61.5,Yes
11.5,36.7,68.9,No
12.9,66.8,72.9,No
17.1,85.4,46.2,No
12.2,150,55.9,No
7.5,43.2,37,Yes
7.8,89.5,76.4,No
11.2,68.1,,No
3.5,87.5,61.7,No
9.3,75.3,58.6,Yes
15.5,71.7,62.6,nan
-1,73.7,71.1,Yes
17.7,,47.1,No
15.6,65.8,54,No
7.7,53,49.7,No
12.7,84.7,26.4,No
10,100,91.7,Yes
16.1,65,75.2,Yes
14.9,112.3,52.8,No
3,82.5,68.6,Yes
12.9,80.2,47.5,nan
9,88.1,72.5,Yes
10.4,94.5,101,No
6.4,65.9,79.3,No
18.7,86.1,35.3,No
15.2,95.9,42,No
6.3,67.4,42.7,Yes
3.3,75.1,58.7,Yes
8.1,59.7,,Yes
12.2,65.1,86.2,Yes
11.2,68,44.6,No
16.3,56.9,,Yes
13.9,73.7,25.4,No
14.8,81.6,49.6,nan
11.6,83.6,44.9,No
3.1,58.8,32.9,nan
9,62.9,76.4,No
15.3,92,55.2,Yes
9.7,,67.7,No
12.5,91.5,44.2,Yes
8.4,60.4,82.6,Yes
4.9,82.5,50.7,No
9.4,90,81.7,No
11.5,22,81.1,No
,92.4,68.9,No
8.8,101.1,70.3,Yes
5.3,68.8,49.8,Yes
15.6,81.9,40.7,Yes
8.5,58.2,67.9,No
17.3,82.3,68.3,No
17.6,124.2,59.4,No
9.6,31.1,52.7,No
,65,52.1,Yes
-0.4,90.9,42.8,No
2.6,100.2,79.3,Yes
3.1,47.4,54.6,Yes
16.9,62.2,50.8,Yes
10.6,,74.5,Yes
11.9,61.9,57.1,No
-1.1,72.7,56,No
4,46.4,82,Yes
14.4,69.9,47.7,Yes
11.4,56.3,48.6,Yes
9.3,,36.6,No
12.8,60.9,64.6,No
18.2,71.6,56.2,No
8.9,54.3,92.9,nan
10.3,94.1,56.1,Yes
11,68.5,74.7,Yes
22,75.3,51.9,No
-0.5,72.1,77.2,Yes
13.4,75.1,86.8,Yes
9.4,75,57.1,No
12.8,91.1,62.5,Yes
6.7,69.3,61.8,No
9.8,60.6,69,Yes
13.6,75.8,79.8,Yes
25.6,62.7,55.7,Yes
14,73.5,80.7,No
,54,68,Yes
7.9,96,88.7,Yes
7.7,,70.1,No
1,99,,No
8.3,73.8,75.7,Yes
13.7,,65.1,No
3.6,59.7,60.8,No
15.2,35.7,72.8,No
12.4,42,53.3,No
6.3,125.1,62.1,Yes
9.3,63,57.2,No
18,96.9,75.2,No
13.7,49,60.1,No
10,78.6,67.1,nan
8.8,82,67.5,No
,131.7,72.4,No
7.4,68.6,57.9,No
-0.5,60.8,83.1,Yes
20.2,82,80.6,nan
10.8,56.5,93.2,No
12,,51.5,Yes
9.7,73.9,67.7,nan
6.3,59.9,41.2,No
9.1,84.9,48.2,nan
2,77.2,76.2,Yes
21.4,90.2,63.2,Yes
3.8,108,,Yes
4.8,65,76.7,Yes
,66.8,70,Yes
16.4,48.1,29.1,Yes
10.1,85.4,81.6,Yes
3.8,62.1,65.9,No
16.3,81.9,56.8,Yes
13.7,98.3,44.8,No
12.7,61.3,71.9,Yes
13.6,65.5,57.8,No
,95.3,62.8,nan
20.9,89.1,65.8,Yes
6.6,87,72.9,Yes
18.1,67.2,69.3,Yes
11.9,46.3,87.7,No
,60.8,38.4,No
1.5,54.8,56.4,No
9.1,86.6,81.2,Yes
5.9,80.7,95.9,No
14.1,63,82.5,No
15.4,66.4,72.6,No
-0.4,84.5,78.2,No
9.9,68.6,77.7,Yes
15.6,63.4,56.4,No
9.1,,74.2,Yes
13.6,64,,No
11.8,88.4,67.1,No
11.7,,57.7,Yes
8.6,44.5,72.2,nan
3.9,61.4,57.1,No
4.4,91.4,66.1,Yes
13.5,,,nan
10.1,,59.5,Yes
9.3,82.9,82.5,Yes
7.9,63.4,37.2,No
8.5,83.7,65.9,Yes
15.2,128.8,86.1,Yes
8.3,82.6,78.4,No
3.3,87.2,,Yes
13.7,69.9,76.3,No
9,52.6,54,Yes
10.2,95.5,,No
18,62.9,83.5,No
9.9,70.4,68.5,No
11.4,110.9,80.1,No
4.1,68.2,49.8,No
8.9,99.3,47.6,Yes
13,82.7,76.7,Yes
2.2,,102.1,No
11,81.8,66.4,No
10.5,60.7,78.3,Yes
,93.1,21,Yes
,99.9,74.2,Yes
11.7,76,57.6,No
17.4,,95,Yes
5,78.2,76.6,No
10.7,93.3,66.3,No
10.4,134,56.8,No
4.7,124.5,84.2,Yes
14.8,71.3,84.6,Yes
21.6,80.9,52.9,No
9.9,53.9,82.6,No
12.5,91,80.2,No
10.4,82.8,69.1,No
6.4,59.5,77.4,No
0.9,98.7,73.5,No
-1,69.7,49.4,No
3,64.6,70.4,Yes
18.5,83,63.1,No
9.4,65.7,48.7,Yes
8.3,74.4,53.2,Yes
14.4,109.9,40.1,No
4.4,62.7,38.9,Yes
6.2,150,56.3,Yes
10.3,,81.6,No
15.1,55.5,45.6,No
12.5,,,No
11.2,128.7,93.7,No
10.4,90.6,50.7,No
12,84.2,65.5,Yes
11,,72.5,Yes
4.9,67.3,62,Yes
10.2,45.3,64.3,No
4.6,110.9,52.9,Yes
10.4,80.4,55.3,Yes
7.6,78.6,69.8,Yes
22.7,79.1,47,Yes
9.8,116.8,86.5,No
3,81,38.1,nan
9.3,71.1,68.2,No
12.6,111,49.1,No
18.4,72.4,72.1,Yes
7.1,41.2,50.4,Yes
2.1,44.5,73.9,Yes
14.1,71.2,77.2,No
,80.8,78.5,No
7.8,,57.7,nan
8.7,56.6,,No
9.7,70.5,65.8,nan
13.4,58.8,64.4,Yes
6.6,97.3,73.3,Yes
8.6,100.6,,Yes
9.9,114.2,61.6,No
10.7,82,70.5,Yes
10.5,112.3,,No
12.2,61.1,64.4,Yes
14.2,79.3,90.1,Yes
12,53.8,53,No
12.3,86.5,77,Yes
2.1,80.7,55.6,Yes
10.3,25.9,66.2,Yes
12.4,97.2,73,Yes
13.6,92.1,77.4,No
6.5,63.9,70.6,No
6.7,,76.2,Yes
7.1,45.1,62.3,Yes
12.7,59.6,58.5,Yes
15.2,108.4,80.5,No
8,51.9,37.4,Yes
14.5,75.2,58.9,No
10.6,47.1,61.3,nan
9.4,81.8,67.7,Yes
8.9,86.3,78.5,No
13.7,89.5,68.1,Yes
11.6,150,61.7,No
21.4,103.5,77.5,No
5.7,63.9,69.3,No
,53.8,66.9,No
7.4,63.3,89,No
5.7,48.1,79.5,Yes
9.9,76.6,104.8,Yes
10.7,72.2,,Yes
24.6,84.6,84.4,No
9.1,42.7,87.3,Yes
4.3,74.7,54.8,Yes
11.4,99.3,63.3,Yes
-0.4,86.4,66.3,No
9.5,37.1,58.3,No
10.1,74.8,59.9,No
14,60.3,114.6,No
14.9,75.3,65,No
7.5,67.4,73.8,No
9.2,109.8,70.6,Yes
6.2,76.7,66.4,Yes
4.4,81.3,48.1,Yes
11.5,74.1,79.5,Yes
3.6,84.5,64.3,Yes
7.9,70.7,41.6,Yes
5,90.5,67.4,Yes
12.7,67.2,69.6,Yes
19,102.5,82.4,Yes
3.5,84.9,44.8,Yes
0.7,71.9,63.3,nan
9.4,91.8,54.8,Yes
10.1,84.9,52.5,Yes
11.1,91.5,68.4,Yes
7.8,76.7,58.3,No
9,70.2,72.6,No
11.8,77.7,51.6,No
,65,,No
0.2,94.6,69.3,Yes
,104.4,71.3,No
11.1,86.6,67.8,No
5.4,103.4,64.4,Yes
18.7,97.5,,Yes
6.8,69.6,88.8,Yes
9.8,91.7,68.2,Yes
12.8,49.3,48,No
7,78.7,35.5,Yes
0.8,51.4,83,Yes
7.9,72.8,45.7,Yes
15.1,46.2,67.8,Yes
8.3,96.9,47.1,Yes
5.8,67.1,67.2,No
14.6,93.1,69.7,Yes
8.3,73.5,77,No
7.4,38.1,63.6,Yes
10.7,65.3,63.7,Yes
13.9,64.4,49,No
21.9,74.7,61.2,No
14.1,105.2,65.6,No
15.8,108.5,65.6,No
7.5,70.4,62.5,Yes
4.9,49.8,48.9,Yes
10.3,60.1,45.6,No
10.5,84.6,87.6,Yes
4.6,72.8,73.8,No
9.1,43.5,100.4,No
12,64.9,71,Yes
11.8,101.2,75,Yes
12.5,80.8,51.4,Yes
11.5,75.9,,Yes
7.5,67.2,37.3,Yes
7.4,65.8,74.7,No
4,85.9,66.7,No
18.9,77.8,86.9,No
10.1,90.4,63,No
8.9,85.9,65.6,No
5.4,75.4,36,No
24.7,82.7,36.6,No
4.6,63.1,70.5,Yes
7.9,74,82.1,Yes
12.1,101.8,69.3,No
13,75.2,63,Yes
14.8,70.7,69.6,No
19,79.2,,No
12.5,51.7,74.9,No
4.7,79.4,50.6,nan
8.7,108.9,68.8,No
11.5,58.8,49.8,No
20.3,80.3,81.5,Yes
3,74.5,48.6,Yes
16,74,61.6,Yes
10.9,73.7,74,Yes
14.2,89.3,45.2,No
9.5,,52.8,Yes
5.8,88.8,98.5,Yes
13.8,76.4,79.1,No
13.3,39.7,70,No
14.9,82.6,74.7,No
9.9,77.3,39.4,Yes
7,57.6,,Yes
2.2,78.2,94.3,No
14.1,48.7,57.6,Yes
12.1,61.3,92.4,No
5.2,75.7,58.1,Yes
7.3,41.3,66.8,No
7.7,52,44.9,Yes
2.6,55,71.5,No
5.9,76.6,,No
,83.8,61.7,No
7.9,57.1,52.1,Yes
6.3,56,68.4,No
1.9,77.8,55.6,Yes
20.1,77.2,81.6,Yes
16.3,61,68.9,nan
6.1,111.6,57.7,No
11.4,78.7,80,Yes
12.1,71.6,58.5,Yes
,67.3,79.6,Yes
5.9,95.2,66.8,No
15.5,85.9,36.4,Yes
7.3,40.2,73.8,Yes
3.3,61.1,,Yes
13.6,66.1,73.3,Yes
16.5,74.8,68.2,Yes
22.9,87.5,68.3,No
4,53.6,65.6,Yes
13.5,73.4,108.2,Yes
8,109,72.9,Yes
13.9,75.6,38.5,No
2.6,61.1,42.4,Yes
3.7,48.3,71.5,Yes
6.1,65.3,56.4,No
10.4,53.4,81.1,No
6.8,67.1,69.8,Yes
13.3,85.8,70.7,No
15.1,75.7,51.2,Yes
13,65.4,73.6,Yes
18.1,39.2,67.6,No
12.1,91.6,51,nan
3.9,68,51,nan
16.8,77.2,89.8,No
7,56.8,73.5,No
14.6,66.8,59.3,Yes
17.9,63.4,56.8,Yes
12.3,48.3,65.2,No
2.5,56.8,69.3,Yes
5.4,74.7,44.8,No
16.6,81,63.1,Yes
9.2,61.3,34.3,No
10.4,50.9,64.6,No
13.8,67.9,86.9,No
13.5,90.6,,No
11.4,56.2,,Yes
9,75.3,61.7,Yes
8.4,61.8,48.1,No
14.3,97.6,58.2,Yes
12.8,64.9,45.2,No
8.7,88.2,50.5,Yes
15.4,95.3,67.5,No
9.4,105.8,70.8,No
5.7,47.9,60.1,Yes
6.2,47,85.1,No
5.1,98.3,76,Yes
8.6,95,94.5,Yes
16.2,,63.2,Yes
6,10.3,49.3,Yes
10.9,76.6,62.2,Yes
6.7,44.7,95.2,Yes
8.7,58.4,50,Yes
2.4,78.6,77.7,No
,81.3,49.6,No
9,106.6,59.5,Yes
12.7,,57.5,No
11.1,55.5,51.2,Yes
4,93.3,76.7,Yes
15.4,82.5,86.6,Yes
11.1,67.7,,Yes
,75.6,65.4,Yes
,67.4,42.7,No
7.4,88.8,66.9,Yes
11.1,,74.4,Yes
12.4,60.5,63.6,Yes
1.3,83.4,84.9,Yes
7.3,44.4,,Yes
8.7,53.5,56,Yes
11.3,86.3,,No
16,73.6,78,Yes
6.1,52.8,87.5,No
7.5,75.2,72.8,No
7.4,92.6,52.9,Yes
6,46.1,26.1,Yes
8.3,109.9,39.2,Yes
13.9,86.5,56.3,Yes
4.7,86.9,84.9,No
12.1,75,83.4,No
1.5,109.9,58.9,No
7.2,94.2,77.2,Yes
8.4,67.6,44.4,Yes
18.4,90.1,83.6,Yes
8.6,60.3,60.8,No
-1,69.4,74.7,No
0,104.3,73.1,Yes
10.2,82.8,72,Yes
13.1,88.2,47,No
11.9,98.4,56.2,No
10.8,86,80.8,No
15.8,58.8,72.6,No
7.3,108.2,200,Yes
14.5,85.3,70.6,Yes
1.8,86.7,49.3,Yes
5.5,76.1,46,No
1,97.2,55.7,Yes
,113.3,63.6,Yes
9.8,67.5,47,Yes
10.6,96.3,78.4,No
,75.7,54.4,No
5.4,35,64.5,No
9,46.9,,Yes
2.5,83.5,92.7,No
16.8,95.2,73.9,Yes
8.5,87.2,,No
7.6,90.4,50.2,Yes
17.9,126.8,46.2,No
3.8,,50.3,No
4.4,69.7,62.8,No
4.5,72.5,83.1,Yes
9.7,107.7,63.1,No
12.2,49.6,56.6,Yes
13.7,99.8,66.7,Yes
22.9,75.3,89.7,Yes
-1.2,58.4,53.7,Yes
13,,71.9,No
7.2,104.6,59.6,No
7.1,57.9,68,No
6.9,76.2,74.6,No
5.5,55.5,85.6,nan
18.4,114.3,64.2,No
14.2,77,82,No
10.1,48.1,71.1,Yes
16.8,66.4,45.6,Yes
2.4,102.9,62.1,Yes
3.3,55.5,99.9,No
-0.9,67.8,63.3,Yes
6.5,98.7,60.3,No
10.8,81.8,60.2,No
10.5,50.6,58,No
10.7,79.5,44.4,Yes
2.9,71.9,30.5,Yes
14,76,53.4,No
11.2,,59.7,Yes
13.7,79.8,73.3,Yes
,73.1,59.5,Yes
11.6,72.2,66.9,Yes
4.1,96.5,47.3,Yes
8,60.6,39.3,No
12.7,31.6,70.2,Yes
10.5,70.5,74.8,No
5.7,82.6,79.7,No
10,66.7,83.1,No
2.3,64.5,84.8,Yes
15.8,67.7,75.3,Yes
9,74.5,56.4,No
15.6,49,69.2,Yes
7.4,88.2,60.2,No
7.4,21.8,61.6,No
6.2,85.8,70.9,Yes
14.4,81.3,84,No
6.5,84.9,76.4,Yes
,36.4,64.9,Yes
8.1,80.9,66.5,No
0.1,,70.4,Yes
7.1,107,82.7,Yes
4.1,82.2,92.8,Yes
10.2,51.5,66.9,No
4,41.2,61.9,No
14.6,62.7,67.4,No
9.5,91.2,80.5,No
9.1,98,72.8,Yes
13.3,,57.3,Yes
14.8,,65.2,No
9.9,68.4,65.2,No
6.1,74.6,55.3,No
1.1,99.3,55.1,No
6.6,68.1,,nan
6.9,88.2,62.8,No
,64.4,,Yes
8.3,95.3,80.3,Yes
13.4,86.6,64.6,Yes
6.9,94.4,91.8,No
9.7,112.6,64.2,Yes
15.9,23.4,59.9,No
11.7,90.1,35.3,Yes
9.7,84.4,68,No
7,83.9,51.6,Yes
6.8,79.8,86.8,Yes
5.7,79.8,46.3,Yes
7.3,81.7,84.3,No
13.8,93.1,68.1,No
8.9,91.5,47.8,Yes
3.3,74.5,40.1,Yes
18.8,71.3,70.6,Yes
11.6,75.4,51.2,nan
3,66.7,35.4,Yes
7.8,110.6,94.7,Yes
,49.6,200,Yes
18.5,90,47.8,No
4.5,89.9,37.7,Yes
14.9,64.4,82.7,Yes
17,80.9,44.7,No
6.9,100.3,66.5,No
8.6,68.4,,Yes
4.8,101.2,57.3,Yes
9,97.4,50.3,Yes
9.8,60.8,36.5,Yes
13.3,52.8,71.9,No
15.5,78.3,100.7,Yes
6.3,50.2,47.8,Yes
0.2,16.9,50,No
9.9,65.2,76.6,No
11.5,118.5,28.4,Yes
11.2,66.1,,Yes
8.4,82.6,68.1,No
10.6,89,52.6,No
17.6,74.2,72.8,No
11.9,,71.2,No
8.1,,66.7,No
7.5,75.8,53.6,No
9.2,73.2,58.8,Yes
18.2,90.9,66.2,Yes
9.1,54.4,68.2,No
9.9,49.7,86.4,No
7.6,,75.9,No
15.5,86.4,,Yes
19.8,71.7,73.5,Yes
12.3,91.5,74.5,No
10.4,76,55.2,Yes
10.2,47.6,73.7,No
-1.9,67.9,,No
13.7,92.9,69.4,Yes
10.7,69.8,80.1,Yes
12.1,98.7,80.4,Yes
6.4,65.9,52,Yes
8.1,89.4,48.3,No
7.9,39.3,91.7,Yes
15.1,70.5,91.7,No
8.1,67.3,76,No
20.4,47,60.6,No
12.2,97.2,60.6,No
3.6,62.2,50.3,Yes
9.4,,68.3,No
6.7,101,63.2,Yes
-1,78.2,63.6,nan
18,90.6,47.7,No
13.5,40.9,79.3,No
12.7,59,71.7,Yes
10.8,116.7,71.8,Yes
3.1,92.1,38.2,Yes
7.6,53.5,42.2,No
14.2,79.5,48.5,Yes
,55.1,76.6,No
-2.7,102.9,57.7,Yes
8.9,29.6,49.5,No
9.3,80.5,74.8,nan
10.7,80.2,60.1,Yes
13.6,52.7,70.6,No
13.2,69.5,49.7,No
11.3,82.5,64.6,No
16,39.4,200,Yes
2.4,49.4,83.6,Yes
,71.9,53.1,Yes
13.1,58.3,60.9,No
3.8,65.7,77.2,Yes
2.5,74.6,,No
6.3,56.8,70.3,No
6.7,74.5,85.8,No
13.8,81,68.3,No
6.9,90.6,,Yes
5.7,,83.8,Yes
6.9,62.4,52.7,No
15.6,86.8,64.7,No
10.1,45.4,56.3,Yes
9.1,77.1,,Yes
9.4,75.6,63.5,No
16.5,23.3,65.9,Yes
6.3,65.1,61.2,No
16.6,81.6,80,No
11.1,70.8,53.6,Yes
9.2,65.5,70.4,No
22.5,78.1,46.8,Yes
4.7,94.8,101,No
8.2,85.8,55.2,Yes
3.8,59.9,,nan
14.8,45.8,61.5,Yes
18.4,85.4,68.4,nan
18.3,51.4,78.2,Yes
16.1,64.4,81.1,No
9,79,74.3,No
8.2,97.9,77.6,Yes
1.6,100.7,81.6,Yes
20.2,76.2,68.7,Yes
12.3,64.8,53.6,No
7.5,51,66.3,nan
16.6,,54.3,Yes
5.1,69.2,80.7,No
12,88.6,83,Yes
9.1,78.9,83.9,No
13.2,65.1,47.7,No
9.7,64.2,80.9,Yes
2.7,47.3,56.4,Yes
,97.4,70.5,Yes
15.2,72.6,77.4,Yes
9.9,103.6,43.4,Yes
13.9,66,77.9,Yes
4.8,69,41.8,Yes
9.9,52.3,62,nan
6.9,68.8,79.6,Yes
13.7,50.2,84.9,No
10.2,83.1,77.1,No
13.5,77.2,56.5,Yes
15.4,104.5,56,Yes
13.5,45.8,62.9,No
11.4,99.3,65.8,No
5,55.4,78.1,No
10,81.9,200,Yes
7.3,52.1,58.1,No
8.3,79.1,59.6,Yes
8.1,,82,Yes
5.1,61.6,65.8,Yes
0.2,77.1,87.9,Yes
6.7,110.1,79.3,No
11,32.4,57.2,No
3.3,75,58.3,No
10.1,64.6,63.4,Yes
19.5,36.7,62.9,Yes
15.1,52.5,82.3,No
18.2,65.6,56.9,No
12,84.3,66.7,No
15.8,76.8,70,nan
6.4,48.8,75.6,Yes
6.8,38.3,72.1,No
-3.7,83.4,70.9,No
15.9,71.1,57.8,No
17.7,107.2,59.3,Yes
7.2,67.9,68.7,No
8.7,97.9,,Yes
,85.9,51,No
11.9,91.4,58.4,Yes
15.6,83.6,67.6,Yes
1.3,84.1,200,No
12,29.2,,No
8.6,,48.5,No
10.6,61.7,76.4,No
12.3,100.4,58.9,No
9.1,55,52.3,Yes
9.5,,64.7,No
8.9,,51.5,No
14.9,81,98.1,No
12.1,78.3,53.4,Yes
11.1,97.2,67.9,Yes
3.6,80.2,72.8,Yes
8.1,64.1,79.2,Yes
14.5,49.1,48.8,No
10.2,84.7,,No
13.3,59.6,40.4,Yes
18.8,70.2,69.6,No
15.2,96.6,64.1,Yes
10.5,70.6,76.3,Yes
7.4,66.1,68.9,No
-2.8,69.4,63.3,nan
9.2,69.9,64.5,No
8.4,55.2,43.2,Yes
12,108.5,52.8,Yes
9.2,64,87.8,No
8.4,90.7,68.1,No
1.1,54.6,75.2,Yes
5.3,86,55.7,No
12.4,78.4,78.1,No
18.6,75.5,60.8,Yes
9.5,78.5,43.4,Yes
11.6,,63.8,No
14.8,70.5,84.4,Yes
,71.5,34,No
11.8,86.5,76,No
6.3,52.2,67.4,Yes
14.3,49.1,103.9,Yes
10.8,78.6,99.4,Yes
11.5,34.8,38.5,No
6.1,,85.7,No
13.5,111.1,59.1,No
20.4,106,62.1,No
5,63.6,56.4,Yes
8.3,95,54.5,Yes
11.2,95.7,84.8,Yes
13.9,84.4,29.7,No
7.2,73.4,55,nan
-4.2,87.5,75.1,No
16.8,91,34.4,No
13.8,87.8,61.5,No
1.3,44,46.9,No
7,115.7,68.5,Yes
17.8,123.1,65.7,Yes
17.2,36.8,79,No
14.7,85.2,30.2,No
9.1,115.9,71.5,No
10.4,95,53.8,No
9.3,95.3,86.8,No
15.6,46.2,58.4,nan
5.6,90.8,,No
6,79.8,56.8,No
,90.6,73.5,No
9.8,54.3,75.4,nan
16.9,53.6,64.6,No
6.6,72.1,50.3,No
9.7,67.4,47.2,No
,71.9,75.2,Yes
10,65.4,72.9,Yes
2.6,71,71.2,Yes
7.6,61.7,88.7,No
2.8,74,,No
13.5,46.5,94.7,nan
13.6,85.3,70.1,No
1.3,,57.4,No
16.7,49.8,64.2,No
22.5,,47.1,No
10.2,58.5,49.7,No
6.8,98.8,63.3,No
24.1,81.6,76.6,No
3.4,95,54.4,No
10.1,78.5,97.2,Yes
10.9,86.3,64.4,No
16.7,94.8,56,No
11.8,113.1,45.7,No
7.5,96.5,57.2,No
5.2,84,86.6,No
8.3,48,90.9,No
5,26.7,74.2,No
10.2,,65.8,Yes
7.2,60.7,43.5,No
2.5,61.4,26.4,Yes
16.3,73.4,67.8,No
7.5,88.3,,Yes
3.7,62.6,56.8,Yes
9.2,92.9,,Yes
10.3,75.7,44.9,Yes
1.3,75.8,86.9,Yes
11.7,112.5,92.9,Yes
4.8,78.6,75.3,No
18.6,73.9,60.5,No
12.6,85.5,55.9,nan
8,150,60.4,No
6.3,74.1,69.8,No
9.5,83.8,80.1,No
13.1,72.8,71.8,No
9.9,72.9,83.9,Yes
,65.2,73.3,Yes
10.3,63.8,80.5,No
7,108.9,64.6,No
8.3,63.9,47.8,No
-0.4,44.2,84.3,Yes
14.9,77.5,97.8,No
11.5,95.4,69.4,Yes
6.1,99.9,56.8,Yes
19.5,51.1,72.1,Yes
10.4,97.3,59.7,Yes
,,65.5,No
14.3,,66.3,Yes
12,71.5,53.6,No
12,50.4,54.2,No
7.9,112.1,63.9,No
12.3,45.2,62,No
8.7,67,73.6,Yes
12.8,90.7,69.1,No
0.5,61.3,74.1,Yes
7.8,55.2,62.9,No
18.6,74,52.9,Yes
,122.8,49.4,No
7,69.9,79.8,No
7.8,70.9,57.7,No
3.9,52.7,55.5,No
-1,82.7,84.2,Yes
8.8,92.7,59.1,nan
10.7,62.9,32.3,Yes
9.7,85.7,68.3,Yes
9.3,63,56.8,nan
10.2,37.1,,Yes
15.1,84.1,62.9,No
9,116.5,34.3,Yes
7.1,51.1,37.1,Yes
8.6,78.6,58.1,No
12.9,101.2,73.4,No
17.1,73,61.1,No
6.9,46.5,60.4,No
10.5,75.9,65,No
11.7,104.8,78.4,Yes
5,64.9,65.6,No
10.1,79.6,64.2,Yes
2.7,53.9,56.7,No
1.2,73,59.2,Yes
11.8,82.7,67.7,No
8.1,77.5,84.7,Yes
11,66.4,68.6,Yes
9.9,83.9,52.8,Yes
5.1,88.4,60.5,No
9.8,89.7,81.6,Yes
3.8,69.1,66.2,Yes
17,62.6,44.3,Yes
-1,,,Yes
9,77.8,55.3,nan
4.8,69.9,47.8,No
12.9,45.5,66.3,Yes
8.3,56.4,52.4,Yes
7.4,62.2,77.2,Yes
14.3,83.8,66.4,nan
10.1,67.9,85.2,No
12.6,75.3,70.2,Yes
5.1,46.3,,No
3,103.1,57.3,No
,60.3,59.6,No
8.4,79.7,72.4,No
,64.4,43.4,Yes
,68.6,69.1,Yes
11,59.1,51.2,No
1.9,80.9,98.6,No
19.4,55.4,73.3,No
9.2,81.3,74.8,Yes
13.5,72.6,66.1,No
5.8,87.6,41.1,Yes
11.5,89.6,65.3,No
3.5,68.6,70.9,No
12.3,82.3,,Yes
8.2,66,63.8,No
10.1,101.3,74.5,No
13.5,67.8,66.7,No
3.8,,69.1,Yes
6.6,65.6,72.9,Yes
12.3,60.3,83.5,Yes
20.5,115.7,52.5,No
9.3,84.7,94.1,Yes
-1,76.4,94.1,Yes
9.5,65.5,56.7,Yes
19.7,97.3,75.1,nan
1.3,64.1,92.3,No
10.5,77.4,86.6,No
1.9,119.1,39.2,Yes
-2.5,55.9,,No
11.5,85.8,57.5,nan
10.7,80.8,77.8,Yes
8.6,85.6,79.2,No
9.5,69.3,47.3,Yes
25.5,63.2,54.4,No
8.7,79.5,41.4,Yes
12.6,65.9,63.7,Yes
6.8,28.4,60.7,Yes
,58.5,72,No
8.8,68.7,92.1,No
7.9,53.4,69,No
19.1,78,60.5,Yes
15.9,59.8,77.1,No
10.7,74.1,59.7,Yes
-1.5,118.4,62.3,Yes
8.2,99.5,67.6,nan
23.5,86.8,47.1,nan
8.8,111.2,60.4,Yes
15.5,73.5,,Yes
17.2,73.8,77.1,Yes
11.1,53.9,49.6,Yes
5.8,100.6,50.9,Yes
-2.2,114.1,54.3,No
13.4,93.1,53.3,No
5.9,103.5,90.1,Yes
10.9,,81.3,No
3.8,121.8,72.3,Yes
8.7,72.9,,No
10.2,122.1,64,Yes
11.3,,88.7,No
4.4,90.4,60.4,Yes
16,68.1,,No
7,,77.3,Yes
1.6,36.8,61.5,Yes
9.5,93.6,62.4,No
10.2,23.9,61.6,No
10.8,69,62.7,Yes
16.8,105.9,72.5,No
8.8,89.4,60.4,Yes
9.4,44.4,69.6,Yes
4.5,48.2,80.7,No
14.1,63.1,,No
10.9,76.6,51.5,Yes
7.9,92.5,80.3,Yes
,87.1,82,nan
17.2,53.8,83.9,Yes
3.9,87.4,65.7,Yes
7,89.5,,No
11.8,84.8,41.8,Yes
4,124.6,66.5,No
2.5,89.5,91.7,No
-0.6,94.4,69.7,No
13.6,112.5,61.8,No
7.3,92,73.7,No
24.6,64,47.2,Yes
5,99.9,60.9,Yes
5.4,67,77.2,No
,55.3,73.4,Yes
11.2,,57.5,No
7.6,99.6,91.8,No
13.1,87.4,43.1,No
5.1,96.2,69.7,No
,,77.7,No
1,78.8,83.5,No
-1.1,81.4,66.8,No
7.4,86.8,76.5,nan
8.5,63,65.1,No
6.8,49.2,90,Yes
16.2,65.3,69.8,No
16.1,85.9,82.4,No
8.3,62,47.7,No
1,117.6,63.3,No
7.2,83.8,73.1,No
7,77.4,73,nan
6.7,62.9,56.5,Yes
,93.3,37.1,Yes
6.7,50.8,38.6,No
8.1,81.3,50.8,No
6.8,66.3,106.8,No
11,77.4,19.5,Yes
11.8,84.7,62.5,No
5.4,52.1,60.6,No
16.4,41.6,65.6,Yes
5.1,56.4,63.8,Yes
1.9,92.6,50.3,No
11.9,82.5,80.3,Yes
5.9,66.9,40.5,Yes
11.6,114.4,93,No
-2,100.7,71.8,No
17,95.9,51.3,No
13.4,60.5,54.6,No
2.5,95.6,82.2,Yes
2.6,81.8,44.9,Yes
18.4,60.6,65.7,No
6.3,72.9,64.5,Yes
5.8,54.2,64.1,Yes
-1.3,60.7,73.2,No
8.2,52.1,74.7,Yes
8.9,94.1,71.2,No
13.6,73.6,81.8,No
3,56.2,68.9,No
2.4,85.3,57.5,No
12.3,75,48,No
15,96,65.9,No
2.1,77.7,70.8,Yes
15.4,46.3,200,No
10.2,65.1,200,No
15.5,51.9,51.9,Yes
9.6,86.3,51.5,nan
-2.6,96.7,67.3,No
9.2,,33.5,No
15.3,72.5,86.7,No
5.5,,78.7,No
8.1,43.8,47.2,Yes
9.1,66.3,62.2,Yes
-4.5,75,67.3,No
18.4,96.3,53.8,Yes
5.5,85.9,57.5,No
12.5,90,63.2,No
9.6,87,64.8,Yes
16.3,67.5,63,Yes
12,107.9,65.8,nan
8.8,61.6,,Yes
5.5,19.4,60,Yes
14,39,71.5,No
0.6,72.7,82.5,nan
13.2,68.4,71.8,Yes
4.5,64.3,91.1,No
16.3,78,44,No
10.8,99,56.3,Yes
13.2,84.1,70.5,Yes
10.4,88,68.6,Yes
1.2,53.4,59.2,No
5.7,64.6,74.2,Yes
13.4,89,68.1,No
10.8,77.2,82.6,No
15.9,84.5,49.1,No
12,87.3,65.8,No
5.2,78.3,58.3,No
6,106.6,77.9,Yes
10.5,64.4,73.2,No
-1.6,58.6,57.8,No
18.4,39.7,80,No
12.2,90,64.7,No
16.1,63.6,46.4,Yes
2.1,100.3,61.2,No
16.2,80,99.8,No
21.2,68.2,62.2,Yes
3.4,53.9,68.6,Yes
13.9,91.9,69.3,No
10,73.9,64.4,No
2.3,80.4,88,No
12.5,87.1,76,Yes
14.2,80.3,74.8,No
7,58,61,Yes
15.8,85.4,75.4,nan
1.7,91.4,60.4,Yes
2.5,82.2,71.4,Yes
10.7,87.6,96,Yes
10.1,89.5,88.4,nan
6.4,67.1,63.3,Yes
14,66.3,68.4,No
12.7,119.5,48.5,No
14.3,101.5,61.4,Yes
9.4,74,31.6,No
,88.7,78.7,No
7.8,56.2,53.8,Yes
20.3,63,63.6,No
5.9,50.1,58.2,No
20.5,80.7,80.5,Yes
10.2,80.9,85.5,Yes
3.1,96.7,86.2,Yes
16.8,70.8,45.8,No
10.6,96.3,74.8,Yes
14.3,88.1,51.9,Yes
16.1,124.2,67.2,No
11.7,108.3,79.5,Yes
7,104.8,61.1,No
14.9,,68.3,Yes
10,57.1,55.7,No
13.4,80.9,81.4,Yes
-0.8,120,61.7,No
12.2,85.1,57,Yes
6.8,58.6,70.1,No
18.3,81.7,78.8,Yes
13.1,55.2,44.1,Yes
11.2,57.9,71.9,Yes
12.4,83.3,,Yes
5,89.8,75,Yes
18.1,59,57.2,Yes
20,63.8,52,Yes
12,46.5,54.3,nan
18,72.4,67.5,Yes
7.2,36.1,73,No
6,69,55.6,No
10.2,76.6,65.8,Yes
12.2,39.9,55.3,No
8,54.9,59.4,Yes
12.7,73.8,57.6,No
11.5,71.1,54.4,Yes
5,72,46.7,No
12.6,80.8,63.9,No
,41.6,82,No
10.9,89.2,66.3,Yes
15.8,68.6,60.5,nan
3.9,63.1,77.1,Yes
12.3,37.7,57.6,Yes
4.1,69.6,,No
4.4,85.2,41.7,Yes
6.8,77.8,64.9,Yes
5.3,78.4,60,Yes
7.3,68.2,37.1,Yes
8.9,73.8,58.3,Yes
14.2,52.9,29.8,No
8.4,74.9,56.1,No
,65.2,72.4,Yes
15.7,52.5,51.4,Yes
5.8,90.1,54.3,Yes
9.7,43.5,42.2,No
12.2,85.5,69.3,Yes
11,86.7,200,No
,64.5,64.4,Yes
12.4,95.6,82.2,Yes
5.7,64,50,Yes
20.9,,84,Yes
11,51,61.2,No
9.3,74.8,80.8,Yes
14.8,55.8,63.3,No
11.2,59.2,40.5,No
12,73.7,,No
22.5,74.5,61.1,No
8.6,100.1,40.1,No
8.4,93.6,72.9,Yes
10.6,86,77.3,No
15.4,72.1,42.8,Yes
2.5,66.9,60.7,Yes
0.2,74.5,63.6,Yes
7.1,,75.3,No
1.8,61,71.2,Yes
7.9,73.4,58.8,nan
-1,57.4,43.8,No
5.5,58.7,,No
2.9,94.1,63.1,Yes
10.3,47.4,52.7,Yes
14.3,54.2,96.8,Yes
1.5,100.5,67.6,nan
14.1,67.2,55.3,No
14.1,102.5,56.6,No
14.8,51.7,77.5,Yes
16.1,76.5,82.8,No
21,90.4,74.3,No
8.2,56.9,80.2,nan
10.5,108.5,46.4,No
7.9,67.2,64.3,No
10,85.2,47.7,No
17.7,61.4,77.1,No
3.3,104.8,78.5,nan
5.7,,50.2,No
16.9,116.9,56,Yes
,98.6,,Yes
8.2,91.7,68.4,Yes
14.3,55.9,,No
11.7,76.7,65.6,No
17.5,,60.1,Yes
10.4,75.5,92.5,Yes
15.1,78,79.4,Yes
23.2,57,62.8,No
13,71.9,42,No
10.2,73.1,39.6,No
13.6,54.8,,Yes
8.2,91,,Yes
21.9,79.4,62.5,Yes
10.9,91.3,83.5,Yes
8.6,84.7,75.8,Yes
5.8,40.7,31.6,Yes
15.5,58.3,52.7,No
14.3,108.1,39.8,Yes
7.5,90.7,59,No
12.9,42.6,69.7,Yes
2.5,84.4,66.1,nan
10.9,,64.7,No
,33.1,47.4,No
18.5,108.1,99.7,No
6.1,76.5,67.3,nan
3.6,79.3,88.6,nan
5.5,49.9,77.3,Yes
3.3,51.9,74.1,Yes
16.7,43.2,74.2,Yes
17.7,103.3,56.7,nan
11.6,42.1,56.1,No
16.1,107.3,63.5,No
10.7,55.3,,No
9.5,50.4,28.2,Yes
8.3,73.9,64.8,Yes
8.4,61.3,73.6,No
2.3,76.9,45.5,nan
11.3,57.5,49,Yes
9.8,68.7,66,No
13.7,59.8,71.2,Yes
10.5,92.2,62.5,No
9.2,85.3,70.2,nan
5.6,80,67,Yes
10.4,96.1,59.2,Yes
,80.3,64.5,Yes
4.3,78.6,64.5,Yes
,72.6,65.3,Yes
11.2,60.7,62.8,No
6.4,60.7,70.1,nan
7.1,77.9,79.2,No
11.2,95.4,71.5,Yes
4.3,,30.4,Yes
11.7,86.3,44.2,nan
5.5,52.9,73.9,Yes
15.3,85.5,52.8,Yes
21.7,67,,Yes
5.7,78.5,42.8,Yes
12.7,86,77.4,Yes
6.4,51.9,51.9,Yes
15.2,,,nan
3.7,79.7,53.9,No
12.4,95,50.5,No
5.6,64.7,66.2,Yes
9,73.8,,Yes
4.8,78.4,50.8,No
14.1,64.7,78,Yes
5.8,64.3,86.8,Yes
12.8,63.5,61.6,nan
8.3,72.4,200,No
9.4,109.9,42.1,Yes
10.7,73.2,74.5,No
6.2,84.8,58.4,No
11.1,75.6,,Yes
17.7,68.8,69.2,Yes
6.1,74.5,45.2,Yes
15.9,90.4,67.3,No
17.5,73.9,59.1,Yes
5.9,71.8,67.9,Yes
2.7,70.3,43.2,Yes
11.5,55.1,68,Yes
7.3,95.8,38.3,No
19.3,,69.1,No
10.2,104.4,63.7,Yes
6,79.9,36.9,No
4.3,103.1,,No
15.4,71,75.5,No
7.1,60.3,58.3,No
10.2,95.9,45.5,Yes
14.8,63.8,58.6,Yes
7.6,,,Yes
9.8,86.6,69.7,No
9.9,104.3,76.3,Yes
13.4,,58,No
13,94.1,,Yes
8.9,60.1,81.7,Yes
10.3,27.1,,No
8.1,92.9,76,No
2.6,74.9,49.8,No
11.3,94.2,83.6,Yes
19.5,76.8,74.3,nan
5.6,75.4,68.6,No
6.1,105,69.7,Yes
5.6,77.4,81,No
13.6,65.5,37.1,No
12.2,73.2,62.7,Yes
9.2,78.2,47.9,No
5.4,18.1,71.2,Yes
10.5,84.8,52.7,nan
2.2,102.2,111.3,nan
10.7,74,76.3,No
14.4,66.6,47.5,Yes
3.7,82.8,79.4,No
2.3,109.9,58.9,No
17.9,84.4,66.4,No
,79.3,62.9,Yes
15.7,67.2,37.6,No
9.2,53.6,55.9,No
9.2,75.5,48.1,No
12.2,75.8,28.8,Yes
5.6,36.4,57,No
10.7,60.5,61.1,Yes
8.1,98.2,43,No
3.4,69.8,81.2,Yes
11.7,25.9,70.6,No
8.7,107,66.5,Yes
9.2,57.2,72.7,No
3.9,65.6,73.2,No
18,96.2,69,No
14.4,60.2,88.2,No
14.8,35.6,33.6,Yes
8.5,79.4,73,Yes
1.4,90.9,59.4,Yes
19.8,65.6,,Yes
9.7,72.5,70.5,Yes
,51.4,63.3,No
12.1,55.1,86.6,nan
15.8,68.6,62.3,No
9.9,88,71.3,Yes
16.4,77,55.6,No
,95.4,67,Yes
4.6,108.1,96,Yes
6.6,92.7,77.9,No
14.8,43.2,71.4,nan
-3.6,69.3,44.4,No
9.3,,100.4,Yes
2.8,72.6,,No
7.6,42.6,66.1,Yes
8.5,64,71.9,Yes
8.2,29.6,74.5,No
7.2,69.5,54.4,No
4.5,61.3,75.1,Yes
21.5,,46.6,No
19.3,98.6,89.9,Yes
4.2,48.4,45.7,No
17.9,60.6,57.2,Yes
8,52.2,73.6,No
10.6,96.4,62.4,No
,97.6,87.7,No
6.7,82.2,83.9,Yes
14.9,81.2,72.4,Yes
10.6,51,54.2,Yes
7.6,,63.1,No
3.5,52.6,43.1,nan
5.5,75.8,52.4,No
1.8,68.1,61.4,Yes
10.1,63.1,78.2,No
4,75.6,71.4,No
8.7,88.5,61,No
16.9,110.5,,nan
16,86,76.5,No
9.8,120.6,,Yes
9.6,79,75.2,No
19.4,110.7,72.8,Yes
12.6,83.7,81,No
8.4,79.8,52.2,No
2.9,71.6,58.3,No
12,,65,Yes
,,60.4,Yes
6.8,46.7,54.9,Yes
11.5,89,54.8,Yes
8.2,45.3,45.8,No
9.1,89,53.4,Yes
-2.4,150,75.5,No
8.9,103.4,78.4,No
14.8,57.8,69.4,Yes
6.8,55.3,61.3,No
,97.1,63.4,No
6.2,53.5,86.2,Yes
11.8,51.5,77.8,No
8.9,79.2,25.8,Yes
5.3,74.1,52.2,No
16.7,78.1,57.2,Yes
14.6,85.8,88,nan
7,85.9,74.5,nan
12.5,73.4,43.4,No
12.7,76,75.4,No
13.2,73.7,108.1,No
1.5,75.7,77.4,Yes
15,47.3,52,Yes
7.2,90.1,87.5,No
8.2,96,70,Yes
23.2,87.7,54.9,Yes
11.5,86.2,65.7,Yes
8.1,55.2,61.4,No
-1,46.7,54.5,No
16.9,150,46.7,No
3.3,75.6,56,No
5,78.4,64.2,No
8.3,79.3,76.9,No
17.1,80.1,45.9,No
13.9,87.9,44.3,Yes
9.2,73.1,,Yes
11.5,36.9,60.1,nan
7,88.8,59.1,Yes
10.7,86.6,51.2,No
10.4,49.1,51.9,No
14.8,51.7,48.2,No
14.8,92.7,38.1,nan
12.5,97.4,70.1,No
8.2,21.7,72.4,No
13.7,83.8,90,No
9.5,70.6,73.8,No
4.6,76.5,64.5,Yes
8,77.6,72.1,No
10.4,59.8,59.4,No
14.6,88.1,52.2,nan
9.1,61.2,74.7,Yes
4,89.9,69.7,No
10.3,94.4,45.8,Yes
10.6,57.6,64.4,No
10.9,58,52.5,No
14.6,77.3,78.8,Yes
15.1,105.1,58.6,Yes
7,63.1,90.6,Yes
6.9,66.9,82.7,Yes
4.8,81.4,48.6,Yes
13.5,88.1,55,nan
17.2,85.5,75.1,No
8.4,75.6,65.8,Yes
8.8,68.9,60.8,No
17.3,81.6,65.8,No
12.5,11,63.1,Yes
12.2,112.4,80.1,No
4,71.3,60.7,Yes
13.4,78.6,72,No
5.4,117,72,No
4.3,60.2,,Yes
8.3,121.6,63.9,No
7.1,89.8,67.4,Yes
8.9,83.9,70.6,No
2.8,87.9,55.3,Yes
14.8,58.2,62.6,No
15.6,,51.4,No
0.3,51.4,75.3,No
14.9,96.7,88.5,No
5.9,56.3,36.4,Yes
14.3,41.9,80,Yes
9.7,73.4,64.3,No
10.1,86.5,83.9,nan
9.1,75.8,68.9,Yes
16.1,87.1,79.6,No
3.8,98.1,63.4,Yes
13,86.4,65.7,No
15.5,71.9,79.4,No
13.6,64.1,,No
21.6,90.4,57.1,No
7.4,80.5,66.7,Yes
14.8,57.8,54.1,nan
9.5,101,61.4,No
16.2,80.2,57.3,Yes
10,88.1,50,Yes
8.1,67.2,72.6,No
16.5,97.6,68.1,Yes
7.5,43.3,51.6,Yes
2.9,108.5,47.5,No
7.4,36.2,78,Yes
13.1,47.5,57.6,Yes
17,80,98.6,Yes
,64.4,63.7,No
16.6,68.4,65.7,No
3.2,64.4,61.6,No
7.8,59.3,43.8,Yes
8.6,81.3,43.8,Yes
9.4,74,85.8,No
10.4,92.7,85.1,No
13.5,76.6,50.2,Yes
,66.7,72.5,Yes
10.7,90.5,85,No
9.8,38.4,45.1,No
5.4,23.4,64.8,No
9.4,,57.1,No
9.3,68.1,67.5,Yes
9.2,82.8,83.5,No
10.2,21.6,,Yes
10.4,74.8,73.8,Yes
7.8,,31.7,No
16.4,77.7,75.5,No
4.2,36.8,64.5,Yes
6.4,127.3,97.4,Yes
23.9,75.7,74,Yes
4.8,50.7,60.1,Yes
3.2,77.6,93.3,No
13.7,104.9,63.9,Yes
-0.4,49.3,69.1,No
8.8,45.1,44.3,Yes
20.7,72.6,55.5,No
2.3,74.3,54.2,Yes
0.1,89.2,62.3,No
2.5,104.5,46.7,No
14.5,90.6,39.2,Yes
15.6,47.2,66.6,Yes
7.4,,43,No
,59,75.9,Yes
17,90.6,94.6,No
18.9,87.1,68.4,No
,100.2,68.9,Yes
-1.5,86.2,31.7,Yes
5.9,62.5,74.4,nan
7.9,71.1,63.9,No
,45.8,72.2,No
,87.6,47.4,nan
15.6,62.5,61,Yes
16.4,99.5,83.5,Yes
,87,53.6,No
15.5,113.8,60.1,Yes
11.8,83.4,78.5,No
10.3,83,75.4,Yes
14.5,71.3,80.9,Yes
10.4,67.3,54.3,Yes
20.3,69.8,62.7,No
2.8,95,51.5,Yes
7.4,48,50.6,No
9.4,76.3,50.7,No
12.2,41.7,,Yes
16.3,82.5,88.8,No
,65.8,84,Yes
2.9,85.1,73.1,Yes
,60.2,51.3,Yes
13.8,69.9,49.7,Yes
0.3,87.6,60.7,Yes
10,77.5,71.1,No
2,105.9,73.4,Yes
6.7,65.4,68.6,No
5.5,63.6,63.6,No
14,99.7,68.2,Yes
10.6,67.7,56.7,No
3.6,66.7,43.4,No
14.4,82.7,60.7,No
,71.7,67.7,Yes
11.7,68.8,63.1,No
5.9,61.1,42.1,No
8.2,102.2,61.8,Yes
12.5,72,55.8,No
12.6,63.8,85,Yes
16.7,69.1,73.4,No
9.6,82.1,19.8,No
,,65.8,Yes
7.8,71.6,47.9,Yes
10.9,57.7,43.2,Yes
12.2,113.4,30.7,No
9.5,77.7,78.1,Yes
1,72.9,80.2,Yes
11.7,76.4,42.5,No
11.8,50.1,81.8,No
6.6,74.1,96.5,Yes
3.6,90.2,61.9,Yes
17.4,99.4,51.4,nan
12.5,67.8,63.9,nan
8.9,78.8,,No
4.3,99.8,84.7,nan
5.9,75.8,64.5,No
16.5,89.4,51.2,Yes
10.7,83.5,68.6,Yes
7.2,61.7,63.5,nan
12.5,56.7,66.8,No
5.9,96.2,59.2,No
17.5,21.5,67.9,No
16.8,61.6,37,No
7.7,47.1,70.4,Yes
6.9,96.2,82,Yes
-3.1,102.3,62.1,Yes
2.6,60.5,66.9,No
3.3,130.3,,Yes
10.7,102.5,72.8,Yes
8.4,78.9,78.9,Yes
,105,89.6,No
8.6,62.2,29.4,Yes
12.5,69.5,72.9,No
12.6,84.3,38.9,Yes
0.5,61.2,70.9,Yes
9.4,49.3,56.7,No
3.1,56.2,72.5,Yes
14.5,71.1,71.5,Yes
13.9,84.4,66.2,No
5.5,68.2,58.2,Yes
6.2,,67.4,Yes
7.7,84.4,79.1,No
-1.3,100.5,69,No
11.7,61.8,76.9,No
8.6,108.3,44.2,No
14.9,92.4,66,No
4.5,53.9,57.7,No
6.9,62,76.7,Yes
2.5,68.7,73,Yes
5,71.3,57.3,No
4.1,26.2,67.3,Yes
15,59.9,62.9,No
6.5,63.9,70.9,No
10.6,112.8,70.2,No
8.1,79.5,66,Yes
3.7,59,44.9,No
9.2,66.2,87.3,No
13,83.5,80.8,nan
4,67.4,66.3,No
14,63.3,72.8,No
5.8,63.9,74,Yes
7.6,84.6,54.6,No
12.7,47.4,83.6,No
6.7,53.3,34.5,Yes
10.2,56.4,39.4,No
8.4,52.9,54.3,Yes
10.6,58.5,70,No
-1.9,92.9,67,No
0.9,95.7,66.1,Yes
13.1,80.4,63.9,Yes
15.2,79.3,60.2,Yes
5.4,61.6,45.9,No
8.8,33.4,44.3,Yes
11.5,77.9,45.7,nan
13.5,81,48.6,Yes
-0.1,61.5,43.8,No
5.6,53.5,43.5,No
8.3,49.5,60.9,Yes
13.5,78.4,80.8,Yes
22.5,76.6,71.6,No
8.9,98.9,51.1,Yes
3,58.9,54.6,Yes
12,69.2,93.5,Yes
16.6,75.3,,No
10.5,64,48.7,Yes
5.5,91.8,60.7,Yes
14.8,99.8,,No
13.3,52.9,52.2,Yes
4.9,65.8,65.5,No
11.9,101.5,84,Yes
15,81.5,45.2,Yes
15.9,77.3,70.8,Yes
9.7,,79.8,Yes
8.2,88.1,71.8,Yes
16.1,82.8,80.5,No
3.9,79.3,73.1,Yes
12.2,75.2,54.5,No
3.1,102,91.9,Yes
15.3,69.7,72.8,nan
8.7,75,,No
16.3,106,37.1,No
12.5,81.5,100.9,No
3.9,,78,Yes
17.1,87.6,72.1,No
,79.5,51.2,No
14.4,60.2,76.1,No
6.2,79.9,83,Yes
8.5,58.8,38.6,No
10.7,111.5,73.6,Yes
6.5,79.8,55.3,Yes
18.5,56.2,73.7,No
10.7,67.1,49.5,nan
-3.5,90.2,84.1,No
11.7,53.2,63.8,No
8.3,129.4,76.2,Yes
9.6,45.9,79.5,Yes
8.2,93.5,69.5,Yes
14,65.3,52,No
15.6,,74.5,No
11.4,85.8,63.6,nan
8.3,65.9,67.9,No
9.8,106.8,59.5,Yes
10.1,47,38.2,Yes
6,86.2,65.9,Yes
12.9,69.5,56,Yes
12.3,80.9,69.5,No
17.7,85.3,64.5,No
16.3,40.4,57.1,Yes
6.6,79.7,97,Yes
14.1,96.8,60.3,No
5.2,84.3,66.2,Yes
13.5,67.6,93.2,No
7.4,46.7,49.9,Yes
4.9,85.2,77.6,No
11.4,112.5,53.8,No
,88.2,61.5,No
1.2,98.2,70.9,No
9.1,93.7,82.2,nan
10.4,67.1,49.7,No
8.2,76.8,68.8,Yes
2.1,92.4,53.9,No
5.9,43.4,74.7,No
12,88,,No
12.9,100.2,75,nan
9.9,74,52.9,Yes
15.8,91.3,48.5,Yes
12,63.9,62.4,No
6.3,75.8,46.6,Yes
8.6,69.5,72.7,Yes
3,84.2,86.2,No
9.5,72.9,53.2,No
15.6,41.5,72.8,No
13.4,60.6,53.1,No
17,113.9,83.8,No
8.5,86.4,80.2,Yes
16.7,33,63.8,No
9,99.2,76.5,Yes
17.4,51.9,77.6,Yes
9.9,92.9,,No
13.5,100.8,72.4,Yes
17.4,77,55.7,Yes
9,55.1,66.9,Yes
11.1,60.7,59.8,No
16.4,87.6,65.4,No
9.3,52.3,78.8,Yes
3.4,63.4,47.8,Yes
20.7,85.3,38.8,No
7.7,62,58.3,No
10.8,103.4,81.6,Yes
15.8,54.2,51.5,No
7,9.2,57.3,Yes
5,59.4,82.5,Yes
11.3,81.2,85.8,nan
1,92.3,75.4,nan
8.6,66.8,71.1,Yes
11.2,69.5,80,No
8.7,74.4,58.8,No
2.3,109.8,75.4,nan
18,82.6,53,Yes
10.5,,89.3,No
17.2,116,80.6,Yes
8.7,75.2,74.9,Yes
5.6,33.5,59.9,No
11.3,47.3,75.4,Yes
8.9,86.2,64.7,No
4.1,39.5,56.7,No
17.3,85,73.8,Yes
6.9,59.4,36.5,Yes
0.8,98.6,78.3,Yes
16.6,78.4,49.5,Yes
7.5,42.3,76,No
7,93.3,42.6,No
1.2,102.3,58.8,No
18.7,49.5,71.8,Yes
3.6,58.9,78.1,No
10.3,85,54.6,Yes
14.6,88.6,51.1,Yes
12.1,,80.3,Yes
9.7,92.8,93.5,No
1.5,123,51.4,No
6,75.4,25.8,Yes
10.9,82.7,,No
6.1,63.6,62.8,Yes
11,64.5,51.4,No
13.4,77.9,65.9,Yes
14.8,63.3,94.2,Yes
3.9,23.7,74.9,No
21,61.7,,Yes
13.8,96.5,67.4,Yes
10,76.5,72.2,Yes
15.4,76.6,90.5,Yes
21.8,59.7,51.5,No
,81.7,76.4,Yes
8.9,108.2,64.5,Yes
-1.9,103,64.1,nan
11,82.3,47.8,Yes
11.8,57.9,71.3,No
9.8,110.3,73.7,No
6.7,96.2,62.2,Yes
-0.2,45.4,86.7,No
11.9,39.9,66.2,Yes
17.3,46.5,33.1,No
7,65.1,73.2,No
12.2,93,47.6,No
2.2,92.6,86.4,No
12.3,81.8,,Yes
8,72.2,80.1,nan
6.2,122.4,65,No
6.2,75.7,74,No
8,73.3,53.8,Yes
11.9,64.8,74.2,Yes
3.4,119.2,53.1,No
8,89.4,93.2,Yes
9.8,54.3,50.2,Yes
4.5,51.9,40.4,No
19,41.4,62.5,No
5.7,73.1,73.9,No
6.7,45,99.8,Yes
5.1,51.6,54.1,Yes
19,96.4,65.9,Yes
12.8,92.8,65,nan
5.3,104.8,49.2,Yes
15.5,45.6,50,Yes
,55,36.7,No
11.3,62.4,87.9,Yes
8.3,107.8,53.1,nan
6.3,76.3,33.7,No
11.7,111.4,59.2,Yes
7.3,87.5,83.3,Yes
19.1,72.8,72.7,Yes
3.7,86.5,,No
17.7,40.4,89.3,No
9.4,33.9,80.6,No
11.5,80.2,25.7,Yes
14.2,75.3,57.8,Yes
6.8,113.7,71.5,No
14.3,47.4,67.8,Yes
-3.5,82.4,73.3,No
6.4,88.9,,No
5.4,81.9,50.5,Yes
3.7,97,31.3,Yes
,62.4,28.5,No
11.9,91.6,78.8,Yes
13.5,86.2,62.6,Yes
11.2,98.3,,Yes
6.7,64.8,61.5,Yes
11.8,51.3,57.8,Yes
10.6,62.4,59.7,Yes
14.7,53.7,36.3,No
13.9,63.7,73.9,Yes
10.2,68.3,75.8,No
5.5,56.8,66.9,Yes
6.7,75.2,63.9,Yes
7.3,51.4,67.7,No
8.4,73.5,65.7,No
11.3,65.1,38.4,No
13.6,72.6,52.4,Yes
9.7,82.9,68.2,Yes
10.1,66.6,54,No
10.7,59.4,78.3,Yes
7.4,61.9,44.7,Yes
5.4,95.5,100.2,No
1.2,100.5,,Yes
6.5,64.7,60.8,No
12.4,71.9,42.5,Yes
6.5,40.9,57,Yes
,71.4,83.2,Yes
12.3,46,59.9,Yes
12.6,,70.9,Yes
4.6,96.5,,Yes
15,45,73.6,Yes
15.6,57,72.5,No
4.4,57.1,60.6,No
5.9,41.6,86.8,No
16,92.3,72.6,Yes
9.3,80.5,82.7,No
-1.1,111.2,61.3,Yes
3,55.1,62.5,Yes
8.8,39.6,105.2,Yes
4.2,93.8,64.4,No
7.9,67.8,83.8,Yes
-1,65.7,43.2,Yes
17.3,104.6,70.4,Yes
8.5,78.4,58.9,No
15.4,93.1,88.1,No
17.1,62.5,,Yes
17.2,60.5,58.6,Yes
11.4,67.7,73.7,Yes
0.2,88.4,49.2,No
12.3,76,66.9,Yes
15.2,84.4,56,No
9.6,22.9,67.1,Yes
18.7,37.4,63.6,Yes
14.3,31.9,92.5,Yes
12.8,67.4,71.9,No
15.4,47,45.4,Yes
11.7,108.8,51.2,Yes
-2.5,74.6,58.4,Yes
7.5,79.3,54.5,nan
16,53.2,86.3,No
6,52.6,56.6,Yes
8.9,106,64.4,No
4.8,110.6,,Yes
18.9,83.3,106.9,Yes
18.4,34.4,62.8,Yes
5.6,66.5,89.9,Yes
10.7,81.3,58.5,No
6.6,70.4,79.6,Yes
13.1,32.6,52.4,Yes
12.5,112,,Yes
14.1,58.3,59.4,No
11.7,48.2,78.7,No
24.7,74.4,77.1,Yes
4.9,98.7,74.4,No
1.4,85.3,71.4,No
8,48.7,57.8,No
2.2,45.4,75.9,No
2.5,31.2,41,No
5,69.2,103.3,No
5.4,65.5,74.7,Yes
5.2,85.3,73.1,No
12.6,61.3,72.1,Yes
7.5,94.5,53.8,Yes
9.1,88.1,56.1,No
14.5,60.4,68.6,No
6.2,82.8,57.7,No
8.7,101.6,47.2,Yes
11.8,55.8,63.8,Yes
0.3,,70.3,Yes
-1.9,70.3,64.8,No
11.7,67.8,80.8,No
12.5,91,67.5,Yes
20.3,92.6,88.8,No
10.8,83.1,99.6,No
14.1,82.2,63,No
9,63.8,48.3,No
,81.6,47.8,No
18.3,49.3,64.3,Yes
-0.6,124.6,77,No
12.1,102,59.8,Yes
20.7,94.1,65.4,Yes
11.4,83.2,57.2,No
18.3,83.2,60.2,No
6.9,41.2,66.6,Yes
9.8,49.8,79.6,Yes
10.2,52.3,79,Yes
,76.2,31.5,nan
,69.4,75.2,No
4.5,91.2,74.7,Yes
14.1,55.7,63.7,No
,95.5,59.9,nan
11.6,58.6,74.1,Yes
14.1,66.6,67,Yes
9.2,92.9,61.6,No
16,85.1,97.6,No
10,50,72.7,Yes
10.3,96.3,,No
8.7,76.8,76.2,No
13.4,32.2,71.6,Yes
7.9,58.1,70.7,Yes
14.9,66.8,78,Yes
4.3,51.6,57.9,Yes
4.5,101.9,69,Yes
13.4,67.5,52.3,Yes
9.6,84.2,77.1,No
7.7,79.1,,Yes
14.5,89.1,52.8,No
7,108.5,64.3,No
9,88.5,68.5,No
17,109.9,78.5,Yes
17.7,89,83.3,No
17.9,77.6,79,Yes
8.6,81.4,73.1,nan
16.2,22.5,76.1,Yes
5.3,65.9,61,No
5.5,72.1,48.6,Yes
-1.8,83.8,55,No
18.4,74.5,65.7,No
5.7,81.7,62,No
9.4,48.5,61.3,No
5.4,43.4,69.1,Yes
13.5,51.3,79.9,No
8.1,106.4,69.2,Yes
3.5,49.6,57.7,Yes
12.2,59.2,46.8,Yes
2.8,77.1,62.7,No
5.8,43.2,34.3,Yes
-0.5,57.6,,Yes
2.9,88.5,66.5,Yes
10.9,66.2,91.5,nan
0.2,,85.1,Yes
2.6,41,73.3,No
10,,57.5,Yes
7.3,66.2,59.4,Yes
20,74.8,88.4,No
19.2,50.5,72.2,No
5.7,63.4,45.3,No
12.8,90.8,60,No
13.7,69.6,86.2,Yes
7,53.6,81.5,No
2.5,116.6,71.1,No
9.9,76,85.5,No
9.1,87.3,46.4,Yes
7.8,90.3,56.1,No
12.2,73.6,63.4,Yes
6.2,59.2,57.5,Yes
4.2,79,76.2,nan
10.5,61,77,No
11.9,82.4,72.6,Yes
4.1,71.7,49.7,No
14.6,95.6,91.5,No
,52.2,70.1,No
7.1,89.4,41.1,No
8.7,87.3,46.9,No
6.8,70.2,53.6,No
7.2,89.6,89.8,No
19.4,83.4,51.9,Yes
5.7,88.3,,Yes
22.2,,81.4,No
12.2,76,78.4,Yes
10.5,63.1,56.6,No
12.4,62.8,72.6,No
22.6,70.7,61.2,Yes
,91.9,74.3,No
4.4,87.6,60.4,Yes
6.2,95.1,72.9,No
10.2,97.1,65.4,Yes
1.4,70.7,56.1,Yes
10.1,114.2,79,No
18.5,72.9,66.1,Yes
10.8,65.1,79.7,Yes
8.5,81.7,72.7,Yes
6.9,84.7,64.4,No
14.5,60.2,82.7,Yes
5.9,71.8,68.9,Yes
19.2,66.1,72,Yes
19.7,77.8,60.6,No
11.3,90.9,58.1,Yes
9.9,69.7,67.8,Yes
15.2,86.5,51.6,No
15.5,47.2,,No
6,92.8,68.1,No
7.4,65.9,49.6,No
3.4,65.6,84.4,Yes
12,83,86.8,Yes
13.3,84.1,85.5,Yes
3.3,72.8,62.5,Yes
7.7,57.2,67.7,Yes
3.3,65.4,59.9,No
5.5,76.9,76.2,No
12.8,84.8,62.5,Yes
6.3,58.5,68.3,Yes
8.5,150,70.6,Yes
1.9,80.3,48.7,nan
10.9,73.3,64.5,Yes
9.8,77.9,78.8,nan
6.4,22.7,122.4,No
9.1,69.1,38.6,Yes
10.9,92.1,55.5,Yes
5.9,62.7,56.1,Yes
2.6,84.7,46.4,Yes
19,50.8,94.4,No
6.8,43.7,64.5,No
9.5,83.4,62.6,Yes
15.1,73.9,74.5,No
27.6,68.3,56.3,nan
3.8,91.9,76.1,nan
12.2,68.8,56.4,Yes
6.5,62.3,85.9,No
7.3,60.2,67.1,Yes
6.4,56,85.9,No
4.4,84.3,,Yes
9.8,68.8,30,No
2.6,97.9,46.8,No
14.7,16,89.7,Yes
10.3,93.5,60.4,Yes
12.1,,38.5,Yes
,73.2,57.7,Yes
8.2,49.2,59.7,Yes
11.4,41.8,84.2,No
4.2,90,52.7,No
,79.8,63.4,Yes
,79.5,81.6,Yes
5.5,73,58.1,No
-0.5,92,52.4,Yes
16.7,63.3,70.7,No
6.6,68.3,76.9,Yes
15.8,71.5,64.1,Yes
15.3,70.7,74.5,No
3.6,101.7,57.1,No
4.6,49.9,35.5,Yes
22.8,35.9,78.2,Yes
18.8,45.9,50,No
9.8,88.7,56,nan
11.3,73,,Yes
6.8,43,,Yes
12.2,77,63.8,Yes
6.4,68.5,57.5,nan
-0.2,86.2,87.3,Yes
3.4,90.9,60.4,No
10.1,125.4,61.2,Yes
4.3,51.4,41.4,Yes
9.7,37.7,66.8,Yes
4.6,86.8,86.7,No
6.1,94.7,43.2,No
14.3,49.5,54.4,Yes
11.2,49.5,64.4,No
10,81.9,73.1,No
14.4,109.3,69.5,No
12.4,,65.6,Yes
17.2,76.7,55.1,No
7.7,,85.5,Yes
7.9,71,33.4,No
3.5,72.7,82.1,Yes
7.9,104.4,95.4,Yes
14.8,,76.1,No
16.5,88.7,56.1,Yes
14.8,59.6,69.3,No
1,76.8,47.6,Yes
15.4,116.5,50.7,Yes
0.8,110.9,73.1,Yes
14.5,114.2,73.7,Yes
8.2,83,70.5,Yes
13.5,,47.1,No
3.3,80.7,100.3,Yes
15.9,84.3,73.6,No
2.7,82.8,,No
6.7,60.8,66.2,No
5,60,,Yes
1.2,63.1,52.1,No
10.5,96.4,102.1,Yes
19,98.6,52.3,Yes
23.3,,55.1,No
10.5,83.5,60,Yes
15.6,59.2,54.3,No
11.2,65.4,65.2,Yes
12.5,71.8,,Yes
8.3,105.1,63.1,Yes
11,89.7,60.2,Yes
12.7,48.1,61.5,No
7.1,73.9,41.9,nan
9.6,,60.3,Yes
9.7,86.8,63.1,Yes
14.1,60.9,60.9,No
4.7,62.8,61.1,No
9.7,37.4,78.8,Yes
19.6,90.1,57.3,Yes
15.8,99.2,80.2,Yes
16.7,61.1,95.2,No
10.1,,55.3,No
11.6,65.4,70.6,Yes
15,70.6,68.6,No
17.8,58.6,65.8,nan
0.2,53,40.7,Yes
3.4,102.4,78.3,No
16.5,22.2,59.4,Yes
8.6,85.1,82.4,Yes
6.6,80.7,64.8,No
3.7,108.1,82,nan
7.2,70.3,72.7,Yes
3,,76.5,Yes
20.5,58.8,74.4,Yes
9.9,82.1,62.9,nan
,60.8,59.6,Yes
12.9,52.4,71.7,Yes
14.8,60.3,75.5,No
14.7,56.1,64.9,Yes
15.4,54.9,76.7,nan
6.8,76.7,53.9,Yes
8.5,71.1,68.8,No
13.8,86,82.2,Yes
7.4,77.9,68.8,Yes
10,,63.3,Yes
12,32.5,,Yes
13.9,53.9,88.7,nan
1.1,90.3,73.9,Yes
13.6,89.8,41.3,No
,94.7,,Yes
13.5,91.8,80.3,No
13.9,,57.9,No
18,83.1,66.3,No
16.8,111.1,57.3,No
16.7,80.9,78,Yes
17.2,,73,No
11.5,62.5,55.5,Yes
10.2,62,77.9,No
,71.2,,No
13.7,,74,No
8.5,68.6,68.6,nan
12,,120.6,Yes
9.8,73,43.8,Yes
5.7,62.9,60.7,Yes
16.5,67.1,65.1,No
10.3,99.4,84.1,Yes
20.2,81.3,61.1,No
1.9,41.5,82.2,Yes
7.2,105.2,56.6,Yes
10.2,83.7,72.1,No
15.7,87.8,78.3,No
12,93.6,56.1,No
11.6,94.6,76.9,No
4.4,56.6,,Yes
4.2,53.6,63.9,No
11.6,122.9,50.6,Yes
3.2,61,60.8,Yes
7.3,82.6,64.1,No
12.5,107.6,79.8,Yes
5.1,66.1,51.9,Yes
18,,75,Yes
16.1,93.5,73.8,Yes
2.1,79.3,72.5,Yes
5.3,84.9,83.5,Yes
-1.4,73.4,69.4,Yes
6.1,64.5,57,Yes
13.8,68.3,64.5,No
7.9,98.9,66.1,Yes
12.3,69.1,57.9,No
2.4,83.6,43.5,Yes
14,55.6,67,No
7.2,115.8,68.9,Yes
10.1,81.4,64.4,Yes
9.5,81.8,65.8,Yes
3.6,93.5,51.6,No
4.2,65.4,29.1,No
14.8,98.9,61.2,Yes
12,44.7,45,Yes
15.3,62.7,70.5,Yes
11.6,59,49,Yes
10.7,37.4,64.3,No
1.4,64.4,60.6,No
8.6,74,53.9,No
9.9,53.2,80,No
19.8,50.3,48,Yes
13.4,75.8,29.7,Yes
17.7,73.4,46.7,No
13,69.7,87.9,No
6.4,49.7,61,No
10.6,67.1,81.3,No
11.2,61.7,64.8,No
5.3,76.7,83.1,Yes
8.1,63.8,52.7,No
9,74.2,69.3,No
18,48.8,76.9,No
-0.4,47.1,46,Yes
16,86.2,49.6,No
5.3,90.3,61.2,No
3.1,67.1,72.2,Yes
15.9,75.6,53.1,No
13.7,66,82.1,Yes
16.3,96.9,79.3,No
14,70.9,64.1,Yes
20.3,65,71.7,No
12.8,94.3,76,No
9.2,59.5,77.8,Yes
11.7,78.1,72.5,Yes
16.2,54,56.3,No
6.1,88.3,,Yes
6.7,91.3,67.4,No
8.5,49.2,83.7,Yes
-0.5,46.1,85,No
10.7,80.8,69.8,No
0.6,113.8,58.2,No
10.3,,78.8,Yes
14.3,70.8,48.5,Yes
7.6,57.9,55.7,No
18.4,50.7,43.5,No
2.7,89.3,80,No
16,93.5,40.5,No
13.4,62.4,71.1,Yes
1.4,70.1,99.9,No
23.6,75.9,71,No
9.7,111.3,50.5,No
,,58.7,No
3,55.4,42.4,Yes
8.9,51.9,51.6,Yes
9.4,56.8,54.3,Yes
10.5,100.3,52.5,No
8.5,85.3,67.1,No
13.2,68.1,23.3,Yes
8.1,16.5,46.4,Yes
0.3,57.9,73.6,Yes
9.3,,,Yes
-1.8,82,71.5,No
11.8,81.9,52.4,Yes
5.1,48.1,77.7,Yes
10.8,78.5,81.4,No
16.6,55.5,53.7,No
5.3,75,52.1,No
15.3,59.6,89.2,No
7.8,96.4,,Yes
18.8,81.7,91.3,No
8.2,72.1,73.4,nan
5.8,102.6,,Yes
13.4,67.6,80.2,Yes
7.8,46.7,80.7,No
5.8,96.1,47.8,Yes
7.6,80,75.9,No
9.8,68.6,84,Yes
16.7,62.1,61.4,Yes
0.3,85.2,35.2,No
10.1,91.3,45.3,Yes
13.1,59.7,41.3,Yes
,86.3,59.3,Yes
16.5,80,44,No
9.6,58.4,55.6,No
9.1,75.1,95.4,Yes
13,64.1,77.6,No
10.5,99.8,74.3,No
8,62,82,No
12.6,105.2,45.7,No
6.7,,50.9,No
6.9,40.1,66.5,No
7.4,31.5,55,Yes
16.8,70.8,59.4,No
-6.1,101.7,74.3,Yes
12,99.6,79.2,No
,78.3,73,Yes
1.6,60.3,82.2,No
11.5,66.7,25.1,Yes
12.4,79.1,95.2,No
12.9,96.7,77.3,nan
-3.3,86.4,59.7,No
16.8,94.4,42.9,No
6.3,150,62.4,Yes
13.4,93.8,53,Yes
13.7,29.8,,No
5.6,57.1,75.2,No
13.3,52.9,55.3,No
8.1,51,44,No
-0.4,75.1,61.3,Yes
15.8,46.1,80.1,No
6.1,56.1,73.2,No
5.7,73,44,Yes
,42.9,57.1,No
,65.3,79.7,Yes
9.7,87.8,63,Yes
12.7,50.5,64.2,No
3.3,,93.3,No
,58.9,49,No
9.4,80.4,81.9,No
19.5,52.9,58.6,No
9.4,84.1,59.5,Yes
15.4,68.9,67.8,No
10.2,84.3,69.8,No
7.6,64.1,74.2,Yes
8.8,86.1,62.6,No
9.2,91.9,,Yes
13,77.4,67.1,nan
16.9,65.4,56.8,Yes
11.8,70.3,46.4,No
15.9,49.7,74.5,No
5.2,79.1,69.6,Yes
7.9,87.5,55.1,Yes
6.4,106.3,43.7,Yes
11.6,101.2,56.2,nan
8.2,55.5,35.7,No
13.6,79.2,79.6,Yes
5.3,72.3,63.3,Yes
10.2,99.4,69,No
13.4,60.8,58.9,Yes
-0.3,92.6,91.6,No
20.6,55.3,75.5,Yes
8.6,72.9,59.4,No
-0.1,57.3,59.9,No
10.8,35.7,55.6,No
10.2,56.9,62.8,No
9.6,69.8,70.8,Yes
15,103.5,70.2,Yes
13.7,53.3,,Yes
11.5,62.9,86.8,Yes
12.3,46.2,34.9,No
9.5,98.1,56.2,No
18.9,65.8,75.3,No
2.6,68.2,86.1,Yes
10.7,68,68,Yes
10.3,36,87.5,Yes
14.1,45.7,90.7,No
5.8,56,59.7,No
1.3,150,52.4,No
10.8,25,52.1,No
11.4,85.8,43.6,Yes
17.4,81.9,46.6,No
3.6,38.7,50.8,No
15.8,68.7,47.5,nan
21.8,98.3,80.4,nan
,53.6,58.3,Yes
3.5,64,44.2,nan
8,,59.2,No
10.1,81.5,68.8,Yes
12.8,69.8,61.1,Yes
7,65.5,61.7,Yes
17.8,82.5,37.6,No
4.4,88.7,78.7,No
1.3,31.9,,Yes
15.5,30.3,45.5,No
-1.4,55,63.4,No
9,71.9,57.6,No
25.6,76.5,66.8,No
9.9,40.9,103.3,No
4.4,70.9,53.8,No
9.7,73.6,76.2,Yes
9.7,58,60.1,Yes
10.8,64.3,59.2,No
13.3,60.5,83.8,No
,84.3,67.7,Yes
18.4,75.1,89.2,Yes
11.2,52.2,64.2,No
13.6,94.1,85.5,No
6.9,47.7,60,No
16.4,,54.7,No
8.7,70.1,71.6,No
11.4,70,66.8,Yes
5.3,76.5,44.9,Yes
5,51.4,68,Yes
13.4,150,53.6,Yes
7.8,109.3,77.3,Yes
5.7,74.6,55,Yes
6.8,81.3,59.5,No
13.5,32.7,49.6,No
6.9,,80.1,nan
9.4,61.1,71.4,No
10.1,57.8,99.1,No
0.4,61.8,83.9,No
2.6,63.8,58.4,Yes
11.7,45.9,41.7,Yes
6.3,65.3,55.6,No
15.3,54.2,62.6,No
,90.8,38,Yes
13.6,81.6,52.3,No
19.1,81.6,80.2,No
9.6,,52.1,No
13.2,58.5,,No
7.1,80.4,72.8,Yes
22.3,96.4,56.9,Yes
19.9,57.1,65.2,Yes
10.1,34.4,70.9,No
11.9,61.2,55.7,Yes
16.8,94.1,76.6,Yes
9.3,,75.4,Yes
6.7,65.7,69.9,Yes
14.4,59.4,87.7,Yes
10.4,71.2,78.2,Yes
10.9,54,60.9,Yes
5.8,45.3,53.6,No
1.4,66.2,,No
11.2,69.6,64,Yes
14.5,,64.1,Yes
8.9,76.3,56.6,No
17.2,,65.6,Yes
6.5,60.4,88.4,Yes
,89.3,75.3,Yes
9.7,66.5,67.1,No
9.6,53.1,83.6,No
13.8,76.6,75.9,No
6.1,59.2,60.1,No
16.8,84.6,64.2,nan
19.8,82.3,78.5,No
9.8,52.1,68.6,No
16.2,110.7,71.4,No
,72.5,46.2,No
15.4,21.7,57.1,Yes
15.2,82.6,,Yes
14.3,23,82,No
9.9,95.8,93.4,Yes
-4.8,76.1,51.5,Yes
6.8,72.1,55.7,No
6.9,73.3,71.7,Yes
5.1,85,96.9,No
10.6,63.7,50.1,Yes
7.9,73.1,35.6,No
5.9,,,No
4.7,15.7,44.8,Yes
,85.2,73.5,No
15.6,88.6,76.7,nan
6.7,82.3,61.7,Yes
7.4,,58.3,Yes
7.7,105.2,54.3,No
11.7,72.4,66,No
12.3,73.1,45.2,No
-5.2,60.3,58.1,No
15.1,35,54,Yes
17.2,82.5,69.1,No
-1,62.4,70.2,No
5.1,34.8,86.1,No
7.7,71.8,50.3,No
6.2,71.2,,Yes
11.1,68.7,79,No
0.3,76,72.1,No
4.4,42.1,55.1,No
17.7,93.1,45.2,No
5.4,82,92.8,Yes
16.2,98.2,41.1,No
11.8,62.2,46.3,Yes
1,81.9,67.8,No
13.2,,79.4,No
9.4,56.6,51.8,Yes
7.7,45.9,75.2,No
11.2,78.5,49.9,Yes
12.4,51.2,77,Yes
13.5,64.6,77.2,No
15.9,73.2,51.8,Yes
12,65.2,78.2,nan
3.1,47,50.3,No
7.6,106.2,27.8,Yes
24.7,75.6,62.8,Yes
13.6,106.4,70.8,Yes
21.8,52.7,76.4,Yes
17,65.8,81.1,No
11.2,75,49.4,Yes
11.5,103.9,64.8,Yes
9.8,106.3,58.4,Yes
1.3,64.6,64.8,No
10.1,58.7,99.5,nan
16.1,73.2,62.1,No
7,97.3,50.3,No
12.1,76,61.2,No
14.3,79.7,77.7,No
5.5,97.1,72.3,No
7.7,93.9,80.6,Yes
4.9,94.7,92.7,Yes
5.9,87.4,92.1,Yes
3.6,102,53,Yes
5.5,50.7,76.2,No
,120,38.8,No
5.4,96.2,81.4,No
10.6,71.8,41.8,Yes
,97.2,41.8,No
15.9,68.1,62.2,Yes
16.6,84.5,79,Yes
14.3,86.8,50.9,Yes
11.5,92.2,57.1,Yes
8.8,65.8,52.5,nan
4,92.7,67.2,Yes
19.7,66.2,78.8,No
6.2,89.6,65.3,No
13.3,74.6,55.7,No
15.3,38.5,88,No
7.2,60.3,80.3,No
15.2,92,53.3,Yes
13.8,68.9,51.6,Yes
18.6,99.3,58.9,No
7.7,50.7,79.7,Yes
3.6,88.9,26.1,Yes
7.5,74,84.6,nan
11,70.1,59.6,Yes
10.3,51.4,46.6,Yes
8,79.2,67.1,No
0.5,54.8,69.2,No
12.4,62.3,78.1,Yes
19.9,72.2,82.2,Yes
12.3,67.7,70.2,Yes
13,95.6,72.6,No
12.9,23.2,66,No
12,71.4,75,nan
14.7,67.7,55.8,No
12,74.8,59.1,Yes
8.4,64.1,41.5,Yes
6,95.5,89.8,Yes
8.8,69.8,55.5,Yes
11.6,150,81.1,No
,92.8,83.9,No
11.6,76,41.8,Yes
12.2,49.6,67,Yes
14.2,66.5,74.8,No
16.4,72.5,56.7,No
10.4,42.1,44.5,No
3.5,60.8,87.3,Yes
8.3,73.6,74.7,Yes
10.2,115.2,,nan
,150,49.3,nan
16.9,78.2,49.8,No
10.7,108.8,67.5,Yes
11.9,86.8,,No
16.8,89.6,68.3,Yes
6.8,66.9,70.6,Yes
12.9,,58.2,No
9.5,80.2,90.4,Yes
9.1,111.4,53.7,No
6.1,105.3,50.8,Yes
18.3,88.2,71.3,Yes
8.1,61.3,72.2,No
13.5,44,50,No
0.6,58.6,59.9,Yes
15.9,79.4,41.9,No
15.3,65.6,56.5,Yes
10.5,95,77,Yes
8.9,45.2,45.6,No
12,72.4,48.6,Yes
21.4,59.7,52.6,No
1.2,94.8,82.1,Yes
13.9,85.9,80,Yes
5.4,58.4,33.5,Yes
,92.1,38.2,No
8.8,42.5,66.3,Yes
7.9,39.3,40.9,No
9.9,57.3,83.1,No
4.3,35.3,,Yes
15.1,72.7,53.7,Yes
1,73.4,68.1,Yes
12.7,66.9,87.1,Yes
8.4,85.8,64.9,No
4.1,,69.7,No
11,49,67.7,No
,59.1,79.1,No
10.2,50.6,69.6,No
2.9,62.8,76.1,No
12.3,86.9,,Yes
5.4,39.9,81.3,Yes
7.7,68.2,32.4,Yes
11.5,94.2,42.2,No
6.1,96.4,75.1,No
9.7,61.4,94.5,Yes
2.4,119.3,69.9,Yes
13.2,54,61.1,No
18.8,70.4,79.8,Yes
24,51.6,84.8,Yes
10.5,83.7,75.1,No
13.9,131,64.5,nan
1.1,111.9,65.7,No
17.5,91.9,68.9,Yes
13.9,62.9,84.9,No
7.6,71.6,71.3,No
16.2,97.3,71.5,nan
8.7,90,79.3,No
7.7,76.7,64.3,nan
12.4,77.8,68.9,No
4.7,96.1,94.5,nan
15.1,101.1,55.5,Yes
4.7,45,56.4,nan
4.7,79.5,52.1,No
5.5,86.6,69.7,No
13.8,64.4,70.6,Yes
6.9,100.6,36.2,No
3.3,69.2,79.5,Yes
7,101.1,48.8,Yes
9.8,67.6,71.8,Yes
4.1,80.2,66.9,Yes
4.2,79.7,22.5,No
20.6,108.3,29.5,No
5.7,89.8,48.2,No
8.4,65.8,82.7,Yes
8.2,69.6,36.9,No
7.9,69.5,81.7,No
13.1,75.4,38.5,Yes
14.7,56.1,32.2,Yes
8.5,73.4,69.5,Yes
3.8,102.4,64.5,Yes
16.4,101.5,38.6,No
9.5,43.7,47,Yes
18.7,40.5,69.6,Yes
-1.2,63.1,59.4,No
11,39.4,74.3,No
19.6,49.7,60,Yes
8.2,82,79.8,No
8.9,74.2,47.8,Yes
11.5,40.6,73.8,Yes
7.2,98.4,46,Yes
8.4,66.6,69.6,No
8.3,64.6,74.6,No
6.9,95.3,49.1,No
16.1,83.2,70.7,No
,74.2,73.5,Yes
11.3,65.1,72.5,No
14,86.4,53.8,Yes
8.7,66.3,59.5,No
6.1,70.4,90.6,No
7,51.5,51.7,No
10,,,Yes
4.7,106.1,61.9,Yes
7.5,79.2,,No
7.4,65.3,86.1,No
20.6,93.7,56.1,No
-3.9,86.8,70.5,Yes
9.1,66.1,75.6,No
18.6,98,60,No
10.6,66.5,52.3,No
13.8,49.3,,Yes
10.5,73.7,65.3,No
,96.7,40.4,Yes
-1.2,77.1,53.2,Yes
11,51.5,75.9,No
6.1,66.9,58.2,nan
6,98.9,71.9,No
7.5,80.5,49.2,No
18.7,74.6,66.9,No
22,72.4,66.9,nan
11.1,96.6,69.5,No
7.7,95.3,59.3,No
4.1,47,67.4,Yes
12.3,93.8,93.4,No
18.9,85.3,,No
8.8,,87.1,nan
,73.6,62.4,No
13.4,97.7,26.1,Yes
14.9,84.4,76.3,Yes
2.1,52.7,94.5,Yes
10.9,95.4,67.1,No
12.3,91.2,56.4,Yes
9.6,62,66.3,No
6,,82.5,No
15.1,117.2,67,No
8,65.3,54.9,No
2.6,89.5,50.2,Yes
-0.2,53.1,75.7,No
16.3,63.6,112,Yes
13.1,91.2,47.5,Yes
10.4,,74.4,No
,71,75.3,Yes
7.4,109,48.2,No
4.6,56.6,77.1,Yes
7.8,72.1,,No
-0.6,84.8,,No
6.3,57.6,59.5,No
8.4,85.2,44.6,No
13,96.5,71.7,No
9.8,72.7,62.8,Yes
14,61.3,74.9,No
16.7,68.8,60.5,No
15.3,,51.3,No
12.4,95.1,66.1,Yes
10.1,80.3,82.5,No
5.1,71.5,77.2,No
13.7,41.7,60.8,No
18.4,97.2,47.3,Yes
11.7,66.2,60.6,Yes
19.6,86.3,60.3,Yes
2.4,74.8,64.2,No
4.2,42.7,94.7,Yes
14.3,100.4,60.3,Yes
11.3,96.6,67,Yes
16.6,90.3,76.7,Yes
9.9,81.3,72.6,Yes
5.7,51.1,87,Yes
8.9,,56.8,No
2.3,119.1,55.1,Yes
4.4,77.3,59.5,Yes
14.9,77.7,51.1,No
14.4,53,65.8,nan
11.8,33.6,67.3,No
1.4,67.8,60,Yes
8.2,104.6,,Yes
,101.9,73.6,No
15.9,73.7,54,No
7.1,83.6,73.6,Yes
4.6,50.6,47.7,Yes
10.1,77.2,51.1,No
6.8,64.5,86.5,nan
17.4,76.1,61.6,Yes
6.3,69.5,62,No
3,69.1,90,No
-0.8,,67.6,Yes
9.8,114.3,61.1,Yes
7.2,71.6,51.5,Yes
2.9,103.4,72,Yes
15.9,50.2,86.7,No
13.3,,64,Yes
9.9,49.1,84.3,Yes
16.8,68.8,62.8,Yes
13.3,89.3,53.7,No
5.9,97.4,57.7,nan
4.8,59.4,53.8,Yes
14.1,,85.7,nan
12,99.6,82,Yes
10.8,96.8,70.8,No
5.8,80.2,29.4,Yes
13,63.2,87.2,Yes
,61.2,59.3,Yes
9.5,58.1,55.7,No
17.2,74.4,,Yes
6.7,58.5,65.6,No
2.1,88.6,71.5,No
4.7,79.6,81.3,No
15,78.7,72.9,Yes
11.3,38.2,65.4,No
9.4,75.6,59.4,No
7.5,65.8,51.8,No
12.4,118.3,70.7,No
5.8,,72.9,No
11.5,70.9,53.5,Yes
6.3,82.7,49.2,nan
5.5,55.5,76.8,No
6.8,113.6,58.7,Yes
8.1,114,47.5,No
9.8,57.8,50.8,Yes
11.2,63.2,72.7,Yes
-8.4,117.9,88.6,Yes
6,150,80.2,Yes
8,67.6,36.8,Yes
17.5,83.6,63.6,No
4.6,47.3,77.2,No
10.8,118.9,42.9,No
17.5,76.5,89.3,Yes
3.4,86.7,38,No
12,56.3,74.1,Yes
6,52.3,59.7,No
7.5,84,68.3,No
6,113.3,66.3,Yes
6.3,64.2,,No
23.6,55.4,73,Yes
14.2,81.1,61.6,No
15.5,107.7,73.7,Yes
12.5,62.2,55.2,Yes
2,70,61.3,nan
12,91.7,73.3,No
15.4,93.9,54.2,Yes
5.7,69.3,82.6,No
14.8,,,No
13.5,85.6,94.7,No
19.3,75.3,62.5,No
7.9,93,69.1,Yes
4.5,90.3,61.6,Yes
8.2,54.1,65.1,No
,104.7,73.3,Yes
0.9,81.9,,No
,,86.5,Yes
10.4,,76.7,Yes
7.8,80,49,Yes
10,83,59.5,Yes
14.7,85.9,73.8,No
7.2,105.6,53.1,No
0.6,84.3,64.8,Yes
20.2,74.4,67.4,Yes
5,95.2,92.3,Yes
4.7,83.6,62.6,No
15.5,134.1,41.4,No
8.1,80.8,76.6,Yes
9.7,99.8,80.7,Yes
12.4,92.6,99.2,Yes
15.4,34,,Yes
8.3,60.3,44.4,No
17.6,,70.3,No
-0.7,45,72.9,No
13.8,67.1,,No
5.8,47.6,58.9,Yes
16.9,52.8,71.4,No
10.7,79.8,66.6,Yes
6.6,113.4,56.6,Yes
13.3,47.8,48.5,No
14.5,50.7,60.1,No
13.2,64.3,64,Yes
4.9,72.1,75.3,Yes
7.6,44.2,64.5,Yes
10,61,57.3,Yes
9.8,,73.1,Yes
13.7,81.4,63.9,nan
-0.1,83.5,54.6,Yes
11.7,71.9,70.1,Yes
8.6,,75,Yes
5.8,60.8,63.7,Yes
6.3,76,89.7,No
8.9,55.5,83.5,No
-8,105.9,72.8,No
6.5,45,59.5,Yes
5.6,61.9,37.7,No
12.7,92.4,46.8,Yes
6,67,78.4,No
8.9,88.4,51.1,Yes
17.7,109.3,71.2,No
15,91.7,51.6,No
,51,62.3,No
7.5,51.9,57.8,Yes
12.7,71.3,77.5,Yes
8.8,83.9,78.6,No
9,99.1,40.7,No
12,59.3,85.2,Yes
7,65.3,61.1,No
17.5,70,81.3,Yes
9.2,69.6,200,Yes
13.1,,56.5,Yes
,72.9,,Yes
15.2,78.1,38.2,No
3,93.2,49.5,Yes
12.2,106.8,58.7,No
14.3,74.3,49.5,No
14.5,100.2,43.3,Yes
4.4,111.6,80.4,Yes
6.7,72.8,58.3,Yes
15,,,No
6.2,118.7,75.1,No
8.5,97.4,81.4,No
17.9,75.2,88.3,No
9.8,88,51.9,No
6.4,54.1,88.2,No
5.6,97.2,67.4,Yes
11.7,39,67.5,No
3.3,96.4,60.8,Yes
8.8,,69.6,Yes
11.7,41.9,88.2,No
16.5,35,74.9,nan
13.3,65.5,81.5,Yes
6.4,89.2,51.9,Yes
15.9,47.2,58.5,No
8.5,50.3,66.2,Yes
3.8,65.1,72.6,Yes
9.1,91.2,70.2,Yes
17.2,93.7,92,No
10.8,77.8,,No
10.1,94.7,72,No
18.2,88.8,72.6,No
2.8,66.7,59,Yes
3.6,93.2,64,Yes
1.9,49.3,55.1,No
11.9,84.7,69.4,No
10.8,51.7,45.2,No
17.7,77.9,90.4,No
11.2,99.4,61.3,Yes
8,79.3,54.3,Yes
10,74.7,38.9,Yes
10.6,79.5,59.7,No
,88.3,61.4,No
23.6,117.7,69.6,Yes
12.6,88,61.9,Yes
11.1,64.9,108.4,Yes
13.1,70.8,45.9,No
-1,57,74.2,No
9.3,50.2,71.1,Yes
6.8,26.4,44.8,Yes
13,65.8,60.1,Yes
,46.9,100.2,Yes
6,76.9,57.2,No
-1,64.8,95.3,No
11.5,53.3,63.3,No
13.6,32.9,65.5,No
,68,59.4,No
10.1,40,50.1,Yes
11.6,89.1,46.8,Yes
14.1,80.1,55.9,No
6.4,70.5,76.3,Yes
,104,73.1,No
10.6,75.2,59.4,No
5.2,82.7,93.2,Yes
21.6,88.7,52.4,Yes
3,64.7,71.9,Yes
3.5,64.8,45.4,Yes
16.6,75.8,69.5,nan
13.6,48.1,72.7,No
4.9,110.7,62.1,Yes
13,78.2,65.7,No
17.3,71,57.8,Yes
9.8,116.7,79,nan
23,53,78.1,No
1.4,105.7,71.6,No
13.5,91.3,75.5,No
15.8,97.3,73.3,No
14.5,71.5,58.8,Yes
9,76.1,70.3,No
8.5,68.1,76.3,No
12.2,94.9,61.9,Yes
14.1,82.8,73.6,Yes
13,63.8,45.2,No
15.2,64.7,47.2,Yes
4.9,74.7,66.2,nan
8.9,68.4,60.3,Yes
5.3,103.8,81.5,Yes
8.1,91.2,62.2,No
15.1,91.1,82.2,No
10.5,79.7,64.6,Yes
23,58.5,70.3,Yes
11,88.9,58.7,No
10.3,33,63.2,Yes
10.5,,54,Yes
,58.8,49.1,Yes
9.7,57.2,79,Yes
15.6,,81.1,No
10.6,73.3,79,Yes
6,74.5,81.6,No
5.4,90.8,68.2,Yes
7.7,71.5,58.4,No
10.4,73,54.5,Yes
16,47.1,38.7,No
3.3,49.7,73,Yes
8.4,80.7,66.9,No
10.7,87.6,70.7,Yes
0.8,69.8,74,nan
5.8,93.7,85.8,Yes
6.6,46.8,60.1,Yes
6,83,72.2,Yes
11,58,57.5,No
9.2,56.4,39.4,Yes
7.2,59.7,62.3,No
12.1,73.4,86.9,Yes
18.6,83.8,62.2,No
18.2,82.3,51.7,No
0.4,69.2,70.8,Yes
12.9,,78.3,Yes
9.1,108.7,72.7,Yes
10.8,72.6,85.3,Yes
8,76.9,51,No
10.6,62.8,85.8,No
10.8,67.2,34.2,No
,100,34.5,No
5.5,100.2,43.1,No
7.8,71,72.2,No
,84.8,42.4,Yes
13,,55.4,No
14.3,66.1,58.6,Yes
7.5,48.9,76.2,nan
11.4,88.8,84.2,No
14.8,92.9,78.5,No
15.8,90,43.5,nan
9.7,67.5,67.7,No
8.9,105.5,59.4,Yes
11,80.7,62.5,No
4.3,52,64,Yes
9,43.1,58,No
13.7,69.1,54.1,Yes
13.2,79.5,58.3,No
8.6,69.2,54.6,No
11.1,,80.2,Yes
5.9,83.1,64,No
13.5,55.5,80.2,Yes
9.6,29.6,81.4,No
8.6,79.7,85.8,Yes
8.2,,46.1,Yes
9.7,112.3,68.9,Yes
7.8,71,,No
13.3,109.4,92.6,Yes
8,47.8,,Yes
18,68.1,58,Yes
17.3,54.7,60.3,Yes
5.5,90.8,77.6,Yes
10.3,49,59.5,Yes
,83,44.6,No
8.4,50.2,71.7,Yes
20,110.2,83.5,Yes
8.5,67.5,63.9,No
11.8,82.6,76.3,No
12.7,39.2,56.1,Yes
5,45.1,66.9,No
5.7,59.5,66.5,No
4,92,59.7,No
5.6,88.2,50.8,Yes
-4.3,96.7,54.1,No
12.7,44.8,54.7,Yes
20.3,85.1,58.1,No
10.7,63.8,62.9,Yes
2.9,58.8,67.2,Yes
,,67.1,No
7.7,72.7,63.5,Yes
4.9,88.2,65.2,No
14.3,97.5,52.2,No
14.1,85.4,67.9,Yes
4.2,87.7,41.5,Yes
13.6,111.5,49.8,Yes
,88.9,,Yes
19.5,70.7,56.4,No
24.3,86.6,69.3,No
5.5,109.2,67.6,No
24.1,57.6,69.1,Yes
8.2,66.4,77.1,Yes
7,104,67.7,No
11.6,69.2,49.9,Yes
7.1,90.3,65.4,Yes
12,100.8,51,No
3.4,49.9,,No
8.8,66.8,71,Yes
16.4,99.1,62.5,No
9.7,72.5,74.6,No
10.7,34.6,65.1,Yes
12.4,64.8,42.3,Yes
15.9,90.9,59.1,nan
1.7,100.5,74.5,Yes
12.9,76,71.8,Yes
8.7,84.7,48.9,No
10.8,67.6,58.1,Yes
15.3,93.1,68.1,No
4,103.5,57.2,No
4.9,90.4,59.9,No
0.3,72.6,68.7,No
7.3,83.7,92.5,Yes
16.7,,69.6,No
9.4,75.6,75.4,No
3.3,91,51.7,No
7.6,82.4,46.3,nan
2.6,103.4,51.9,No
4.4,89,62.4,nan
11.9,65,68.4,Yes
4.1,103.1,72.2,Yes
15.6,,78.4,Yes
,72.2,83.9,No
10.4,47.9,33.8,No
8.6,79.6,50.3,No
13.9,111.7,90,No
13.9,20.4,70.2,No
11.7,21.2,63.4,Yes
12.8,90.3,31.6,No
8.9,79.7,45.6,No
12.7,88.4,,Yes
8.3,64.5,58,Yes
-1,32.2,73.2,No
8.6,58.4,59,Yes
7.7,106.2,97.7,Yes
6.6,66,64.3,No
12.3,66.1,42.7,No
16.6,22.4,,Yes
15.9,,66.1,No
3.7,97.2,55.7,No
16.4,69.8,68,nan
,94.8,80.7,No
13,59.9,61.4,Yes
5.5,45.6,50.7,No
10.7,69.8,68.1,Yes
11.6,63.5,55.4,No
2.6,58.3,69.9,No
13,58.9,,No
16.7,72.3,47.9,Yes
9.1,,37.3,Yes
16.8,56.4,99.4,No
9.1,111.1,67,No
14.2,84.2,46.3,Yes
-1.1,78.2,50,Yes
22.1,,57.9,Yes
17.5,88.3,,Yes
-1,85.6,28.7,Yes
0.1,54.3,75.5,No
11.4,44.4,54.7,No
2.8,29.5,87.2,Yes
12.2,110.8,70.8,No
12.1,66.1,78.4,nan
5.3,86.8,61.5,No
15.6,79,68.7,Yes
14,93.3,85.8,Yes
14.9,73.7,52.2,Yes
10,48.4,71.6,Yes
2.9,54.3,73,No
14.9,68,85.4,No
8.6,43.3,55.4,Yes
3.1,57.9,52.3,Yes
,51,82.8,Yes
20.5,68.4,61.6,No
9.8,65.1,51.5,No
20.8,77.4,57.6,No
10.5,92.1,44.2,Yes
8.1,70.1,64.6,No
6.8,,21.8,No
,34,69,No
6.1,78.2,41.9,No
13.7,61.7,84,Yes
7.2,71.9,54.4,Yes
7.7,81.6,52.6,Yes
15.2,103.9,65.6,No
8.1,40,70.9,Yes
8,54.8,65.5,No
15.7,73.3,40.7,nan
18,52.2,66.8,Yes
13.2,45.2,63.8,Yes
,101.2,63.2,No
7.4,54,73.7,No
10.4,,53.4,Yes
-1,52,48,Yes
5.1,96.7,74.2,No
13.6,61.1,35.8,No
10.4,47.3,69.2,No
1.4,58.2,46.8,Yes
5.4,,86,Yes
7.5,92.8,43.2,Yes
9.6,,,Yes
19.4,59.4,99.9,Yes
11.2,,83.9,Yes
5.8,117.1,52.9,No
11.1,94.9,,Yes
8.2,70,51.1,No
11.6,29.1,70.4,Yes
12.9,65.8,69.3,No
,48.5,59,Yes
9.9,57.7,90.7,Yes
18.2,55.7,,No
,,36.6,Yes
6.5,76.4,105,No
21,60.4,78.7,Yes
11.6,49.4,61.9,No
-1,71.4,68.1,Yes
18.3,65,66.8,Yes
20.4,37,40.7,nan
,87.2,64.7,Yes
7.5,60.4,71.5,No
9.1,69.6,70.8,Yes
,70.6,29.2,Yes
16.4,74.7,67.8,Yes
12.9,77.9,72,No
10.5,48.9,64.2,No
17.5,81.2,46.8,No
8.4,68.1,84.7,No
15.2,96.7,64.5,No
8.6,91.3,61.8,Yes
12.2,101.5,62.7,No
9.4,56.2,43,No
9.7,100.7,94.3,Yes
8.1,76.9,81.9,No
16.7,88.8,54.6,No
6.3,88.5,36.1,Yes
6.3,84.2,72.9,No
20.6,53.2,76.2,Yes
,94.1,66,Yes
-1.9,82,60,Yes
7.2,45.5,40,No
0.9,65.3,,Yes
5.2,50.7,39.8,No
-5.7,46.5,69.1,Yes
9.3,92.1,75.9,Yes
4.3,45.4,60.4,Yes
10.3,,,No
1.9,114.6,27.2,No
10.4,66,51.1,Yes
7.9,88.2,57.8,No
17.5,97.5,40.8,No
17.1,90.5,84.2,No
,78,53.3,Yes
8.4,74.3,58,Yes
19.9,85.8,91.8,Yes
2.2,70.5,80.3,nan
3,88.9,,No
9.6,69.8,84.1,Yes
21.3,72.1,75.4,Yes
9,112.6,53,Yes
9.1,65.4,42.9,No
2.8,75.4,77,Yes
14.7,83.6,56.8,Yes
14.8,84.9,29.8,Yes
13.9,80.9,71.6,No
6.9,50,68.5,Yes
6.5,78.2,45.5,Yes
3.5,79.9,85.9,Yes
10.4,97.8,51.9,No
4.6,89.8,98.4,No
4.1,99.1,,No
7.9,54.9,80.2,nan
7.6,55.1,55.9,Yes
7.3,81.6,67.6,Yes
12.3,97.7,69,Yes
10.4,71,60.6,Yes
8.6,60.2,65.2,Yes
10.9,43,91,Yes
5,82.3,54.5,Yes
10.5,72.7,71.9,Yes
10.8,66.3,56.5,Yes
2.5,93.1,41.4,Yes
15,73.3,80.9,No
5.6,75,71.1,Yes
10.5,93,79.8,Yes
15.8,118.8,50.6,No
14.6,66.1,55.7,No
10.2,57.5,70.9,No
8.2,55.2,76.6,Yes
14.7,84.5,82.9,No
13.4,53.2,63.5,No
6.9,67.5,72.6,No
6,69.3,91.8,Yes
-0.4,106.1,59.3,No
10.8,98.9,69.2,Yes
9.6,44.3,62.8,No
15.7,106.7,68.2,Yes
11.8,50.7,85.8,nan
16.7,78.2,56.1,No
6.5,58.3,52.4,No
15.7,67.2,78.1,Yes
7.4,55.4,87.6,No
13.9,108.5,43.1,Yes
2.7,72.2,59.9,Yes
-1,79.5,69.7,No
0.1,53.6,65.7,Yes
8.7,46.7,67.1,No
12.2,,66,Yes
7.4,85.4,54,No
4.7,72.6,26.6,Yes
14.2,94.5,64.6,Yes
9.5,77.5,61.6,Yes
7.6,75.1,42.6,Yes
10.2,85.7,54.8,Yes
23.2,77,78.4,Yes
15.8,93.9,62.1,Yes
15.8,86.1,67.8,Yes
12.2,93.2,48.9,Yes
,89.3,73.9,Yes
,102.2,98.4,Yes
6.6,91.6,72.9,Yes
,110,71.6,No
0.6,64.2,68.8,Yes
4.2,91.7,55.1,No
0.1,47.4,79.4,Yes
9.8,93.9,63.2,No
14.1,76.1,90.9,No
15.5,93.7,91.8,No
12.1,108.6,56.9,Yes
5.2,91,76.5,Yes
0.3,66.7,56.2,Yes
1.2,53.2,82.5,No
3.7,85.7,51.8,nan
5.6,69.3,,No
9.2,88.3,72.8,Yes
4.9,64.9,76.6,Yes
11.7,56.4,49.7,Yes
8.8,70.2,71.8,No
10.1,,68.2,No
15.7,77.4,48,No
4.1,58.7,82.3,No
12.1,111,89.1,No
9.9,72.2,65.9,Yes
8.3,29.8,63,Yes
14.4,93.6,59.5,No
14.4,74.8,103,nan
5.3,71.6,79.1,Yes
9.1,71.2,54.3,No
11.4,71.3,41.1,Yes
8.6,108.4,58.6,No
12.9,84.3,58.7,nan
11.4,80.2,68.8,No
19.2,69.7,65.7,Yes
2.3,,,No
9.4,91.9,24.4,Yes
5.5,94.8,73.1,No
13,80.6,78.4,Yes
,95,,nan
11.7,82.9,52,Yes
6.8,67.6,57.7,Yes
6.3,82.4,72.6,Yes
2.8,116.9,58.8,No
7.7,79.1,64.5,No
15.4,100.4,53.2,Yes
9.9,98.8,66,Yes
13.1,86.3,55.5,No
18.3,108.1,51.8,No
11.3,31.5,67.1,No
7.2,,78,No
12.3,109.6,68.9,Yes
7.3,62.1,61.6,No
7.5,77.2,80.1,No
2.4,110,58.1,No
14.6,79,63.8,No
8.1,108.8,82.6,No
10.9,67.2,58.5,Yes
4.8,87.3,56.9,Yes
12.2,,,Yes
6.2,104.8,50,nan
9.3,69.8,83,Yes
14.4,55.7,35.9,Yes
14,65.6,66.1,Yes
9.9,66.5,55.2,No
1.2,62.1,70.1,No
25,61.2,87,Yes
18.7,97.4,47.6,No
13.6,103.2,43.9,No
6.2,82.8,82.3,No
9.4,62.1,61.5,Yes
7.3,63.3,63.8,Yes
16.3,33.5,,Yes
11.3,82.6,59.6,No
6.1,61.3,51.3,No
7.6,104.4,61.4,Yes
15.6,47.4,52.4,Yes
,63.2,,Yes
17.6,73.1,56.7,No
13.8,84.3,84.7,No
8.7,111.1,75,Yes
-6.2,47.6,50,Yes
,69,49,nan
10,46.4,61.7,Yes
10.7,90.8,54,No
10.3,62.1,53.9,No
3.4,72.9,77.6,Yes
12.8,71.6,69.1,No
,77.3,83.5,No
13.4,71.9,48.9,No
14.7,55.6,37.5,Yes
13,76.7,54,No
7.9,59.1,81.2,No
9.6,91.3,55.6,No
10.5,76.1,89.6,Yes
10.5,54.2,57,Yes
15,123.1,73.8,No
13.2,108.2,64.6,Yes
20.4,123.9,35.6,No
21,68.1,55.1,No
10.4,58.3,72.2,Yes
-9.2,91.1,64.3,Yes
16.2,97.2,58.4,No
7.3,78.9,62.5,No
6,32.9,67.3,Yes
8,55.4,24.2,Yes
7.8,83.5,56.6,No
13.1,61.8,52.9,Yes
2.2,47.7,75.4,No
4.6,69.8,76.4,No
11.7,10.1,,No
13.1,62.9,66.7,Yes
13.2,66.5,34.8,Yes
6.1,81.2,51.4,No
5.1,86,59.7,nan
7.5,82.6,63.4,No
11.2,92.9,,No
17.4,71.6,35.8,Yes
-0.2,45.9,79.6,Yes
8.9,75.9,49.6,No
3.3,57.5,31,No
1.7,47.9,76.8,No
14.8,86.6,51.3,No
12.7,46.7,75.4,Yes
12.2,88.6,38.8,Yes
14.6,49.2,58.9,Yes
7.6,,50.5,nan
7.8,63.7,70.9,No
,97.7,51.6,No
8.8,86.9,70.9,Yes
13.7,58.5,58.7,No
10,71.8,55.1,Yes
0.8,101.6,78.5,Yes
-0.2,104.9,94.3,Yes
7.1,47.6,59.5,Yes
15.3,101.3,53.4,No
13.9,99.8,62.9,No
14.6,78.6,66.6,Yes
5.1,73.2,38.1,No
18.1,64,49.8,Yes
5.2,49.9,42.4,No
11.1,81.8,47.7,No
9.9,,86.8,Yes
9.1,83.7,30.7,Yes
16.7,84.2,70.6,No
,125.4,59.4,Yes
3.3,98.9,68.7,Yes
10.1,85.9,47.5,No
8,32.3,58.1,Yes
26.9,82.8,83.4,Yes
13.4,106.6,58.2,Yes
8,66.5,86.1,Yes
4.7,118.8,24.1,No
0.6,85.9,73.1,No
4.9,80.9,65.6,No
10.6,55.2,43.4,Yes
17.1,105.1,78.7,Yes
15.6,58.4,53.8,No
11.1,63.7,68.5,Yes
8.4,37.4,50.2,No
11.3,92.9,57.3,No
7.4,86.8,75.6,Yes
18.6,75.2,100.3,Yes
9.1,89.8,51.5,Yes
9.6,87.9,83.7,Yes
-1.1,67.7,85.1,Yes
,59.3,74.6,No
14.2,40.7,76.5,No
4.7,71.4,54.4,Yes
6.2,48.8,50.5,No
14,78.3,57.9,No
2.6,71.8,69,Yes
15.3,67,,Yes
7.3,95.9,53.8,Yes
8.1,55.3,54.5,Yes
4.4,,60.4,Yes
11.9,70.5,77.9,Yes
22.3,60.2,48.8,No
13.9,77.4,73.5,Yes
5.7,56.7,72.9,Yes
15.7,83.4,57.2,Yes
8.4,55.5,69.4,No
16.9,55.3,82.8,Yes
14,87.3,60.1,No
-4.7,74.1,53.4,nan
5,51.3,50.6,No
14.7,56,52.3,Yes
10.8,67.5,,Yes
4.9,52.1,64.1,Yes
6.8,69.2,41,No
0.5,69.9,83.8,Yes
9.6,56.7,62.3,No
21.1,88,72.2,Yes
14,54.6,74,Yes
21,,52.5,Yes
14.4,,46.5,Yes
15.1,61.8,50.5,No
19.9,85.8,62.1,No
11.9,75.7,,Yes
9.1,90.2,93,Yes
15.2,35,78.5,Yes
,85.3,35.5,Yes
7.6,64.6,62.7,No
6.4,75.8,30.9,No
10.7,150,79.4,Yes
14.2,101.9,62,Yes
14,37.8,,No
2.9,107.3,61.5,No
19.6,89.1,66.1,No
6.8,78,54.7,Yes
8.7,46.3,66.5,No
5.5,41.6,50.7,Yes
23.5,63.8,69.4,No
11.2,87.7,69.1,Yes
5.7,74.9,72.2,No
14.3,86.6,63.5,Yes
13.8,45.7,80.6,Yes
9.1,75.9,92.3,No
14.2,96.9,42,No
5.9,104,46,No
7.5,49.9,62.4,No
-0.1,,58.2,No
3.4,68.2,72.1,No
19,62.5,72.1,No
18.2,93.2,69.5,Yes
10.3,132.4,40.1,Yes
18.3,52.7,67.9,No
9.2,83.5,92.8,Yes
,80.9,72.7,Yes
10.3,81.3,64,No
9.4,101.7,74.3,No
8.9,82.5,52,Yes
15.7,32.3,71.3,No
10.8,,64.7,Yes
13.6,53.7,47.8,Yes
15.2,60,68.7,No
11.9,72.2,65.7,Yes
5.1,70.7,,Yes
3.2,38.5,67,Yes
10.7,42.8,68.1,Yes
9.1,32.6,67.2,nan
10.4,43.9,67,nan
9.9,94.8,82.1,No
22.9,69.6,75.7,No
3.3,55.9,50.9,No
0.1,36.6,63.1,No
11.7,54.7,43.9,Yes
8.1,87.1,87.4,Yes
,84.5,54.6,No
12.9,70,53.6,Yes
16.4,69.7,92.4,No
2.5,39.6,56.1,Yes
-1,59.5,50.8,Yes
12.1,86.1,74.9,Yes
13.9,61.5,64.9,Yes
21,107.5,51.6,Yes
14.8,99.1,70.1,Yes
9.7,65.9,74.4,No
5.5,69.7,77.9,Yes
7.2,119.5,200,Yes
7,91.9,,Yes
13.3,76.4,77.7,Yes
11.3,78.7,58.1,Yes
3.4,78,90.6,nan
7.8,74.7,74.8,Yes
14.4,53.6,85.9,Yes
11.8,67,62.9,No
12.8,46.3,77.7,No
11.9,89.5,69.1,No
18.1,72.4,79.6,No
11.2,90.5,58.7,Yes
8.1,49.5,56.7,Yes
5.4,103.4,83.5,Yes
11.2,101,68.6,Yes
-2.2,43.5,79.7,Yes
9.1,64.9,43.8,No
9,67.1,52.9,Yes
3.2,46.2,57.2,Yes
5.4,69.8,84.5,nan
14,86.2,83.9,No
11.2,65.6,66.3,No
,40.7,72.2,No
11.5,90.4,67.5,No
10.5,59.2,50,No
16.2,61.3,65.9,Yes
10.6,108.6,51.5,No
2.7,82.9,59.3,Yes
18.2,58.8,61.6,Yes
11.9,51.2,89.8,No
7.1,,67.4,Yes
3.7,,58.9,Yes
12,64.9,74.2,No
9.4,49.8,55.1,No
17.9,82.7,104.9,Yes
8.3,86.9,71.5,Yes
5.8,67.5,27.9,nan
14.5,52.9,52.9,Yes
14.6,75.5,92,No
10.8,84.2,,Yes
13.4,65.3,57.9,Yes
9.8,80.2,71.1,No
11.2,82.2,41.2,Yes
15.8,97.9,50.4,No
13.1,66.6,43.9,Yes
9.2,52.2,59.5,Yes
16.8,73.7,89.1,Yes
-1.8,108.8,74,No
20.3,39.7,72.2,No
1.5,28.7,55.1,No
6.9,72.8,76.7,No
9.8,,53.4,Yes
9.3,70.8,61.9,Yes
15,70.1,,No
4.7,95.1,63.8,No
11.3,,78.7,Yes
7.1,91.4,62,No
11.5,25.4,85.4,No
9.7,64.4,71.3,No
,,51.8,No
7.3,29.3,56.8,Yes
7.4,77.1,61.7,Yes
11.4,73,79.4,Yes
14.7,65.7,92.6,No
7,72.5,42.7,Yes
5.7,77.1,59.2,No
13.1,95.3,,nan
9.8,87.9,64.2,No
14.2,81.6,62.7,Yes
5.5,121.1,73.6,No
1.1,60.8,44.8,No
7.3,47.8,74.1,nan
6.2,98.5,69.6,nan
9.6,112.3,68,Yes
6.8,62.3,81.2,No
13.7,102.6,64,Yes
8.6,64.3,65.6,No
10.8,86.7,67.7,No
10.8,,34.3,Yes
11,62.4,80.7,No
9.9,111.9,73.9,Yes
12.6,114.2,,No
6,54.6,70.1,Yes
17,79,85.4,No
8.8,93.3,68.2,nan
3.4,37.3,61.8,No
10.9,75.5,39,No
5.7,41.9,45.9,No
13.3,88.3,60.4,Yes
21,76.7,66.5,No
6.1,67.5,56.1,No
11.7,43.7,61.6,No
1.2,63,51.4,Yes
12.3,85.4,79.2,No
5.6,74.2,60.7,Yes
6.9,98.9,82.7,No
4.5,97.6,,Yes
13.7,96.7,,No
15,64.2,72,Yes
10.1,80.9,67.4,No
5.7,55.7,48.4,Yes
17.9,49.8,59.9,Yes
6.2,98.6,33.8,No
-0.8,51.3,89.6,No
12.3,49.1,14.6,Yes
4.5,77.1,77.6,No
14.9,69.6,66.6,No
8.1,71.3,39,No
13,121.1,68.9,Yes
17,55.1,48.4,Yes
4,84.9,71.5,No
7.2,76.7,64.1,Yes
9.6,,68.4,No
17.7,,59.5,Yes
6.7,150,84.9,Yes
7,77.3,49.8,No
12.4,46.3,54.9,No
7.1,38.9,62.4,Yes
10.8,74.6,63.5,No
2.2,,,Yes
21.1,68,35.1,Yes
3.3,70.7,70.3,nan
8.4,98,69.9,No
9.8,72,90.5,No
19.6,90.5,83.8,No
3.4,128.3,66,Yes
19.9,63.5,54.9,Yes
13.8,71.5,81.9,Yes
12.1,82.9,52.3,No
5.1,104.8,78.4,Yes
12.9,72.7,43.5,No
6.4,,94.5,No
16.3,82,,Yes
5.1,73.6,50.2,No
9.4,66.6,36.4,No
7.2,62.8,59,No
5.1,136.3,71.5,nan
13.7,44.2,56,Yes
12.7,46.1,51.7,Yes
16,79.9,43.3,Yes
1.1,79.1,69.2,No
15.3,83.5,75.4,No
22.5,,67.5,Yes
7.7,54.5,75.4,No
19.5,69.3,46.8,No
8.7,93.2,55.5,No
3.1,54.6,62,No
8.5,78,84.2,No
15.2,64.8,84.1,Yes
5.8,44.5,76.9,Yes
7,49.4,76.5,Yes
13,93.2,53.2,Yes
10,62.9,66.5,No
12.9,99.9,40,nan
11.2,74.3,76.5,No
12.4,47.6,61.3,No
7.8,84.5,95.6,Yes
11.2,59,68.9,Yes
5.4,67.5,53.7,Yes
16.4,97.7,60.9,No
6.8,49.2,55.5,No
,66,56.3,Yes
8.8,,64.7,Yes
11,51.2,50.2,No
7.5,65.5,64.1,No
4.9,57.8,35.4,No
1.3,69.5,67.4,Yes
,87.8,53.6,Yes
8.4,60,44.8,Yes
11.1,45.6,75.9,Yes
15.1,87.8,38.5,No
7.8,59.8,74.4,No
5.6,111.6,72,No
2.8,66.8,51.6,Yes
12.4,72.3,60.9,No
,28.9,69,No
16.3,51.8,68.5,Yes
13.5,29.4,78.7,No
13.2,80.9,76,No
18.5,73.4,80.5,Yes
11.7,87.6,82.3,No
13.2,91.1,66.7,No
8.4,94.2,60.6,nan
3.2,70.5,63.2,No
6.6,76.7,,Yes
10,86.6,86.7,Yes
10.3,59.1,53.6,Yes
19.6,56.2,82,No
10.4,105.8,57.8,No
15.9,38.9,81.6,No
7.8,85,75.9,Yes
8.4,81.8,64.4,No
3.4,52.5,,No
6.3,61.6,48.4,No
12.6,67.9,73.7,No
10,,79.2,No
14.7,82,85.1,Yes
10.9,74.4,60.1,No
8.2,78.8,98,Yes
20.7,88.2,60.2,Yes
9.5,87.3,58.3,Yes
15.8,105.7,62.5,Yes
8,95.9,62.6,No
13.5,75.4,43.5,Yes
14.6,87.8,48,No
11,83.5,46.7,No
-1.8,78.3,68.5,No
10.1,57.6,87.4,Yes
16.2,78.2,200,Yes
12.6,33.7,,No
12.2,96.4,52.9,No
1.4,82,74.9,No
6.4,71.8,69,Yes
12.1,66.6,78.8,No
12.1,88.1,49.9,No
16.1,111.8,64.4,Yes
,82.5,61.5,Yes
12,113,,nan
10.1,90.7,79.9,No
5.1,58.9,56.4,No
-1.3,84.8,58.3,Yes
12.2,82.8,53.1,No
10.9,58.9,97.4,No
6.9,66.8,50.7,Yes
1.9,66.4,73.9,nan
13.1,77,44.5,Yes
8.7,69.4,71.9,Yes
12.8,80.4,47.8,No
19.3,83.6,67.3,No
,100.4,69.7,No
6.5,,63.9,No
9,61,,No
17.3,117.2,72,Yes
1.8,61.1,54.8,Yes
19.7,67.2,72.4,Yes
10.7,86.9,68.4,No
9.5,132.9,79.4,No
9,83,43.2,Yes
7.8,62.2,66.7,Yes
15.2,42.2,66.4,No
4.7,40.9,59.4,No
11.7,75.2,80.9,No
8.1,85.9,54.3,Yes
6.2,46.6,75.7,Yes
22.9,79.4,54.1,No
12.1,48.7,84.9,Yes
13.1,56.5,71.1,Yes
15.7,87.6,41.6,No
2.9,60,82.1,No
18.8,101.2,73.4,Yes
-2.5,63.3,66.4,No
6.2,97.2,55.4,Yes
7.7,120.3,52.2,No
12.9,60.1,72.6,No
11.1,124.3,41.9,Yes
9.2,75.3,54.9,No
9.9,62.3,75.5,Yes
5.1,69.1,43.9,Yes
2.5,66.9,44.6,No
13.6,103,72.8,Yes
13.5,101.4,61,No
17.9,101.1,90,Yes
6,49,60.4,Yes
13.5,78.8,41.7,No
8.6,44,82,Yes
16,95.2,45.1,No
15.1,65.3,49.9,Yes
11.1,85.1,60,Yes
8.3,65,67.4,No
14.8,39.9,70.7,Yes
13.2,92.7,79.4,No
6.6,94.2,26.4,No
3.4,77.8,50.9,No
8.6,32.8,80.9,Yes
17.6,90,51.6,nan
15.7,,64.2,Yes
4.4,85.3,85.2,Yes
4.2,65.2,62.4,Yes
16.4,67.2,61.1,Yes
4.3,85,62.6,Yes
12.5,58.6,84.3,No
6.9,,41,Yes
18.1,,91.8,Yes
6.1,118.3,61.6,Yes
15.7,73.5,59.9,No
10.9,91.8,52.8,No
11.3,51.6,48,No
0.1,108.9,29.9,No
-1,,83.3,No
8.9,72.4,31.8,Yes
11.2,85.2,64.2,Yes
4.4,59.4,58.4,Yes
4.6,96.6,69.4,Yes
12.8,61.8,35.1,No
12.8,91.6,52.6,Yes
9.3,96.4,72.1,No
13.9,86.6,67.8,Yes
4.1,,55,Yes
8.2,125.6,66.5,No
18.2,83.3,90.8,No
10.3,77.2,200,No
10.6,81.7,79.6,Yes
21.5,,73.2,No
3,,67.7,Yes
14,71.7,54.7,Yes
18.3,56.8,65.8,Yes
8.4,98.3,94.5,No
14.3,47.7,78.8,Yes
5.1,80.2,59.6,No
6.6,81.1,33.6,No
11.9,72.9,76.4,Yes
14,74,79,No
15.6,42,56.9,No
,57.6,55,Yes
9.7,93.7,35.8,No
16,34.2,83.8,nan
8.3,73.3,58.8,No
14.5,68.7,68.9,No
11,35.2,48.5,Yes
12.2,108.8,43.3,No
12.1,54.4,87.4,No
2,86,59.2,No
4.4,65.6,53.7,Yes
10.5,58.1,108.5,No
1.6,70.3,79.8,Yes
14.2,67.9,54.2,Yes
14.4,71.3,76.1,Yes
11.6,59.3,40.9,Yes
4.4,54.7,60.2,Yes
16.9,95.1,52.4,Yes
20.2,75.1,71.3,Yes
10.7,,89.9,No
12.6,57.2,39.6,Yes
11,106.5,92.9,Yes
12.7,73.3,76.2,Yes
9.4,37.1,50,Yes
9.8,80.5,,No
14.5,59.7,54.3,No
21.7,93.2,52,Yes
3,95.8,52.5,No
9.5,93.5,37.8,Yes
4.1,65.8,62.1,Yes
18,72.7,76.2,Yes
7.1,80,56.4,Yes
2.8,92.9,69.5,No
13.2,54.2,81.9,Yes
18.7,76.9,42.6,Yes
,112.4,55,No
11,64.3,42.4,Yes
12,74.5,44,No
17.1,127.3,85.4,Yes
5.6,70.2,57.4,No
9.4,44.2,71.9,Yes
7.7,73.9,67.5,No
4.2,108.5,75.6,No
8.4,96.1,67.2,Yes
15.5,55.4,66.6,Yes
,83.3,,No
13.2,71.5,65.5,Yes
10.7,91.2,65.4,Yes
12.6,62.7,50.9,Yes
6,84.9,34,Yes
8.5,113.2,68.7,No
11,22.8,83.4,No
11.4,86.9,38.5,Yes
11.6,101.4,62.5,Yes
9.3,43.9,,Yes
8.1,60.6,74.7,No
,67.1,82.8,No
14.5,60.4,63.5,No
12.1,58.9,74.4,nan
8.8,67.5,66,No
7.7,92,50.4,No
9.3,104.8,63,No
11.5,101.1,64.6,No
0.6,94.9,62.8,Yes
2.2,111.6,70.6,Yes
6.8,115.6,67,Yes
11,78.3,62.1,No
8.8,103.6,55.4,No
17.4,83.5,72.5,Yes
2.6,70.7,71.5,No
6.2,74,67.7,Yes
17.6,95.3,52.6,No
10.7,104.3,48,No
14.4,,75.1,nan
20.3,67.1,51.6,No
6.5,65.2,59.9,No
9.5,37.9,200,Yes
8.6,82.2,71.6,No
0.2,80.9,46.4,Yes
8.4,54.1,45.6,No
14.4,84.5,50.2,No
12.7,84.1,71.4,Yes
13.1,45.3,61.8,Yes
8.1,68.6,55.5,No
6.7,103.2,89.8,No
16.3,62.3,72.8,Yes
7.5,75.4,35.1,No
11.5,78.2,51.9,Yes
10.8,74.5,35.3,No
17.3,88.8,57.8,Yes
14.9,,80.5,No
3.5,100.3,68.7,No
4.1,68.7,61.5,No
12.9,85.5,57.9,Yes
9.7,91.8,69.8,No
7.7,72.6,39.6,No
15.1,60.6,63.2,nan
10.9,77.9,67.5,Yes
10.3,62.9,45.9,No
13.9,60.9,51.7,No
8.1,79.4,94.5,No
17.8,,72.9,Yes
6.1,78.5,39.4,No
13.3,44,53.7,No
17.2,71.5,,No
3.1,29.8,99.6,No
8.3,54.1,78.4,No
15.7,,81.3,No
15.8,99.3,71,Yes
9.1,85.7,50.2,No
6.3,,88.9,Yes
14.8,67.5,77.8,No
15.9,70,84.1,No
4.2,101.1,90.5,No
4,52.9,88.3,Yes
,60.5,64.8,No
13.1,96.3,69.1,Yes
8.5,68.1,67.9,Yes
13.4,113.8,78.9,No
6.4,88.8,70,Yes
-0.6,98.1,67.2,Yes
7.9,42.5,,Yes
10.3,96.2,62.8,Yes
8.6,58,69.5,Yes
4.2,89.3,84.5,No
0.9,67.7,50.7,No
7.4,79.5,66.1,No
14.5,52.9,70.2,No
16.3,40.6,89.8,No
15.9,78,58.5,No
5.9,69.1,53.3,Yes
4.2,57.1,87.6,No
12.5,41.4,72.6,No
13.2,21.5,58.7,Yes
12,85.5,80.8,No
-0.1,69.9,36.9,Yes
,62.9,64.2,Yes
9.9,79.3,69.4,Yes
12.4,,73.8,Yes
13.8,80.4,52.6,No
10.7,66.1,52.4,No
11.7,117.6,88.1,No
10.4,62.3,65.2,Yes
13.4,46.8,67.4,Yes
11.6,77,54.1,Yes
10.3,69.9,51.2,Yes
8.7,93.9,56.5,No
10.4,64.5,82.9,No
12.4,71.7,55.7,nan
11.3,57.7,61.5,No
11.9,91.2,,Yes
16.7,77.9,97,Yes
11.3,69.5,43,No
6.8,72,33.1,Yes
14.4,74.6,54.3,Yes
3.2,46.3,50.3,Yes
4.6,98.3,72.2,No
11.7,97.1,64.8,No
12.6,75.8,63.1,Yes
3.8,73.7,78.2,Yes
8.1,55.1,33.1,Yes
7,109.5,55.7,No
7.6,104.7,63.3,Yes
14.7,,80.5,No
13.5,91.4,64.1,No
9.9,99.6,71.2,No
7.3,95.5,60.1,Yes
3.3,57.9,64.4,No
17.1,68.8,60.6,Yes
,84.4,61.5,No
6.5,79.1,66.1,No
13.6,90.1,86.7,No
9.6,87.9,71.2,Yes
8.6,79.9,61.9,No
12.2,22.9,73.2,No
6.3,98.5,67.7,Yes
8.3,91.8,73.8,Yes
10.6,116.4,59.1,Yes
7.5,65.5,72.4,Yes
13.3,38.1,72.7,No
19.3,,43.7,Yes
6.2,84.1,59.2,No
1.7,66.2,62.4,No
0,102.4,60.1,No
9.2,61.8,49.6,No
6.7,73,27.9,No
11,70.1,80.4,No
10.7,130.5,32.5,No
2,56.9,94.7,No
0.9,86.7,61.5,Yes
11.5,51,55,No
10.7,81.9,41.7,No
7.9,55.9,40.1,Yes
1.7,97,51.6,Yes
12.4,93.2,67.9,Yes
16.4,,86.2,No
11.4,47.2,41.8,nan
5.8,73.9,70.4,No
10.2,,37.2,No
3.2,91.6,51.4,Yes
15.3,57,72.5,Yes
10.4,98.1,49.7,Yes
1.2,94.3,88.2,No
8.5,47.5,76.3,Yes
12.3,70.6,72.4,Yes
8.3,74,56.6,No
8.6,95.1,52,Yes
3.9,61.3,58.1,No
12.8,79.2,68.7,No
6.8,97,68.7,Yes
-0.8,80,52.7,nan
8.1,37.9,54.1,Yes
14.9,65.1,41.8,Yes
8.1,93.1,99.2,No
18.7,90.6,51.5,No
12.1,30,39.7,No
11.7,79,,No
9.4,93.9,54.9,No
9.7,85.8,,Yes
8.7,88.1,63.4,Yes
8.5,116.2,62.2,Yes
12.7,74.1,75.9,No
5.3,81.1,73.8,Yes
4.6,56.2,51.5,No
4.4,62.3,,nan
20.2,68.4,66,No
12.7,92,56.1,Yes
11.5,60,86.4,No
4.7,99.7,53.3,Yes
13.1,53.1,56.3,Yes
9.4,87.8,57.9,No
11.1,86,78.9,Yes
5.1,80.1,81.3,No
10.8,94.7,85.3,Yes
7.9,60.1,,No
6.2,65.7,63.5,No
13.7,55.7,79.4,No
2.3,75.2,70.6,Yes
12.8,72.6,63.1,No
13.4,92.1,58,nan
5.6,82.7,62.4,Yes
5.9,88.8,57.8,Yes
8.9,71.1,71.2,No
,83.1,61.8,No
9.2,111.3,72.3,Yes
12.2,48.1,72.6,No
18.8,38.2,65.1,No
7.5,87.7,58.2,No
1.4,58,51.4,Yes
14.1,47.4,63.4,nan
18.4,85.7,69.4,Yes
12,54.9,44.5,No
4.6,105.8,38.3,No
9.4,78.1,,Yes
4.4,70.9,51.6,Yes
13.2,58.6,80.1,No
3.2,79.3,84.6,Yes
8.5,43.2,49.8,No
5,25.6,39.5,Yes
10.6,43.9,,Yes
8.2,97.7,68.1,Yes
10.9,56.5,70.9,No
10.1,46.3,76.5,No
5.1,73.2,58.7,No
13.1,119.5,62,Yes
9.8,96.8,77.2,No
5.1,59,71.7,Yes
21.2,58.6,95.7,Yes
12.4,59.1,69.4,Yes
9.2,56.8,68.8,Yes
17.1,85.9,78.2,nan
19.2,68.3,96,No
9.3,52.7,75.7,No
11.7,,60.7,No
5.1,121,55.1,Yes
9.3,89.8,67.4,No
9,57.9,48.5,No
10.9,99.2,74.7,Yes
11.7,52,69.5,No
12.8,72.3,72.8,Yes
11.2,70.1,38.3,Yes
3.9,78.6,85.2,Yes
,56.2,48.2,Yes
,77.6,46.1,No
8.6,40,34.7,Yes
15.3,67.5,55.9,No
4.2,101.7,67.3,No
8.2,95.5,63.5,Yes
14.8,61.1,75.4,Yes
,44.5,84.1,No
12.3,31.3,85.4,No
9.3,87.3,61.2,Yes
11.3,80.6,62.8,Yes
8.9,82.7,62.9,Yes
13.3,108.8,58.8,No
2.3,78.1,95.4,No
8.2,79.6,69.7,Yes
11.5,47.1,72.6,Yes
12.7,107.5,75.2,No
17.5,71.7,83.2,Yes
8,58.7,61.6,Yes
17.4,79.2,72.7,Yes
6.7,115,73.8,Yes
16.6,117.7,41.6,No
14.1,55.6,57.7,No
,98.5,62.5,No
11.5,81.7,79.8,Yes
9.7,94.8,117.4,Yes
13.1,80.5,58.4,Yes
8.9,87.3,57.8,No
8.5,101.4,71.6,Yes
16.8,40,39.1,No
9.5,82.2,38.2,Yes
14.1,51.6,62.9,No
8.9,65.7,56.9,Yes
18.3,75,81.8,No
6.6,54.8,59.4,Yes
6.9,63.4,45.4,Yes
17.6,47,49.7,Yes
7.8,63.1,,No
18,85.2,54.1,nan
14.5,92.3,59.8,Yes
9.2,59.6,60.5,No
0.9,101.6,56.3,Yes
9.9,86.5,69.6,Yes
10.5,103.7,91.6,Yes
15.8,39.6,73.3,No
17.9,81.2,,Yes
6.6,87.2,50.5,No
14,40.6,70.6,Yes
13.8,123.3,85.5,Yes
15.4,62.3,61.5,Yes
12.5,85.9,64.9,Yes
,93.5,76.5,No
9.2,77,87.9,Yes
4.2,102.7,82.8,Yes
9,114.9,46,No
14.9,52.8,70,No
11.5,77.3,55.9,nan
15.7,,60.2,Yes
11.7,42.3,45.4,No
3.5,96.3,61,No
-2.6,109.1,52.2,nan
10.7,100.7,62.6,No
8.9,83.8,72.4,Yes
5.1,105.8,69.2,Yes
1.5,82.1,78.3,Yes
6.3,48.6,57.7,nan
,64.6,39.7,No
13.3,69.9,89,nan
10.9,73.7,73.2,No
18,73.1,73.9,No
4.8,68.2,73.1,No
14.4,79.4,68.9,No
10.2,105.1,79.9,Yes
13.5,79.3,55.2,Yes
7.8,87.6,76.8,No
15.4,31.1,70.3,Yes
11.5,77.5,67,Yes
6.6,96.7,57.6,No
9.9,99.9,68.8,No
8.8,97.9,61.9,Yes
12.4,81.1,77.8,No
4.1,83.3,58.1,No
,61.5,49.5,Yes
12,91.9,73.5,No
10.2,,96.6,nan
16.7,88.6,68.8,No
13.9,75.8,62.8,Yes
10,75.3,91.8,Yes
11.1,95,71.9,Yes
11.5,86.2,62.8,No
12,80.7,90.7,Yes
0.9,65,,nan
8.5,107,60,Yes
2.6,81.7,70.1,Yes
16.4,89.9,107.4,No
9.7,76.6,51.1,No
9,61.1,48,Yes
14.5,82.1,68.4,Yes
12.1,63.1,87.3,No
4.4,83.8,78.6,Yes
9.6,9.7,,No
8.3,67,47.8,Yes
,74.7,,No
6.5,55.9,66.6,Yes
9.1,82.3,69.7,No
,66.6,61.4,Yes
2.6,74.9,61,Yes
15.8,64,60.9,Yes
9.5,94.4,74.1,No
10.2,85.9,70.2,No
12,81,74.3,No
6.1,76.2,70.1,No
12.3,125.6,37,No
8.2,71.9,65.2,Yes
5.5,61.1,55,No
12.9,51.5,88.7,Yes
17.5,93.1,47.8,Yes
13.6,107.6,36.3,Yes
14.6,58,76.9,No
7.4,69.3,68.7,Yes
2,67.8,67.1,Yes
17.5,72.5,71.1,Yes
20.3,39.6,63.6,No
17.7,91.1,58.1,No
8.3,98.8,67.5,No
4.2,36.9,49.1,Yes
4.7,110.2,87.2,No
1.6,107.4,55.2,No
9.5,13.6,46.8,No
18,31.5,70.8,Yes
9.3,72.3,52.6,No
11.5,101.3,82.9,No
16.9,80.8,35.1,No
8,75.4,40.3,No
20.2,86.5,59.4,No
20,,67,nan
9.3,100.5,53.9,No
7.1,72.9,61,Yes
13.5,42.3,90.9,Yes
8.3,59.1,54.5,No
4.2,82.4,40.8,Yes
16.4,,61.5,Yes
16.1,67.1,48,No
10.8,79.1,73.6,Yes
3.7,82.2,72.5,No
3.9,50.4,63,Yes
10.5,99.5,70.7,Yes
7.5,72.4,49,Yes
8.3,83.4,79.2,Yes
15.1,76.9,56.5,No
13.7,66.8,90.2,No
16.9,93.2,60.2,nan
5,76.6,58.2,Yes
8.3,76.5,62.1,Yes
13.8,25.2,73.8,No
12.2,91.4,86.7,Yes
17.7,71.6,70.4,No
12.1,90.1,97.1,No
19.2,107.9,,No
12.7,91.5,61.9,No
15.3,76.1,48.4,nan
8.4,69.3,57.4,Yes
10.1,125.5,55.1,nan
14.6,84.7,43,No
,79.2,79,Yes
13.6,71.3,73.9,No
9.6,57.1,59,Yes
16.9,36,69.8,No
-1,105.4,58.8,No
2.9,59.4,61.6,Yes
13.4,71.2,72.6,No
10.1,72.9,64.7,Yes
13,103.7,65.3,Yes
10.3,59.7,36.3,Yes
12.9,80.1,77.3,No
5.9,85.2,84.6,Yes
12.9,47.3,80.4,Yes
15,45.4,,Yes
16.1,60.7,,No
,79.9,71.5,No
11.2,77.3,52,No
11.4,72.6,60.5,Yes
2.4,88,63.5,No
7.3,57.9,,Yes
9,71.6,67.9,No
15.3,72.7,48.2,Yes
6.9,58.4,49.2,No
14,121,67.3,Yes
10,,59.8,No
9.1,99.8,50,Yes
11.2,91,67.3,Yes
8,91.2,52.1,No
7.9,76.9,52.1,No
1.5,101.7,82.6,Yes
,,67.4,nan
7.6,82.8,70,Yes
7.4,76.5,88.5,No
12.1,70.4,,Yes
13.3,77.4,55.5,Yes
11.2,56,55.7,Yes
15,61.7,92.8,Yes
12.9,106.6,63.6,Yes
8.5,132.6,51,No
7.7,85.4,67,No
11.6,91.7,55.7,Yes
12.9,80,58.8,Yes
17,84.1,89.4,Yes
16,85.9,,Yes
7.3,95.7,45.8,No
9.5,105.7,58.4,Yes
13.4,57.3,37.2,Yes
15.3,131.6,53.6,Yes
14.7,77.8,80,No
9.7,77.8,54.2,No
3.7,66.7,104.6,No
5,66.8,25.8,No
11.4,,58.3,No
11.7,87.7,66.7,nan
4.5,86.3,65.9,No
10.2,65.9,73.4,No
13.2,21,60.9,No
4.2,39.1,83.8,nan
15.5,75.3,46.6,No
8.1,81.7,61.4,No
16.3,66.6,48.3,No
7.3,61.1,57.6,No
4.9,80.9,61.1,Yes
7.7,72.8,74.3,No
9.5,65.5,49.8,Yes
8.1,42.7,60.8,Yes
8.9,58.1,65.3,No
11.7,93.7,,Yes
9.1,55.7,48.3,Yes
9.7,88.3,68.5,Yes
1.5,102.7,82.5,Yes
12,59.2,82.3,Yes
9.6,66.1,60.8,Yes
18.1,94.7,72.8,nan
5.3,99.7,62.6,No
1,62.1,81,Yes
13.1,42.6,75.2,No
,100.1,,Yes
5,86.7,62.7,Yes
2.4,83,55.1,nan
17.7,93.3,63.6,No
17.1,51.3,47.7,Yes
-2.4,82.8,63.2,Yes
7.7,69.3,62.7,Yes
18.3,87.1,63.1,Yes
7.6,91,68.8,Yes
,,41.9,No
8.6,87,76.7,No
4.4,80,77.6,Yes
1.5,80.7,86.1,Yes
15.3,82.3,63.5,Yes
0.8,62.5,68.9,No
11.2,67.6,80.7,Yes
14.4,83,54.5,Yes
,88,,Yes
5.4,62,53.9,No
16.1,53.5,72.8,Yes
12.7,,70.9,Yes
6.9,49.8,51.6,No
16,64.2,72.7,No
16,66.1,58.4,No
11.3,69.3,62.6,Yes
5.5,50.9,77.2,Yes
7.9,38.7,81.2,Yes
11.4,77.5,71.2,No
9.1,77.5,65.2,Yes
14.7,87.4,75.6,Yes
2.4,91.3,,Yes
2.5,82.8,78.4,No
10.9,,55.7,Yes
7.5,92.5,61.7,No
6.9,103.5,51.1,Yes
1.2,61.5,,No
10.1,90.4,87.7,No
9.7,62.5,87.9,Yes
13.3,79.4,89.4,No
10.3,96.4,55.4,Yes
9.3,69.5,105.6,No
15.9,56,82.7,No
3.4,65.8,80.3,No
12.7,55.9,68.7,Yes
1.6,53.5,41.6,Yes
5.8,99.1,55.6,No
3.9,,58.7,No
13.9,60.6,62.8,No
9.7,55.3,58.6,Yes
9.9,,64.6,No
4.5,60.6,72.2,Yes
8.5,98.1,66.1,No
6.2,72.8,62,No
11.9,117.6,61.1,nan
5,74.2,,No
16.6,63.5,59.2,Yes
1.6,93.6,76.7,nan
6,41.6,65.3,Yes
18.4,78.8,37,No
7.8,50.8,99.8,Yes
3.4,31.4,83.5,Yes
11.1,72.6,99,No
,91.7,78.3,Yes
5.8,79.3,65.8,Yes
4.5,76.9,73.6,No
23.8,23,57.8,Yes
8.7,71.9,52.2,Yes
0.4,72.1,96.4,nan
,87.4,60.7,nan
13.1,53.8,67.1,Yes
6.2,91.6,72.1,No
5.3,64.8,61.5,Yes
13.4,69,79.5,Yes
8.8,,63.5,Yes
0.4,51.2,117.8,No
18.9,91.5,36.4,Yes
7.8,47.9,55,No
17.5,88.1,81.2,Yes
,70.3,41.4,No
5,71.9,67.9,Yes
15.2,13.7,60,nan
,63.2,63.2,No
0.7,70.8,83.2,nan
7.9,106,67.2,Yes
12,74.3,53.7,No
7.7,61.9,80.3,No
8.5,91.7,68.5,No
15.7,64.9,44.3,Yes
10.5,,55,No
5.8,80.2,63.7,Yes
13.5,57,76.5,No
11,93.8,63.1,No
-2.6,87,79.3,Yes
12.1,92.9,66.1,No
12,71.4,54.8,No
10.1,87,65.9,No
14.5,113.4,75.9,No
6.6,78.4,62.2,nan
11.7,67,48.5,No
,105.9,68,No
12,88.3,,No
19.8,66,87.5,Yes
5,109.7,82.1,No
6.2,50.9,61.5,Yes
6.4,,71.9,No
10.6,97.9,63.7,Yes
4.7,96.4,87.6,No
12.1,57,40.8,No
14.2,50.2,67.9,No
12.7,79.6,50.7,Yes
1.2,89.1,71.3,Yes
15,53.4,36.8,Yes
14.7,81,69.9,No
14.2,45.9,94.1,No
11.9,96.2,56.8,Yes
11.1,63.6,42.4,Yes
15.2,71.7,74.9,No
19.6,92.3,,nan
5.2,90.4,79.2,No
15.4,84.5,81.5,No
9.6,95.6,,Yes
9.4,83.2,64.6,No
2.3,104,92.4,Yes
8.6,40.8,76.9,No
,73.8,54.1,No
7.7,73,55.2,Yes
4.5,70.6,84.6,No
7.8,84.9,75,Yes
8,79.3,54.2,Yes
10.5,91.5,59.6,Yes
1.9,51.3,64,Yes
2.8,120.8,77.3,Yes
11.8,67.2,61.7,Yes
6,80.7,,No
,70.9,70.4,No
11.1,,85.4,nan
13,64.3,47.8,Yes
17.1,79.1,87.5,No
,,82.5,No
7.1,27,66.1,Yes
14.4,68.4,57.1,Yes
12.5,,84.5,No
9.1,121.4,58.1,No
17,92.2,64.9,nan
8.9,105,72.6,Yes
10.2,86.2,,nan
10.1,76.6,62.3,Yes
5.3,82.3,51.2,No
10.4,97.5,41.7,No
17,110,96.3,nan
12.2,81,55.2,Yes
10.2,62.5,,No
9.2,93.5,96.4,No
11.7,57.9,,No
13.7,82.8,46.1,No
13,88.6,91.4,Yes
,72.8,51,Yes
11.6,56.9,58.8,Yes
12.4,65.9,56.4,Yes
5,68.7,67.3,Yes
10.8,53.9,37.7,Yes
-0.8,67.3,74.3,No
12.4,46,72,Yes
,86.8,78,Yes
13.7,81.7,77.7,nan
8,80.3,71.8,No
11.5,67.3,60.4,No
17.1,70,65.9,Yes
17.1,58.4,55.2,nan
9.9,85.1,67.9,No
10.7,47.8,53.1,No
15.6,76.7,67.1,No
2.5,62.3,58.4,Yes
8.4,110.1,52.7,No
16.7,85.5,80.8,No
14.9,75,76.9,Yes
-1,52.9,65.9,nan
2.5,47.7,38.9,No
9.8,84.9,51.8,No
7.1,111,63.8,Yes
11.7,83.2,72.1,No
6,78.5,72.3,Yes
4.9,78.8,68.5,Yes
-0.3,77.1,65.5,Yes
16.1,79.1,61.8,No
8,61.3,55.6,No
10.8,55.5,89.8,Yes
10,77.2,80.5,Yes
4.7,104.9,73.7,No
3.7,90.5,48,Yes
5,50.3,47.3,No
6.4,69.9,64.5,Yes
11.8,89.6,57.3,Yes
6,105.3,47.9,No
18.7,110.8,66.6,Yes
15.1,70.8,36.7,No
14,91.5,63.6,nan
9.4,80,72.6,Yes
17.6,72.6,72.2,Yes
8.9,76.2,37.9,No
9.8,76.5,37.2,Yes
10.8,98.5,61.8,No
13.5,46.9,55.5,Yes
13.2,84.4,46.7,No
7.6,105.8,32.7,Yes
7.3,103.6,51.8,Yes
13.2,86.4,63.5,Yes
,59.9,61.5,Yes
8,90.5,47,Yes
2.1,101.5,50,Yes
9,64.7,59.9,Yes
13.1,82.2,52.6,No
19,70.9,69.8,No
4,62.7,73.4,Yes
7.9,68.7,71.8,No
8.1,77.6,48.6,Yes
,56.6,70,Yes
9.8,53.4,70.4,Yes
5.5,57.2,87.3,No
12.8,81.6,94.6,No
,45.7,83.6,Yes
3.9,30.7,,No
5.5,102.5,53.4,No
18.7,54.7,62,Yes
11.9,,56.4,Yes
10.5,93.4,96.4,No
8.8,46.2,79.3,Yes
11.5,46.2,74.3,No
11.4,62.3,77,Yes
11.5,94.2,85.6,Yes
10.6,74.6,74.3,No
14.3,74.8,62.1,nan
10.1,,76.1,No
5.1,86.2,76,No
6.9,103.6,48.2,Yes
0.1,134.7,101,Yes
20.1,72,55.8,No
14.3,105.5,88.1,No
5.8,95,62.6,No
8.6,80.3,82.4,Yes
6.8,,65.8,No
,67.4,43.4,Yes
2.9,68.2,81,No
10.6,82.2,87.1,Yes
9.5,71.1,64.9,Yes
14.1,63.7,77.9,No
9.5,115.6,54.6,Yes
1.2,101.2,65.9,No
8.7,34.5,81.6,No
5.1,69.4,70.7,Yes
10.4,,72.7,No
17.2,101.6,80.4,Yes
1.3,66.6,90.3,Yes
6,70.7,82,No
7.2,76.9,70,No
8.1,88.2,64.8,No
13.7,44.3,67.9,No
,34.7,45.7,Yes
12.1,100.1,69,Yes
6.9,55.2,47.8,nan
11.1,117.5,59.4,Yes
13.9,57.7,76.3,No
6.3,71.3,59.1,Yes
13.9,82.4,86.1,No
10.3,32.4,64.4,No
15.2,,83.1,Yes
9,67.1,60.9,No
11.9,58.2,63.4,Yes
9.8,51.7,82.3,No
9.5,82.2,62.3,No
11.3,80.8,70.6,No
,52.3,58.6,Yes
3.8,47.6,30.6,Yes
17.2,96.1,56,No
0.7,61.9,86.9,No
,40.6,70,No
9.5,72,,No
12.1,67,78.9,Yes
17.9,114,76.7,No
0.7,64.6,88.9,Yes
7.5,68.8,60.2,Yes
-0.6,79.4,,Yes
10.2,63.6,75.1,No
11.4,83.8,71.7,Yes
18,54.7,34.2,Yes
10.6,70.2,71,No
15.2,83.1,78.8,No
,97.8,68.5,No
,63.3,83.8,No
3,63,84.4,Yes
11.4,105.8,,No
2.5,64,66.6,No
16.5,73.9,61,Yes
,109.3,,nan
16,76.3,66.5,Yes
7.6,70,68.5,No
11.3,71.5,33.6,Yes
11,60.2,,Yes
9.8,,,Yes
7.8,56.5,66.9,No
12,90.6,63.9,No
5.4,75.3,49.8,Yes
4,79.7,45.4,Yes
,109.6,57,Yes
,46,37.8,Yes
10.3,75.5,64.4,No
18.3,87.8,52.4,No
8.7,62.7,68,Yes
16.6,94,56.6,No
10.9,64.1,35.8,Yes
4.9,80.8,50.3,No
19.2,72.5,67.8,No
15,78.2,76.7,No
9.4,76.5,60.9,Yes
13.6,74.4,68.8,Yes
8,65.5,62.2,Yes
14.1,,61.8,No
,81.3,52.8,No
4.9,76.1,64.5,No
14.9,61.2,55.8,No
8.8,81.9,85.7,Yes
11,65.7,,Yes
3.3,106.1,67.6,No
19.2,124.8,49,nan
16,102.8,62,Yes
9,101.7,49.8,No
8,91.3,56.5,Yes
15.1,70.8,79.6,Yes
19.9,37,64.3,Yes
14.8,54.5,77.4,No
20.9,61.5,61.8,No
5.4,99.2,76,Yes
5.9,80.1,,Yes
4.1,61.8,75.7,No
12.2,,79.3,No
10.9,121.4,,nan
9.2,85.7,58.6,No
14,93.2,43.8,No
16.2,64.3,53.6,No
2.4,72.2,70.9,Yes
7,68.1,81.7,Yes
14.1,76.3,72.3,Yes
7.7,111.9,60.3,Yes
6,50.9,58.6,Yes
15.1,74.2,65.5,Yes
3.6,,74.1,Yes
8.5,72.7,65.5,No
11.6,94.9,57.5,No
7.1,40.3,52.3,No
13.9,112.7,54.3,Yes
7.2,47.6,54.6,Yes
17,52.4,64,Yes
9.4,66,52.9,No
13.4,62,56.6,Yes
13.7,83.5,75.3,No
6.9,81.2,73.8,Yes
-0.3,77.3,90.4,No
11.8,46.6,70.1,No
10.4,72.2,43.9,No
12.8,75.4,41.9,No
8.9,99.6,66.9,Yes
7.8,79,64.3,No
20,82.7,61.2,No
2.6,,47.3,No
13.7,51.8,50.6,No
7.1,67.2,81.1,No
8.3,52.3,80.3,Yes
8.4,107.1,69,Yes
6,108.5,74.4,No
12.9,105.6,47.8,No
17,85.9,69.7,No
12.4,82.6,55.3,Yes
10.5,65.8,83.7,No
5.1,90.4,72.3,No
12.6,,41.8,No
20.8,49.3,46.7,No
8.1,66.6,63.8,No
,112.7,,Yes
,64.7,,Yes
7.6,,37.2,Yes
-3.7,80.8,63.9,No
12,93,41.2,No
5.8,100,59.3,Yes
1.9,52.6,,No
13.8,73.1,63.9,No
4.6,79.5,51.3,Yes
8.3,81.5,54.6,Yes
17.3,92.3,81,Yes
3,91.4,58.3,No
2.3,75.5,23.9,Yes
11.3,98,62.5,Yes
15.7,94.4,86.2,No
2.1,92.8,70.4,No
-1,64.4,78.9,No
12.9,89.3,55.8,No
-0.3,99.1,74.6,No
14,64.7,58.1,Yes
14.4,77.6,69.8,Yes
8.4,106.3,82.6,Yes
16.3,82.9,48.9,Yes
15.7,73.2,38,No
10.5,,58.7,Yes
7.7,65.6,69.9,Yes
5.1,41.1,89.7,Yes
9.8,59.4,66.3,nan
12.8,97.7,74.4,nan
8.4,85.4,54.7,Yes
-1,150,55.1,Yes
16.3,96.2,70.2,Yes
11,78.3,88.8,No
8.1,,65.4,No
14.3,91.7,69,Yes
17.6,67.4,54.8,Yes
-4,84.8,56.5,No
12.2,59.1,81.8,Yes
2.9,53.9,43.2,No
12.5,57.7,53.6,No
10.6,74.5,61.4,nan
13.2,62,66.6,No
7.5,62.6,63.7,Yes
0.6,71.9,76.9,No
7.7,73.6,109.3,Yes
12,44,,Yes
15.1,,69.1,No
4.1,83,54.9,Yes
15.1,77.8,78.9,No
6.8,47.6,,Yes
11.8,83.7,64.2,Yes
7.5,83.7,80.1,Yes
10.9,69,50.5,No
14.5,114.2,84,No
3.9,100.4,90.9,No
6.6,67,63,No
10.9,67.4,75.1,No
22,,46.3,No
5.7,99.5,55.7,Yes
20.2,79.9,73.2,Yes
20,91.5,100.6,No
9.5,32.3,37.7,No
8.5,90.6,67.9,Yes
6.5,64.8,84,No
9.7,86.7,92.5,Yes
3,85.4,62,No
9.6,74.6,84.4,No
17.5,61.1,76.1,Yes
,83,91.7,Yes
8.8,58.3,62,No
1.5,96,66.5,No
11.9,60.6,55.7,No
11.3,75.5,60.6,Yes
10.3,60.1,60.5,No
8.9,78.2,52.8,No
8.5,54.4,92,No
12.5,58.8,65.9,Yes
9.9,120.9,57.8,No
11.6,91.9,59,nan
11.1,82.4,41.8,No
15.6,85.3,74.2,Yes
13.4,81.1,52,Yes
11,73.2,55.8,Yes
17.6,90.1,82.1,No
,58.5,57,Yes
16.5,106.9,71.9,No
13,77.4,56.7,Yes
0.8,91,,Yes
16.5,106.5,55.6,No
10.7,84.8,62.3,Yes
9.7,58.8,44.2,No
11.4,99.4,76.4,No
8.3,108.9,107.1,Yes
11.1,36.1,73.9,Yes
7,73,51.2,Yes
16.4,80.8,75.1,No
9.4,69.7,41.8,Yes
8.1,50.1,53.5,Yes
5.4,57.3,58.4,No
11.3,38,80.7,No
10.9,94.1,75.5,Yes
,102.5,43.6,Yes
4.9,102.2,77.2,Yes
2,74.4,56.7,Yes
13.1,80.4,74.1,No
17.4,96.4,53.6,No
4.9,,63.4,Yes
17.9,56,52.6,Yes
11.4,63.6,63.5,No
10,78.5,47.2,Yes
8,60.7,52.2,Yes
3.1,84.5,55.5,No
14.9,47.9,50.4,Yes
6.1,70.1,59.3,No
6.1,83.1,66.3,No
15,,,Yes
0.6,60.3,48.2,Yes
2.4,89.7,49.4,No
9.9,80.2,65.5,Yes
11.5,33.2,40.5,No
12.4,84.1,68.7,Yes
8.5,66.6,65.2,No
22.7,64.5,73.2,Yes
8.9,58.4,98.6,No
8.8,54.9,65.9,No
6,79.1,56.9,Yes
10.6,,79.4,Yes
13.1,78.1,64.8,No
16,94,62.5,Yes
2.6,86.6,91.8,Yes
8.8,34.9,76.3,No
12.2,56.7,50.7,nan
12.9,98.8,51.2,Yes
10,49.6,45,Yes
12.7,20.3,48.5,Yes
,111.6,81.9,Yes
17.8,80.9,,Yes
15,61.3,38.2,No
3.3,58,71.9,No
,87.6,67.5,Yes
4.8,84.6,58.3,No
13.4,81.5,55.5,Yes
3.6,150,65.3,No
8.3,49.4,66.1,No
12.3,74.3,71,No
9.7,96.3,38.8,No
,64.2,48.5,Yes
4.7,87,58.3,Yes
13,66.9,45,nan
6.9,91,72.2,No
,55.4,75.1,Yes
11.2,75.3,55.9,No
10.5,84.1,74.9,No
10.1,61.5,68.4,No
6.2,82.3,68.5,Yes
8.5,74.4,21.8,Yes
10,74.1,62.1,Yes
3.1,61.4,56,Yes
7.7,94.9,62.9,Yes
11.9,56.1,58.6,Yes
,80.6,47,No
15.8,58,60,Yes
16.3,73.7,58.8,Yes
3.8,87.9,78.5,Yes
16.8,69.2,62.9,No
9.3,13.5,56.4,No
12.1,48.1,46.3,No
7.5,31.8,105.9,No
14.6,76.4,79.9,Yes
12,74.9,67.5,Yes
5.9,68,43.7,No
4.2,62.5,42.2,Yes
2.7,79.4,90.1,Yes
10.9,46.1,89.2,No
12.9,94.1,69.1,No
13.3,76.5,52.9,No
9.4,56.1,56.8,No
4.2,,52,nan
6.6,72.4,96.2,No
15.8,47.4,61.9,nan
7.6,88.4,77.2,Yes
10.7,94.3,79.3,Yes
4.6,77.3,45.7,No
11.7,93.8,66.2,Yes
7.7,,60.8,No
15.2,37.4,84.3,No
13.9,76,74,Yes
7.5,48.1,,Yes
9.4,106.2,67.2,No
7.2,79.9,54.7,Yes
2.9,61,50.8,nan
5.7,69.8,53.7,Yes
11,,72.4,No
11.6,84,78.8,No
10.7,86.6,74.5,No
8.5,104.8,41.5,Yes
14.7,94.1,69.9,Yes
10.3,97.5,74.2,No
13.5,72.5,90.6,No
1.1,29.9,45,No
-9.6,77.1,81.1,No
11.4,61.7,88.9,Yes
2.9,90.8,48.6,No
8.9,39.6,74.8,No
8.5,91.6,39.6,Yes
17.9,78.8,,No
12,82.1,49.4,No
10.8,87.4,75.2,No
14.2,74.4,64.3,No
,68.3,59.8,No
7.7,97.7,74.2,Yes
15.4,86.9,,No
4.5,88.8,65.3,Yes
11.6,73.3,75.4,No
2.3,77.2,60,No
11,74.7,67,No
11,40.1,61.2,nan
18.4,47.4,86.5,Yes
2.2,72.5,,No
7,37.5,63.8,Yes
14.1,72.8,63.2,Yes
11.7,57.1,49.8,No
10.9,73.5,98.9,No
5.2,78.4,76.7,No
7,37.8,78.5,Yes
16.2,81.5,86.4,Yes
9.7,66,64.3,Yes
11.9,28.5,61,No
9.4,65.8,87.4,No
4.1,82.6,56.9,nan
14.7,66.9,62.3,No
12.5,65.7,,Yes
21.5,78.1,48.8,Yes
4.9,65.4,77,nan
14.1,69.7,73.2,No
,,56.9,Yes
10.8,64.6,82.5,Yes
14.9,112.7,47.4,Yes
-0.4,78.6,59.5,No
9,80.4,87.4,Yes
7.2,62.1,63,Yes
6.5,67.1,,nan
11.9,70.4,68.6,No
15.6,92.5,60.8,nan
9.3,99,,Yes
11,65.9,81.4,Yes
10.6,74.5,64,Yes
10,70.3,,Yes
4.6,90.2,73.4,No
15.5,84.4,49.9,No
,73.2,72.6,No
12,95.2,78,nan
6,85.4,80.9,No
7.7,59.6,77.7,Yes
9.1,75.2,60.4,Yes
2.3,71.5,63.2,Yes
1.6,55.2,71.4,Yes
7,70.5,77.2,Yes
12.6,97.8,50.2,No
6.7,96.9,78.8,No
4.9,93.3,37.8,No
5.9,90.6,33.7,No
7.7,79.2,40.2,No
8.2,63,72.8,No
20.8,86.3,74.3,Yes
15.3,42.1,68,Yes
15.1,61.6,56.5,Yes
15.8,97.1,72.1,Yes
5,65.2,54.9,Yes
3.9,87.8,60.1,Yes
4.5,67.7,52.5,No
16.7,86,74.7,No
7.3,44.2,56.3,No
3.7,100.4,70.8,Yes
7.8,,66.3,Yes
8.8,47.8,89,Yes
11.3,99.4,66,Yes
11.3,74.9,83.7,Yes
5.9,68.9,77.1,Yes
13.4,106.4,,Yes
6.8,,,Yes
9.2,66,60.9,No
,72.3,73.2,No
6.8,96.5,76.6,Yes
7.2,55.7,74.8,No
13,103.9,53.1,No
5.7,66.1,64.7,No
8.1,57.6,58.7,No
12.8,96.7,70.5,No
20.3,89.7,40.6,Yes
13,39.5,64.6,Yes
12.4,72.9,38.6,No
12.7,52.9,48.7,Yes
4.6,91,89.5,No
10.6,109.4,90.4,Yes
9.9,85.8,55.2,No
11.6,59.8,72.4,No
10.6,92.8,72.2,No
11.9,74,85.5,Yes
8.4,73.5,68.7,No
10.3,65.3,49.3,No
3.9,77.1,52.7,No
8.4,73.6,70.9,No
17,26.9,37.6,Yes
11.6,75.5,39.3,No
9.9,72.2,77.7,No
19.5,81.9,104.6,Yes
3.2,34.9,55.6,Yes
4.5,85.2,62.6,Yes
,,63.8,Yes
10.2,84.9,68.7,Yes
8.8,42.4,52.2,No
4,50.3,63.5,Yes
12.2,37.5,77,Yes
12.7,77.9,56.3,No
4.5,68.1,65.2,No
9.3,72.1,80.5,No
8.3,47.2,64.5,Yes
11.3,50.8,42,No
4.4,25.1,,nan
,48.1,47.9,Yes
14.6,62,,Yes
,63,61.1,No
8.9,73.6,70.2,No
9.3,90.2,84.4,Yes
6.1,61.2,46.3,Yes
7.8,84.8,105,Yes
8.6,90.6,63.4,No
18.1,98,73,No
14.7,84.8,54.4,No
14.7,76.5,50.5,nan
11.8,,65.4,Yes
4.4,80.5,55.8,nan
9.8,67.5,66.4,No
14.9,102.5,33.1,No
3.7,76.8,44.4,Yes
13.2,71.8,57.2,No
21.6,103.3,47.9,No
15.3,65.4,110.6,Yes
17.1,74.9,67.7,Yes
11.1,115.2,69,No
14.8,80.3,48.6,Yes
6.4,97.5,54.5,Yes
14,105.1,57.4,No
13.3,64,,No
11.4,93.2,43.7,No
16.6,68.3,59.9,Yes
7.3,115.8,71.6,No
9.1,103.9,30.3,No
10.5,89.9,40.1,Yes
4.9,95.9,43.9,Yes
11.1,61.1,62.2,No
1.4,109.4,58.2,No
15.2,56.9,79,No
10.2,83.1,31.7,No
7.4,60.7,58.8,Yes
5.8,92.2,82.6,Yes
8.8,109.9,41.4,No
13.4,84,63.3,No
12.7,,76.3,Yes
6.5,72.7,86.1,Yes
5.8,77,46.2,Yes
13.3,68.3,70.6,No
6.4,107.7,65.6,Yes
10.3,90.9,49.4,No
10.6,68.1,,No
11.6,76.2,46,No
14.3,133.3,120.7,Yes
3.7,80.4,82.7,No
0.4,104.1,66,Yes
7.2,63.5,52.3,Yes
19,84.5,73.4,Yes
20.1,62.5,46.7,Yes
19.2,64.3,69.9,Yes
9,90.9,77.5,No
1.1,57.1,62.6,No
-1.7,51.2,,No
6.9,88.7,57.3,Yes
9,65.2,79.5,Yes
16.5,69.4,64.3,Yes
14.3,39,89.8,No
,49.6,37.6,Yes
5.6,79.4,46,Yes
5.2,70.3,66.3,Yes
11.3,93.2,71.8,No
13.5,57,64,No
12,71.7,86,No
4.8,75.9,50.8,Yes
13.3,70.9,65.2,Yes
12.1,,81.3,Yes
4.6,53.3,91.7,Yes
6.1,85.2,61.9,Yes
13.4,97.8,105.3,No
8.8,58.5,66.4,Yes
17.9,83,90.5,No
12.5,82.1,59.8,No
-1,86.8,62.7,Yes
9.9,75,82.6,Yes
10.3,103.4,77.3,Yes
6.4,117.2,64.7,No
5.4,87.5,49.4,No
13.5,81.3,104.4,No
14.2,75.3,60.9,Yes
13,48.7,66.1,No
17.6,,36.1,No
7.3,51.9,56.6,No
18.4,80.3,78.3,No
5.5,71.1,62.8,No
4.9,105.5,,No
1.2,,69.4,No
7.8,75.8,56.1,No
7.5,83.7,90.7,Yes
12.6,93,101.8,Yes
11.2,77.9,85.2,Yes
4,82.3,67,Yes
8,78.5,200,nan
8.1,83.8,40.4,Yes
1.1,74.6,70.3,No
5.1,117.3,70.9,No
6.1,86.6,,No
17.2,78.9,,nan
11,60.2,81.8,Yes
13.3,,60.8,Yes
2.5,105.2,69.9,No
16,25.3,34.9,Yes
16.5,76.1,92.3,Yes
-1,74.5,55,No
6.5,85,60.6,No
12.5,,68.9,Yes
,105.3,62.1,Yes
6.6,77,79.4,No
8.5,73.7,59.5,Yes
7,94,56.3,No
10.6,105.7,79,No
16,,24,No
6.1,,45.9,Yes
15,70.7,68.6,No
6.1,77.5,77.6,Yes
5.8,104.7,77.7,No
14.1,85.5,24.2,nan
14.6,70.2,57.7,Yes
14.3,75.7,77.9,Yes
3.4,95.7,,No
7.7,97.5,61.5,No
14.1,58.2,71.8,Yes
10.2,82.3,66,Yes
-1,74.8,72.3,No
12.3,73.7,62.4,No
,101.6,73.5,No
19,70.2,,No
17.7,63.5,77.8,Yes
13,58.7,77,Yes
16.8,71.5,79.8,nan
10.3,60.3,57.8,Yes
13.8,57.7,,No
,57.2,68,No
11.2,,94.4,Yes
8.7,59.8,68.4,Yes
1.5,83,90.2,Yes
,35.8,87.2,No
14.1,61,87.3,No
14.7,73,86.2,No
12.5,98,50.8,No
7.3,70.1,48.8,Yes
0.1,71.9,52.1,Yes
7.5,73.2,81.8,Yes
8.5,38.5,60.9,Yes
8.4,88.2,,Yes
13.1,87.3,58.7,Yes
19.9,91.3,72.2,Yes
10.6,125.1,54.6,Yes
8.9,49,57.5,No
8.7,45.2,60.4,Yes
10.6,89.1,78.8,No
5.9,68.3,40.1,nan
10.6,55.3,65.1,Yes
12.3,69.3,59.6,No
11,62.6,74.1,No
12.3,109.5,,Yes
12.2,120.2,51.2,No
1.1,42.3,97.2,Yes
13.2,45.5,88.2,No
6.6,59.8,68.7,No
4.5,61.2,73.9,Yes
4.5,59.5,53.8,No
12.2,71.1,68.1,No
8.9,66.1,104.8,Yes
1.6,47.9,83.6,No
12.4,54.5,49.2,No
,105.9,71.1,Yes
10.7,67.9,66.2,No
11.2,66.8,72.8,No
14.4,44.6,91.7,Yes
18.9,65.7,51.4,Yes
3.2,94.2,62,No
9.7,86.9,48.1,No
8.6,91.2,68.2,Yes
12.2,50.9,66.6,Yes
11.1,50.6,96.2,Yes
8.2,97.7,52.2,Yes
7.8,91.5,78.6,Yes
4.4,69.8,25.7,Yes
14.9,92.1,94,Yes
12.3,,65.4,No
14.6,50.1,67.1,No
8.4,42.7,61.7,No
6.7,82.2,72.1,No
4.6,79.3,56.1,Yes
11.8,64.6,67.2,Yes
4.8,59.4,85.2,No
19.2,123.3,59.1,No
3.5,69.8,60.5,Yes
11.4,102.8,60.8,Yes
17.8,72.1,79.4,No
13,65,62.7,Yes
10.9,103.3,58.3,No
5.2,90.8,67.7,No
3.1,74.5,80.9,Yes
13.9,97.7,45.4,Yes
17.5,125.4,76.2,Yes
7.8,60.4,70.3,No
4.3,84.4,71,Yes
-2.3,66.8,65.3,No
5.1,56.3,65.5,Yes
9.4,55.8,75.6,No
18,106.8,41.8,Yes
13.4,38.5,52.9,No
11.5,85.2,39.7,Yes
8,58.5,92.2,No
7.1,,83.9,Yes
17,69.5,32.4,Yes
11,67.7,,nan
-0.5,106.4,61.7,nan
6.6,92.5,73.9,No
5.7,86.1,70,nan
7.3,91.1,62.9,No
12.8,53.3,64.1,nan
9.5,89.8,80.3,No
9.6,71,56.1,Yes
16.6,82.2,59.2,Yes
6.5,84.7,74.7,Yes
19.3,52.8,77.8,Yes
6.6,86.9,69.4,No
10.4,71.3,57.8,No
8.6,50.2,39.9,Yes
10.6,72.1,40.5,No
12.2,75.4,61.9,Yes
12.2,86.9,67.5,No
6.2,,59.7,Yes
4.4,82.8,49.2,No
22.5,64.8,46.9,Yes
7.6,91.2,67.4,Yes
13.5,75,85.4,Yes
2,68.3,53.8,No
8.6,71.4,64.6,Yes
9.4,81.7,54.3,No
12.4,93.2,74,Yes
-3.6,57.2,63.1,No
10.8,68.1,79.8,No
4.3,104.4,66.8,No
,67.8,66.8,Yes
4.8,82.3,,No
5.7,50.3,52.5,Yes
8.6,40.7,71.9,No
4.7,54.2,68.4,No
7.6,61.2,95.2,Yes
4,95.8,48.5,Yes
0.8,98,79.9,No
15.1,36.5,67,No
3.5,64.2,50.4,Yes
,89,24.9,No
13.8,,55.5,Yes
6.9,105.1,57.4,Yes
5.9,88.5,57.3,Yes
11.1,69.6,78.5,Yes
15.6,71.4,58.1,No
4.2,73.9,69.1,Yes
9.2,58.1,44.1,No
1.3,93.8,70.8,No
8,89.8,45.5,Yes
10.2,84.1,75.1,Yes
5.7,79.9,79.5,No
7.7,54.6,42.5,No
3,85.1,93.8,No
10.4,77.6,58.2,Yes
15.3,115,70.4,Yes
4.5,49.1,76.5,Yes
6.9,60.5,54.9,Yes
12.5,43.3,54.5,No
16.1,70.6,58.6,No
2.5,,71.9,Yes
,98.7,73.8,nan
11.4,,85.9,Yes
9.5,71.8,83.6,No
-2.4,54.7,83.5,Yes
12.5,44.5,78.1,No
17.6,60.9,77,No
10.6,87.5,58.9,No
4.8,59.3,56.7,No
7.4,113.2,41.9,nan
18.8,104.8,86,Yes
14.5,75,65.7,Yes
,,70,No
11.8,63.6,22.8,Yes
6.7,107,55.1,nan
,61.9,79.6,No
9.6,93.7,70,Yes
12.7,75.4,55.1,No
17.5,,63.2,Yes
15.6,58.6,94.7,No
2.9,68.3,61.5,No
11.1,74.5,66.8,Yes
,62.4,64.9,Yes
13.1,100,68.1,No
6.9,59.7,83.1,Yes
24.6,63.5,102.2,No
3.6,102.2,87.1,No
4.6,98.3,68.5,Yes
11.2,106.8,82.9,Yes
20.6,36.8,42.6,Yes
5.8,79,64.7,Yes
8.7,76.8,54.5,No
15.4,63.8,56.5,Yes
9.9,81.5,79.4,No
8.3,68.6,85.5,nan
12.8,78.2,45,No
11.4,143,62.4,Yes
15.2,81.3,55.2,No
16.5,82.2,75,Yes
11.5,91.4,81.7,No
11.5,78.6,99,Yes
11.1,53,83,nan
12.4,42.1,82.2,No
10.3,74.4,50,No
10,69.6,54.9,No
16,35.7,65.8,No
17.6,107.6,103.5,No
2.5,77.1,66.1,No
10.1,103.8,86.5,Yes
6.6,30.4,58.7,No
8.4,104.2,64.6,No
12,65.3,64.7,No
13.3,100.2,,Yes
9.4,79.3,75.3,No
0.4,84.1,45.6,nan
5.2,84.1,37.6,No
14.5,66.5,61.1,No
-3.7,62.1,,Yes
,67.8,53.6,No
12.6,45.6,99.9,No
,65.4,65,Yes
9,61.1,66.2,No
-0.3,45.1,50,Yes
12.2,84.2,74.4,nan
16.4,75.2,80.4,No
14.6,79.9,68,Yes
6.7,88.9,69.7,Yes
10.4,70.2,68.6,No
7.3,56.2,51.5,Yes
5.9,81.1,86.6,Yes
14.8,16.6,60.3,No
4,72.8,90.9,Yes
5.5,90.3,46.9,No
4.5,95.9,,nan
2.5,64.4,67.8,No
,30.2,66.4,No
15.8,22.3,56.1,No
,87.8,75.1,No
2.5,67.9,73,No
14.2,115.3,91.8,Yes
18.4,46.8,75,Yes
6.8,81.8,58.9,Yes
7.6,108.2,,No
12.6,79.1,69.9,Yes
18.1,43.2,87.3,No
7.4,130.5,,No
3.3,106.6,80.3,No
13.2,70.5,69.4,Yes
14,91.4,36.8,Yes
10,91.6,71.8,Yes
7.2,87.8,62.1,Yes
15,47.4,83.4,No
12.6,81.5,89.8,Yes
6.2,104.2,92.1,nan
10.2,85.1,62.4,Yes
3.2,,57.9,Yes
13.4,64.3,60.2,No
8.7,56.9,63.2,No
7.8,43.5,67.5,No
9.8,90.1,51.2,No
10.2,70.6,,No
14.5,48.2,34.5,No
13,94.5,97.3,No
9.2,63.3,61.5,Yes
,57.8,58.6,Yes
12,65.1,73.2,Yes
7.9,71.1,77.6,No
9.4,84.2,34.6,No
9.3,,54.7,Yes
12.5,95.2,86.3,Yes
8.2,150,78.1,Yes
8,64.7,47.4,Yes
19.8,71.8,82.8,Yes
14.7,66.5,76.4,Yes
6.2,76.3,52.9,Yes
12.9,105.4,64.9,Yes
10.6,66.3,39.5,Yes
12,78.8,77.2,Yes
10.7,61,88.1,No
15.9,85.6,59.9,Yes
11.7,80.5,64.9,No
9.7,101.6,71.3,No
15.2,58.4,61.6,Yes
11.2,88.8,34,No
10.6,100.3,81.2,Yes
11.6,66.2,83.1,Yes
9.5,72.5,75.3,Yes
10,78.8,86,Yes
7.1,70.3,63,No
6.2,78.5,71.6,Yes
,88.5,54.5,nan
3,72.7,51.9,No
5.6,72.6,45.5,Yes
9.1,80.3,70.2,Yes
10.5,67,66.3,No
8.6,68,,No
,57,38.9,Yes
17.9,74.2,69,Yes
15.4,84,90.9,No
12.2,69.6,66.8,Yes
19.5,59.5,78.5,Yes
5.1,73.1,100.2,Yes
19.4,82.9,85.5,Yes
5.2,77.6,43.6,Yes
11.2,119.6,60.3,No
3.6,61.9,70.4,No
10.1,72,64,Yes
11.9,90.6,84.7,No
9.2,61.1,64.7,Yes
13.6,113.6,63.9,Yes
10.5,75.1,81.3,No
7.4,86.2,43.9,No
7.2,75.4,72.3,Yes
14.1,95.4,55.5,Yes
6.7,53.7,76.6,Yes
14.6,106.4,59.5,No
16.1,79.6,72.7,Yes
1.7,88.2,56.8,No
15.7,60.2,35.3,Yes
20.3,81.7,70.4,No
11.3,55.6,45.5,Yes
13,98.5,87.5,Yes
15.2,49.2,73.5,No
8.6,78.1,75.9,Yes
10.9,67.2,60.8,Yes
3.4,43.7,64.7,No
10.7,56.3,29.5,No
12.5,84,70.9,Yes
12.6,57.1,47.9,No
15.3,61.6,69.7,Yes
6.1,82.5,48.6,Yes
7.3,93.3,74.2,Yes
19.5,,67.7,No
9.2,74.1,45.3,No
11,79.4,85.3,No
9.7,77.4,62.1,Yes
5.9,54.3,51.8,No
18.1,80.6,80.5,nan
7.4,54.1,56.7,No
4.4,87.3,62.5,Yes
7.7,77.7,88,Yes
0,,71,nan
6.7,94.6,74.3,Yes
5.2,64.6,63.3,Yes
13.1,62.9,55.1,Yes
6.6,94.1,60,No
14.4,71.7,29.5,No
17,86.9,75.1,nan
13.9,61.9,73.9,No
8.9,91.1,42.7,No
10.7,78.9,70.7,No
2.4,83.1,20.1,No
9.3,71.4,97,Yes
5.7,,,Yes
13.5,112.4,57.3,Yes
22.9,30.9,76.2,No
12.5,93.5,72,Yes
0,53.4,42,Yes
8.2,85.2,65.7,Yes
10.6,39.4,71.4,Yes
10.4,83.1,52.5,Yes
6.3,58.3,76.8,Yes
11.2,,45.9,Yes
3.8,66.4,74,No
5.3,60.3,42.6,Yes
13.2,60.9,58.6,No
4.9,67,40.6,Yes
12.7,71.9,77,Yes
3.2,81.5,83.8,No
18.8,112.2,90.6,Yes
6.1,56.1,58.8,No
8.9,77.5,53.4,No
11.7,90.5,80.2,Yes
7.2,60.8,65.9,Yes
10.7,29.9,55.4,No
12.9,36.8,55.2,Yes
14.8,30.6,65.4,No
14,105.8,83.3,Yes
9.1,87.3,,No
9.3,90.1,84.8,No
,94.6,62.3,Yes
14.7,63.5,83.2,Yes
5.4,121.1,61.9,No
10.5,81.7,77.6,Yes
8.3,73.5,52.5,No
9.3,97.2,71.4,Yes
3.9,88.3,74.8,Yes
7.9,101.7,,Yes
19.1,102.9,89.5,Yes
12.9,67.9,43.2,No
-2.5,78.7,81.3,No
16.1,56.8,57.6,No
15.4,42.4,76.5,No
8.2,91.7,71.4,No
,94.1,59.8,No
5.7,35.4,51.7,No
7.6,60.7,61.3,No
17.5,76.1,57.8,No
8.6,78,70.5,No
,115.9,66.3,Yes
9.7,62.5,53.1,nan
9.6,71.6,,Yes
16,88,58.8,No
10.1,68,63.8,Yes
7.9,,53.7,Yes
15.2,63.3,70.7,No
10.6,79.7,61.7,Yes
6.2,71.5,79.7,No
15.8,88.6,70.6,No
11,82.1,73.9,Yes
10,16.7,56.4,Yes
10.9,40,84.2,No
4.6,65,68.8,No
7.4,94.6,84.8,No
10,62,78.1,Yes
9,82.5,61.9,Yes
16.4,87,55.9,nan
11.1,85.8,66.5,Yes
14.3,64.1,60.7,Yes
10,52,54.4,Yes
15.3,48.8,49.1,Yes
12,134.4,93.9,No
10.1,84.1,44.7,Yes
9.9,111.8,36.1,Yes
5.2,58.3,70.8,No
12.5,100,54.2,Yes
9.8,65.5,60.5,No
,74.4,44.4,Yes
15.5,69.3,71.1,No
3.7,57.4,69.2,nan
7.9,57.7,79.3,No
15.1,74.2,73.3,No
11.6,,60.7,No
9.8,77.5,40.8,Yes
11.3,58.2,53,nan
10.9,89.1,52.3,No
2.4,65.8,48.5,No
8.3,107.7,84.4,No
18.1,74,85.9,Yes
6.7,73,57.3,nan
8.4,107.1,77.1,nan
7.3,65.1,68.9,Yes
9.6,66.9,56.2,No
7.1,61,66.4,No
12.4,79.1,,Yes
11,60.3,41.4,nan
13.9,90.5,71.3,No
4.7,74.1,79.1,Yes
8.3,91.8,78.6,No
8.9,89.5,49.2,No
12.3,,78.2,Yes
6,60.3,74.9,No
14.6,68.4,71.9,No
15.9,75.2,62.9,Yes
5.1,81.7,,Yes
7.5,83.9,76,Yes
7.3,74.4,77,No
23.2,61.4,61.9,No
7.9,63.3,71.4,Yes
18.4,85.4,72,No
3.7,62,63.5,Yes
5.1,86.2,54.6,Yes
6.6,86.9,66.1,Yes
5.8,105.7,78,No
8.7,65.4,52,No
6.5,68.5,,Yes
5.9,28.7,54,No
15.8,56.1,92.3,No
16.1,55.9,,No
14.7,85.1,58.4,nan
12.6,111.1,44.7,nan
10.5,86.6,56.8,Yes
7.5,94.8,60.4,No
5.2,60.8,60,Yes
11.8,51,54.9,No
4.1,70.2,65.5,Yes
5,62.5,63.6,Yes
15.8,57.8,53.2,Yes
19.5,79.4,80.9,Yes
,51.3,81.8,Yes
15.5,91.5,65.2,No
8.8,67,79.2,No
3.3,74.1,74.6,No
13.1,77,56,Yes
12.8,65.7,71.5,No
10.4,100.3,51.8,No
8.8,42.9,,Yes
14.8,100.7,74.1,nan
5.1,68.1,72.7,No
6.1,93.4,71.8,Yes
5,79,67.1,No
10.4,92,39.3,Yes
4.6,72.6,42.5,No
6.6,79.8,70.6,Yes
6.5,97,76,No
8.7,76.9,54.3,No
2.6,101.6,90.4,No
10.4,82,55.4,nan
,60.3,82.8,Yes
10.7,67.9,40.1,No
17.7,92.8,52.5,Yes
16.7,50.2,70.2,nan
13.9,90.9,60.3,Yes
10.4,67.7,,Yes
10.1,49.2,68.9,Yes
13.8,79.1,86.6,nan
8,61,57.5,No
0.6,63.6,48.6,No
12.5,62.5,61.6,No
4.3,77.3,58.9,No
5.2,67.2,,Yes
10,82.8,52,No
9.5,95.2,43.5,Yes
2.9,85.8,84.4,Yes
10.8,111.1,42.7,Yes
14.8,116,63.7,No
4.4,69.2,,No
16.4,51.9,70.4,Yes
2.2,69.2,64.3,No
20.6,77.4,43.4,No
7.9,119.5,53.1,No
10.7,67.5,64.2,Yes
0.5,80.6,64.9,Yes
9.7,61.4,47,Yes
11.1,68.1,74.4,No
9.6,,51.5,No
7.2,,90.1,No
,102.2,36.1,Yes
15.7,,73,Yes
10.2,67.6,67.1,No
17.7,96.3,62.3,No
7.4,48.9,74.3,Yes
7.8,71.5,54.1,Yes
14.1,,60.2,No
1.9,100.3,48.6,No
3.9,79,85,No
15.5,85.9,56.9,No
4.1,65.6,56.3,No
0.9,80.3,84.6,Yes
19.3,100.3,39.4,No
3,42.7,89.8,No
10.9,97.7,63.4,No
10.3,70.8,80.2,Yes
-4.1,,72.8,No
8.7,69.7,35.7,nan
12.2,100.8,75,No
11.8,65.4,,Yes
14.5,81,61.3,Yes
8.1,42.7,90.5,No
13.6,38.5,56.6,Yes
6.6,53.5,81.8,Yes
2.9,95.3,50.5,No
3.5,74,87.1,Yes
2.7,97,63.2,Yes
15,98.2,71.6,No
,59.8,63.6,Yes
11.4,106.3,65.4,No
8.7,64.1,44.7,No
9.5,95,57.3,Yes
16.8,94.2,54.1,Yes
7.8,76.3,45.4,No
13.1,76.3,66.2,No
10.2,81.4,86,No
,77.3,51.6,No
21.5,67.2,90.1,No
2.8,65.5,62.9,Yes
16.4,67.4,58.2,No
13.3,99.4,61,No
7.6,43.2,98.7,No
18.1,65.1,70.6,No
0.8,68.5,70.6,Yes
7.4,70.4,74.2,No
4,80.9,45.2,Yes
12.1,48,81.5,Yes
4.4,95.5,52.6,No
12.2,92.7,50.7,No
9.1,88.5,,No
7.6,70.8,61.4,Yes
11.9,60.2,65,Yes
8.7,68.5,,Yes
4.6,76.2,56.7,Yes
24,88.3,55.2,No
7.6,73.4,65.5,Yes
-1.1,82.2,38.5,No
5.8,66.3,65.4,Yes
3.7,80.7,84.1,No
14.1,70,69.6,Yes
11.6,80.4,76.1,No
12,39.7,85.7,No
8.1,84.7,74.4,Yes
8.6,,56.3,No
8.1,85.6,57.5,Yes
9.6,55.3,66.7,No
14.2,60.8,46.5,No
11.7,57.6,102.9,Yes
12.5,81.6,65.1,No
,,87.5,No
14.4,61.1,62.5,No
11.4,101.3,66.1,Yes
11.8,101,64.3,No
,77.8,84.1,No
6.7,82.4,102.3,No
5.7,41.4,,No
4.1,64.4,61.3,Yes
,50,71.4,Yes
0.7,56.8,38.8,nan
12.3,85.3,55.6,Yes
9.5,90.1,71.4,Yes
15.7,91,57.6,Yes
6.6,79.8,65.4,No
9,85.5,72.5,Yes
15.6,43.2,,No
16.9,49.2,,Yes
6.6,70.8,50.2,Yes
10.9,86.9,31.4,Yes
11.5,66.1,73.1,No
11.9,,62.6,Yes
8.7,61.2,83.2,Yes
16.4,56.3,74.7,Yes
0.6,40.5,66.2,Yes
7.9,119.5,70.4,Yes
12.2,99.7,39,Yes
12.3,35.5,70.4,Yes
16.8,36.6,61.9,Yes
16,58.9,,No
8.6,,58.6,Yes
16.5,122.7,75,Yes
,59,56.5,No
14.7,82.2,61.4,Yes
19.1,64.9,73.6,Yes
16.1,51.7,61.2,Yes
10.5,95.9,67.7,Yes
,88.1,63.4,Yes
2.4,73.8,81.6,Yes
11.6,122.6,67.6,Yes
4.4,79.7,200,Yes
6,65.9,76.9,No
4,113.3,55.3,Yes
-1,,57.3,Yes
9.9,107.6,61.8,No
11.4,74.2,98,Yes
7,14.7,72.9,Yes
15.3,43.8,93.8,Yes
9,96.7,65.9,Yes
6.1,63.2,76,No
11.1,80.1,,Yes
19.8,97.7,77.3,Yes
11.7,,71.2,Yes
8.2,57.8,44.5,No
2.4,74.8,49.8,No
8.9,,69.5,Yes
11.2,,80.2,Yes
8.1,47.3,63,No
1.7,67.9,75.1,No
5.7,,52.3,No
17.3,46.1,55.5,No
17.2,56.6,72.2,Yes
5.6,,65.9,Yes
13.4,37.8,59.3,No
4.1,77.6,57,Yes
17,79.7,42.5,Yes
,64.1,64.6,nan
14.7,47.6,,Yes
1.4,83.1,60.4,Yes
13.4,85.9,62.5,Yes
10,77,86.4,No
14.3,75.8,49.2,nan
14.6,86.9,72.2,No
10.3,73.1,67.6,Yes
7,,49.2,No
13.9,73.6,65.9,Yes
9.7,67.2,45.1,No
5.6,73.6,65.9,No
5.4,92.7,61.7,Yes
2.6,51,78.3,nan
7.4,78.5,54.3,Yes
15.5,49.9,31.7,Yes
10.9,,56.3,No
7.4,106.5,74.3,No
14,,67.2,Yes
5.8,78.2,56.4,nan
10.5,41.8,83.2,Yes
9.1,70.3,60.8,Yes
13.9,33.5,76.8,Yes
2.1,75.7,65.4,No
5.7,50.1,,Yes
1.8,86.2,76.5,Yes
8.7,78.2,85.1,No
16.1,50.7,53.3,Yes
7.5,82.6,73.6,Yes
7.4,116.9,46.5,No
14.4,70.9,73.4,No
15.3,92.6,39.7,No
,32.9,93.9,Yes
13.4,84.4,70,Yes
4.6,63.6,68.4,Yes
16.9,69.6,40.3,No
20.7,86.9,80.2,No
12.6,70.1,83.7,nan
-0.4,42.7,61.6,No
7.2,105.5,58.5,No
13.1,46,59.4,No
7.9,58.2,90.9,Yes
16.4,77.6,63.5,Yes
12.9,77.7,67.5,No
6.5,83.6,79.3,Yes
10.2,77.7,28.4,Yes
5.5,98,63.8,No
9.1,84.8,60.8,Yes
7.2,51.3,67.3,Yes
15.9,23,77.1,Yes
20.6,78,79.6,No
2.8,104.3,,No
0.4,50,62.8,Yes
8.8,54,65.4,No
2.4,82.1,76.4,Yes
10.2,84.7,82.2,No
13.7,97.4,43.9,No
17.5,107.8,70.6,No
11,79.7,62,No
9,56.5,95.7,No
0.1,57.1,48.5,No
10.1,64.1,47.6,Yes
10.4,95.6,56.1,No
13.2,65,73.9,No
6.5,94.2,74.1,Yes
7.8,44.5,56.8,Yes
,80.7,80.2,No
-1.5,60,58.5,Yes
4.5,85.4,77.8,Yes
2.1,69.9,44.1,No
11.7,91,50.5,Yes
7.4,66.3,58.8,No
7.3,74.5,64.1,No
5.1,91.2,52.4,Yes
-6.2,73,52.2,No
17.5,76.2,71.8,No
5,90.2,77.3,No
7.9,73.5,,Yes
2.7,,44.9,No
14.9,63.6,66.5,No
10.7,,72,Yes
5.9,70,49.3,Yes
8,84.4,90.1,Yes
18.4,77.5,51.8,No
9.6,102.9,61,Yes
9.1,100.7,61.3,No
5.3,80.1,,No
0.5,27.2,,Yes
9.2,88.4,51,Yes
11.6,59.6,91,Yes
15.5,92.6,60.5,No
-1.2,81.3,60.5,No
4.4,88.1,55.3,No
7.1,150,75.2,No
10,,94.7,No
9.3,85.4,56.5,Yes
,49.4,60.5,Yes
12,96.4,86.9,Yes
5.5,66.4,48.2,Yes
14.7,101.9,53.3,No
12.2,105.9,85.5,Yes
8.4,87.4,71.3,Yes
18,49.4,52,No
17.8,65.8,74.3,No
14.7,101.8,41.9,Yes
-5.1,115,81.3,Yes
17.9,76.2,35.5,No
14,69.5,49.7,No
20,51.4,70.6,No
16.2,51.7,46.1,No
17.9,79.7,65.2,No
14.4,89,73.5,Yes
16.7,45.3,53.9,Yes
20,91.6,63.2,No
11.1,102.4,77.6,Yes
,87.6,71.7,No
8.5,108.1,87.8,Yes
11.9,82.1,,No
,82.3,50.1,Yes
3.8,81.9,84.7,Yes
1.8,102.2,70.7,Yes
6.3,85.8,,No
14,64.4,56.2,Yes
17.9,83.5,77.2,Yes
14.6,83.7,59.2,No
15.3,70.8,,No
9.6,95.5,84,No
1.3,76.8,66.6,Yes
7.7,89.1,44.6,nan
8.7,85.2,73.5,nan
7.5,60.5,81.6,Yes
10.3,55.4,83,No
12.2,60.7,67.5,Yes
14.3,73.4,39.3,Yes
,106.8,58.2,No
0.5,74.1,57.5,No
7.6,82.5,77.8,Yes
10.2,92.5,71.2,No
16.1,67.8,78.5,Yes
7.2,66.7,54.8,nan
12.6,96,68.2,No
11.5,86.4,30.6,No
10.2,63.7,58.9,Yes
14.7,66.8,42.7,Yes
6.7,76.7,91.1,No
7.1,81.6,72,No
9.9,99.9,71.4,No
6.8,85.6,46.6,No
12.5,55.3,63.1,No
6.4,59.3,74.9,Yes
11.1,81.2,51.9,No
9.5,77.9,200,nan
11.1,58.1,81.6,No
7.7,96.1,48.9,No
8.3,30,58.5,Yes
10.5,81.7,52.7,No
11,44.1,70.1,No
10,92.6,76.6,No
18.5,69.7,89.1,Yes
5,90,70.9,No
9.7,67.2,83.7,Yes
2.1,101.5,70.5,No
11.9,37.7,44.5,No
4.4,,65.6,Yes
8.6,62.8,65.8,No
8.1,82.5,81,No
11.4,83.3,63.6,Yes
7.2,47.2,59.4,nan
7,94.9,52.2,No
17.2,82.9,61.1,No
11.4,77.3,63.7,No
7.2,82.7,73.9,No
8.7,150,52.8,No
18.2,91.7,,No
8.8,65.6,51.4,No
6.6,91.7,45.8,Yes
6.6,86.4,72.6,No
7.3,71.6,45.8,Yes
7,111.9,65.4,Yes
3.6,84,54.6,No
4.4,78.9,74.8,Yes
5.9,86.5,67.3,Yes
,,82.1,Yes
8.1,99,71.4,No
9,74.6,65.7,No
16.4,91.4,68.1,Yes
16.5,53.6,50.5,No
8.6,39.1,54.5,No
6.8,83.1,68.3,nan
5.7,,73.9,nan
13.5,71.1,60.1,No
9,28.2,61.8,Yes
8.1,109,59.1,No
5.9,77.1,70.6,No
6.2,101.7,65.1,nan
11.6,47.1,74.3,No
,,55.7,No
15,83.2,64.2,Yes
7.3,77.7,87.7,No
9.3,79.7,95.5,Yes
3.3,47.2,61.5,No
9.9,81.3,84.7,Yes
8.4,58.1,,Yes
9.7,62.6,77.3,Yes
17.4,75.3,38.4,No
,68,43.7,No
6,69.1,57.4,No
6.4,97.5,57.5,No
13,71.9,51.3,Yes
16.5,67.1,73.3,No
11.4,72.5,74.2,No
13.4,52.8,91.9,No
13,78.3,55.9,nan
17.1,89.4,,Yes
0.3,81.3,67.8,Yes
13.3,75.7,45.7,Yes
14.9,87,93,No
3.3,63.9,59.6,No
5.6,75.8,63.8,Yes
5.7,103,67,Yes
6.4,69.1,62.8,Yes
7.6,87.2,60.9,No
11.2,87.7,100.3,No
14.3,59.8,66.3,No
15.4,88.8,72.2,Yes
,62.9,,No
5.8,83.6,74.2,Yes
16.6,62.5,65.5,Yes
13.2,80.6,68.7,No
10.4,77.6,72.2,No
12.4,77.2,78.2,Yes
9.9,80.4,75.5,No
12.6,64.4,64.7,Yes
8.3,51.7,65.1,nan
11.3,76.6,48.3,Yes
2.4,97.1,62.4,Yes
6.6,86.7,66.6,No
6.6,83.9,78.8,No
8.1,64.8,29.5,No
5.4,78.7,69.6,No
7.3,58.4,53.4,No
,,76.6,nan
12.7,82.1,84.9,No
9.6,,64.3,Yes
1.5,109.6,86.5,Yes
5.8,48.3,78,Yes
11.7,112.8,67.1,Yes
7.3,58.2,41,No
,58,70.8,No
9.6,67,52.6,No
11.7,66.2,22.1,Yes
2.8,62.9,48.5,Yes
12.8,67.6,85.2,Yes
6,76.8,66.9,nan
9.9,57.1,83.4,Yes
9.8,91.8,88.6,Yes
7.4,103.2,69.2,No
,36.1,56.3,Yes
8.6,112.1,49.2,No
18.1,90.5,64.1,No
3.2,80.2,51.6,nan
18.5,63.5,48,No
8.7,78.3,55.3,Yes
10.2,92.9,61,Yes
4.6,127.2,,Yes
6.1,118.8,63.7,nan
,,71.4,No
4.8,70.8,62.3,No
9,76.6,76.3,No
8,,75.7,No
19.3,73.3,80,No
4.2,59.9,63.2,Yes
10.5,76.1,46.4,Yes
11.2,67.3,61.4,No
4.6,94.7,50.5,No
13.4,122.8,77,No
8,93.2,,Yes
-2.5,94,,Yes
13.3,99.7,,Yes
4.4,84.1,76,Yes
4.8,67,69.1,No
13.4,,64.3,Yes
8.3,96.9,48.6,No
14.6,80.8,90.6,Yes
16.1,,64.2,Yes
6.8,101.2,59.7,No
14,59.5,200,No
6.2,52.5,81.9,Yes
21.2,57.5,61.2,Yes
6.5,81.1,82.3,nan
15.1,94.5,68.1,Yes
14.2,80.1,76,Yes
11.6,63.9,68.9,No
6.6,58.8,75.1,No
9.2,90.4,78.2,No
-0.8,73.1,71.5,No
11.1,81.8,88.9,No
,72.2,,No
10.7,81,82.8,No
-4.9,82.8,55.7,No
3.7,123.5,71.1,Yes
6.3,83,52.6,No
11.5,67.3,52.8,No
11.4,78.5,84.7,No
9.1,56,96.3,Yes
13.2,55.8,62.6,No
4.9,,49.9,No
13.1,81.1,64.8,No
12.4,97.4,53.4,Yes
11.9,42.5,84.5,Yes
9.1,55.5,74,No
19.2,81,73.7,No
12.5,58.5,63.3,Yes
5.2,46.5,54.2,No
11.2,53.4,80.8,Yes
13.8,68.6,63.4,Yes
,83.3,49.5,nan
15.4,109.3,88.3,Yes
11.9,53.9,102.1,No
-1.7,55,67.4,No
11.5,46,70.3,No
8,86.5,92.2,No
12.7,77.5,60.5,Yes
14.7,55.7,81.9,No
11,58.4,56.4,No
18.3,72.5,72.2,No
9.1,73.7,50.5,Yes
13.1,54.2,61.2,No
14,78.5,40.1,Yes
9.5,47.5,72.4,No
13.9,76,71,Yes
7,71.4,49.7,No
7.9,83,97.9,Yes
3.4,99.2,66.1,Yes
,67.6,62.9,Yes
11.6,,50.3,No
15.9,35.4,76.7,Yes
14,114.4,51.5,No
8.6,37.8,76.5,No
4.1,73.3,51.9,Yes
12.2,24,71.5,Yes
15.6,58.5,62.1,No
13.8,109.7,76.8,Yes
15.4,97.9,45.5,Yes
8.9,94.7,71.9,Yes
7.7,71.1,50.3,No
6.3,108,55.3,No
9.7,80.1,73.7,No
,88.8,65.7,No
11,127.9,70.6,No
9.4,96.8,76.3,No
9.3,73.7,67.5,No
6.1,85.2,62.9,No
14.7,103.1,50,Yes
,87.4,97.9,No
9.1,90.7,73.2,No
6.3,100.8,65,nan
3.3,125.6,60.2,Yes
16.5,56.3,68.1,No
12.8,89,64.9,No
1.9,84.2,,Yes
13.8,67.3,56.4,Yes
14.6,62.1,90.2,No
10.6,108,75.3,No
18,54.6,37.9,Yes
11.1,46.8,69.3,No
2.9,63.7,77.1,No
11.8,39.4,45.2,No
11.2,58.1,,No
7,53.9,74.5,No
12.9,76.7,45.4,Yes
1.7,103.9,62.4,No
15,63.2,47.9,No
5.6,92.3,77.6,No
5.1,90,49.7,Yes
9.4,30.6,51,No
12.2,64,66.2,No
10.8,67.5,96.1,No
6.3,82.6,83.3,No
7.5,86.4,50.2,No
4.3,81.6,46.6,Yes
,57.1,56.1,Yes
15.4,62.3,44,No
10,44.9,76.8,No
14.3,76.3,74.9,Yes
17.3,67.7,78.7,Yes
7.1,85.7,65.7,Yes
9.1,88.9,66.8,Yes
20.9,68.3,49,No
17.2,80.6,69.1,Yes
1.6,70.7,84,No
,52.7,58.5,Yes
10,59,71.1,nan
14.1,29.6,66,No
6.3,67.1,57,Yes
5.8,63.1,72.7,No
6.6,53.1,92.3,Yes
7.1,91.4,85.6,Yes
14.1,85.5,52.4,Yes
4.1,86.1,66.8,Yes
6.9,88.8,76,No
1.1,75,66.2,Yes
15,74.8,45.7,Yes
16.4,91.6,53.7,No
8.4,88.3,74.4,Yes
8.5,95.5,93.9,No
12.3,74.1,55.3,Yes
17.4,55.3,50.7,No
12,,,No
6.5,63.4,68.5,No
1.9,88.1,59.2,No
4.4,80.8,,Yes
10.4,76,62.9,nan
6.7,67.2,76.3,Yes
11,95,68.4,No
7.2,93.5,42,Yes
4.7,63.8,63.1,No
4.1,50.4,92.5,Yes
17.8,78.6,81.6,Yes
14.4,98.7,83.8,No
18.7,49.8,52.5,No
12.7,84.4,70.4,Yes
7.9,58.6,79.2,No
16.6,54.7,66.1,Yes
9.8,93.6,82.7,No
11.1,88,52.2,Yes
9.8,72,68.2,No
-4.7,90.8,56.1,nan
18,88.7,87.2,nan
12.5,45.3,64.2,Yes
,76.7,61.8,Yes
,103.3,48,Yes
10.8,84.5,77.4,No
7,22.7,71.6,No
13.1,53.6,64.7,Yes
3.5,94.9,74,No
10.9,63.9,81.1,nan
12.8,97.4,68,Yes
9,115.9,71.7,No
11.9,70.2,73.1,No
5,62.6,38.6,No
5.2,54.9,72.1,Yes
11.2,90.2,40.4,No
13.4,62.9,65.1,Yes
0.6,67,73.5,Yes
12.6,52.8,37.6,No
7.3,66.3,65.8,No
9,60.9,59.7,Yes
3.3,35.4,61.3,Yes
5.7,58.2,76.7,Yes
14.8,89.9,93.5,Yes
10.2,102,76,No
8.1,72.9,65.4,Yes
9.4,75.7,44.8,Yes
12.4,80.7,85.5,nan
12.2,114.3,62.6,No
9.6,54.8,39.7,Yes
15.5,49.8,47.7,No
14.9,74,46,Yes
12.1,82.9,48.3,Yes
10.3,74.3,80.2,Yes
13.3,47.7,68,Yes
11.6,92.7,73.1,Yes
15.3,72.2,23,No
14.5,86.1,76.5,No
4.9,106.1,74.4,No
4.6,45.7,38.1,Yes
6.5,40.6,46.3,Yes
14.9,86.3,82.1,Yes
2.1,34.3,56.1,Yes
,67,80.1,Yes
11.8,63.6,65.2,Yes
15.8,82.2,57.3,No
10.9,61.7,62.9,Yes
3.3,84.8,35.1,Yes
,53.7,70.7,Yes
,50.2,47,No
7.3,75.4,37.6,No
9.1,77.1,42.8,No
4.2,80.9,51.4,Yes
17.4,104.6,73.8,No
3.4,100.6,53,Yes
16.7,84,76.3,Yes
15.9,91.2,78.3,Yes
14.5,80.2,79.5,nan
6.5,98.6,92.6,Yes
11.7,82.3,,No
3.6,64,73.7,No
14.6,60,55.4,No
9.6,98,30.3,Yes
8,71.3,69.8,Yes
3.9,113.3,44.5,Yes
,,,Yes
4.8,100,47.5,No
,66.5,74.7,Yes
8,,79.5,Yes
9.2,49,67.4,Yes
13.3,38.2,48.4,No
19,104.6,60.8,No
16.6,,86.2,No
5.1,94.7,61,No
0.3,61.9,57.5,Yes
21.8,94.7,85.3,No
21.3,66.4,99.2,Yes
10.9,50.8,60.1,Yes
3.6,87.9,40.6,No
14.8,93.9,66.2,No
9.5,87.8,59.9,No
9.4,,87.2,Yes
14.5,40,45.8,nan
11.7,53.6,51.2,nan
4.1,61,,No
8.4,69.8,75.4,nan
13.3,97.6,49.1,No
,72.7,81.1,No
11.3,32.9,57.6,Yes
14.7,23.2,,Yes
8.2,61.1,,No
10.9,64.7,44.5,No
-6.9,82.1,45.6,Yes
7.8,46,,Yes
13.8,47.3,67.1,No
8,84.1,80.9,nan
7.7,101.7,58.8,No
4.8,35.7,74.1,Yes
15,59.6,52.9,No
12.7,97.2,90.7,No
14.1,93.7,61.2,No
1.4,56.5,52.3,No
9.2,98.2,45.9,Yes
8.6,75.9,47.8,No
8.6,88.2,45.9,nan
6.9,60.9,90.9,Yes
8.3,80.8,,Yes
14.2,51.7,60.6,Yes
0.4,64.1,114.4,Yes
18.9,69.1,87.9,No
12.4,77.8,46.2,Yes
9.8,123.1,85.2,Yes
,126.2,59.6,No
2.7,67.2,63.1,No
6.7,104.6,56.1,No
9.4,52.8,62.7,Yes
16.8,83,56,No
9.8,61.3,59.9,No
12.3,66,58.7,No
7.1,,72,No
12.4,67.3,72.5,Yes
18.4,62,67,No
15,55,87.2,No
9.6,59.6,81,No
13.4,46.6,84.8,No
12.9,79.5,53.8,nan
12.5,79.1,47.6,No
15.6,81.8,69.2,Yes
15.5,74.8,71.2,No
9.4,63.7,50,nan
13.2,61.9,70,Yes
8.1,78.2,,No
5.4,74,59.9,Yes
8.7,62.3,45.5,No
9.6,69.3,71.2,No
,105.8,76.9,No
14.3,114.4,33.7,Yes
-3.8,70.6,18.5,No
23.6,60.3,88.8,No
17.5,74.1,47.4,No
8.7,97.7,,No
10,74.1,49.2,Yes
11.5,82.1,82.5,No
,61.8,79.1,Yes
11,51.7,59.8,No
9.3,90.2,75.2,No
,78.9,69.2,No
10.9,88.1,69.6,No
3.4,40.8,74.4,nan
10.2,111.7,64.9,No
10.8,80,57.2,Yes
10.6,38.9,78.4,Yes
8.9,94.7,67.4,No
15.7,67.5,64.8,Yes
8.2,75.6,66.7,Yes
11.1,65.4,55.7,nan
16.5,73,45.2,Yes
9.6,74,55.5,No
11.1,41.6,68.3,No
9.5,92.3,63.7,nan
16.2,77.3,48.6,No
8.7,83.9,43.8,No
16.4,91.3,46.7,No
9.5,77.4,62.4,Yes
5.7,81.6,89,No
,45.6,46.9,Yes
8.5,58.4,75.7,Yes
13.1,76.7,44,Yes
-3.6,78.7,,Yes
10,83,54.7,Yes
7.7,103.1,,Yes
4.7,,75.5,Yes
,82.3,66.3,Yes
7.1,76.2,68.6,No
9.8,70,66.5,Yes
3.2,70.8,92.8,No
11.6,59.3,45.8,Yes
16.8,72.7,62.9,Yes
11.4,70.6,65.1,No
14,72,51.7,Yes
15.5,40.2,77,Yes
16.2,73,58.5,No
19.4,,77.2,No
7.5,73.8,66.3,No
6.4,53.1,59.5,No
13.9,76,90.8,Yes
13.5,69.1,37.5,No
13.9,62.5,74.3,No
,80.8,86,No
10.1,82.5,42.6,Yes
12.1,74,64.6,Yes
5.1,86.4,72.1,No
20.7,66.7,52,Yes
8.3,83,73.5,No
8.5,74.2,86.4,No
8.3,55,76,Yes
6.8,59,93.2,Yes
6.4,98.3,49.2,Yes
7.4,106.5,61.6,No
3.2,89.3,42.1,Yes
6.1,63.3,57.9,Yes
19.7,103.6,72.7,Yes
13.7,87.3,69,Yes
14.6,81.7,56.7,No
15.9,111.8,63.1,Yes
19.2,57.8,35.3,No
1.1,90.5,65.6,No
3.9,58.7,88.3,nan
6,62.9,41.8,No
7.7,127,64.6,Yes
8.5,85,85.5,No
7.8,112,49.7,Yes
11.1,85.9,62,Yes
10.2,83,82.5,Yes
6.4,62.5,104,No
-0.9,94.6,68.9,No
5,75.5,70.2,No
7.3,76.6,47.4,Yes
8.8,69.8,70.5,No
4.4,73,60.3,Yes
7.5,,70.1,Yes
,77.5,72.2,No
9.4,74,61.6,No
4.6,43.9,,No
5.8,85.8,73.2,nan
3.5,72.5,54.2,No
9.2,8.7,46.5,Yes
5.7,43.2,86.7,No
14.5,65.5,81.7,No
12,100.6,69.2,Yes
9.7,87.2,45.5,Yes
,61.3,60.5,No
11.9,71.2,72.8,No
13.5,97.1,51.1,Yes
10.7,62.7,93.3,No
18,53.3,46.9,No
12.3,92.6,47.3,Yes
14.6,97.3,68.4,Yes
10.7,62.9,83.9,Yes
13.4,84.8,27,Yes
6,74.2,52.3,Yes
7.7,63.2,24,No
11.7,98.4,84.6,No
11.7,61.7,52.4,Yes
12.5,90.1,90,Yes
,76.4,39.3,No
2.9,71.6,49,Yes
5.1,63.9,59.5,Yes
11.1,55.3,,Yes
6.4,70,65.8,No
26.9,64.8,55.2,No
12.6,76.9,200,Yes
9.6,51.1,60.8,Yes
7.4,,62,Yes
7.6,83.1,57.6,No
10.2,61.5,85,Yes
10.6,89.8,61,No
7.7,92,86.7,No
8.6,50.9,72.6,Yes
16.7,59.8,73.3,No
16.9,48.2,77.8,No
11.3,83.5,70.5,Yes
3.3,77.6,59.1,Yes
12.7,43,72.2,Yes
17.8,62,78,No
16.8,81.2,72.7,No
13.7,77.3,42.8,Yes
17.1,99.2,77.1,No
10.3,52,76.1,No
13.1,74.8,77.7,Yes
6.6,55,60.3,Yes
11.5,77.2,53.9,nan
16.6,71.4,64.4,No
7.1,80.4,79.1,Yes
5.7,66.8,43.3,No
10.5,90.2,65.5,Yes
8.9,60.7,35.1,No
13.2,54.7,43.8,No
7.7,79.5,81.3,No
18.6,112.1,69,Yes
3.6,44.6,48.2,Yes
16.3,52.1,74.6,Yes
6.2,79.6,55.8,Yes
1,97.5,71.3,Yes
11.2,81.1,,Yes
8.7,62.8,75.1,nan
4.5,83.4,,nan
1.6,85.3,62,No
10,61.4,61.6,No
14.9,91.5,85.2,nan
12.9,74.3,51.8,Yes
10.3,40,72.7,Yes
12.4,72.3,55.1,No
9.9,63.6,65.8,No
,101.1,91.6,Yes
2.9,48.4,,Yes
9,65.3,43.5,Yes
9.2,80.1,86.2,No
14.3,123.4,68.6,Yes
13.8,114.1,,Yes
,74.1,63.1,No
8.6,,62,No
3.1,87,60.8,No
12.1,54.8,85.3,No
12.6,75.2,,No
-1.9,102.1,61.7,No
5.8,77.8,48.9,Yes
6.5,,61.9,No
10.6,66.1,55.2,Yes
6,73.2,69.7,Yes
9.8,73.4,62.8,Yes
8.9,49,73.8,Yes
9.2,97.1,85.1,Yes
6.4,68.3,47.4,No
6.8,80.2,67.2,No
4.6,63,41.2,No
11.9,109.5,65.8,Yes
12.9,99.7,73.3,Yes
6.1,76.2,60.1,No
17.6,50.5,70.9,Yes
8.4,89.9,69.8,Yes
17.7,96.7,73.7,No
6.8,56.5,47,No
-0.1,72.1,81.3,No
12,76.5,60.2,Yes
,96.7,40.2,No
10.2,72,51.2,Yes
6.8,94.2,46.1,No
9.8,59.5,57,No
7.4,53.9,52.1,No
8.5,,42,No
14.2,48.8,39.9,Yes
10.9,60,64.6,Yes
13,90.7,86.3,Yes
8.8,64.4,67,Yes
8.3,63.9,56.1,No
4.2,71,49.1,No
8.1,31.9,45.8,No
-6.6,97.4,61.1,Yes
7,78.5,62,Yes
9.6,58.8,73.3,Yes
12.8,40.7,59.6,No
8.7,47.7,85.8,Yes
11.7,43.1,45.6,Yes
-0.9,79.5,48.1,Yes
9.7,79.7,71.2,Yes
1.6,87.2,57.7,No
4,89.7,56.6,Yes
9.1,87.6,53.3,nan
16.4,105.8,44.2,nan
11.9,98.9,33.5,No
10.1,94.2,54.9,No
9.9,79.7,48,Yes
6.4,89.4,69.4,Yes
7.3,66.8,64.2,No
12.1,70.6,55.3,nan
3.1,109.4,57.3,No
13,63.9,81.4,Yes
8.1,62.4,52.7,No
14.1,67.8,79.1,No
14.8,64,,No
1.6,65.7,69.4,Yes
7.1,79.8,59.3,Yes
5.7,80.5,62,No
0.9,93.2,76.5,No
4.8,118.8,,Yes
22.2,67.6,100.9,No
13,73.7,53.2,nan
19.6,38.2,75.5,Yes
14.1,49.2,200,No
6.3,72.1,40.4,Yes
8.1,84.3,,No
12.9,84.8,60.4,Yes
12.2,87.3,60.2,nan
7.1,100.1,80,nan
2.5,109.1,,nan
26.4,70.1,86.6,Yes
,59,46.1,No
8.4,88.1,47.5,No
10.6,,60.4,No
8.8,77.7,55.6,Yes
10.6,71.4,52.6,Yes
16.4,64.9,30.5,Yes
9.4,74.2,80.6,Yes
4.2,88.8,70.5,Yes
9.2,61.6,72.7,No
7.7,59,53.4,Yes
17.1,87,,Yes
15.9,58,97.6,No
10.5,78,73.7,Yes
3.6,77,65.1,Yes
3.9,75,66.5,Yes
10.1,62.1,83.5,Yes
11.7,109.7,47.8,nan
8.1,83,63.3,Yes
7.6,64.7,65.5,Yes
7,81.6,70.6,Yes
9.9,,54,Yes
-1.9,76.8,35.1,No
4.5,105.7,65.9,Yes
6.9,52,100.5,Yes
16,58,71.4,Yes
5.9,32.2,47.5,Yes
10.9,114.5,57.6,Yes
11.1,41,61,No
16.5,,88.7,Yes
16.3,109.8,63,No
9.7,94.4,81.5,No
7.6,82.5,68,No
6.7,100.7,66.2,No
8.8,61.6,50,No
7.8,85.4,76.9,Yes
12.8,,56.9,Yes
12.1,72.3,81.9,nan
13,78.8,65.4,Yes
16.3,98.5,63.6,No
19.3,106.3,53.9,Yes
10.6,69.7,58,Yes
15.5,,58.1,No
8.2,58.6,65.7,Yes
15.9,114,88.8,No
,104.6,43.4,No
15,53.2,67,No
10.5,108.2,91.6,No
6.7,60.8,47.3,No
3,88.3,58.8,Yes
9.8,60.8,77.9,No
17.7,118.3,46.9,Yes
8.5,63.6,,Yes
13.9,54,83.9,Yes
14.2,65.9,69,No
8.6,127.5,20.7,No
16.6,80.2,57.8,No
-4.5,54.4,79.9,No
3.9,59.2,59.5,Yes
5.4,40,65.1,Yes
5.9,85.8,95.4,Yes
11.7,50,69.8,No
11.5,97.1,68.5,No
12,90.8,59.3,Yes
13,73,88.6,No
5.2,99.7,80.4,Yes
3.9,93.5,57.9,No
-1,78.1,54.2,Yes
6.8,59.6,52.8,Yes
2.1,83.3,58.1,No
14.9,83.2,53.4,No
17,84.8,66.8,Yes
17.8,76.6,77.7,Yes
10.9,81.5,53.1,No
13.1,81,54.4,No
16.8,102.2,55.9,No
6.8,49.5,69.9,No
15.6,55,49.9,No
11.4,76.5,42.7,No
14.6,59.8,61.3,Yes
10.9,79.2,66.1,Yes
16.5,52.7,63,Yes
11.1,55.9,63.4,Yes
,116.2,,Yes
17.3,70.4,82.6,Yes
5.3,,64.1,No
16.3,72.7,,No
9.5,95.7,92.6,No
15.9,99.1,61.2,Yes
15.7,45.8,58.7,Yes
12.2,59.7,44.8,Yes
12.5,79.5,75.2,No
12.1,74.3,43.4,No
-0.1,,55.5,No
,46.2,49.8,No
4.4,53.6,45.8,No
10.9,39.6,87.7,No
4.3,65.8,67,No
4.1,98.9,41.1,Yes
18,61.7,69.7,No
15.3,96.6,80.1,No
10,75.6,72.1,Yes
10.9,71.3,82,Yes
8.8,41.7,73.4,No
12.8,98.4,76.8,No
6.6,77.3,63.6,No
15,43,87.6,Yes
8.7,82.6,77.2,No
7.9,63.2,69.2,No
10.1,76.2,,Yes
7,79.8,80.8,No
11.6,99.3,82.9,Yes
7.3,52.5,97.2,Yes
12.3,86.4,64.2,Yes
16.1,101.6,71.1,No
6.4,125.4,70.8,nan
9.3,96,35.8,Yes
12.3,82.2,77.9,Yes
7.8,80.5,72.2,Yes
12.3,106,58.4,Yes
12.8,69.3,52.8,Yes
15.4,90.9,47.9,No
7,118.9,74.6,Yes
5.3,72.8,54.8,No
8.5,34.7,72.8,nan
5.2,57.8,63.9,Yes
12.8,80.9,69.3,No
4.2,58.3,84.8,Yes
21.7,68.1,,Yes
16.5,69.1,71.6,Yes
10.1,86.2,57,No
14.3,56.1,72.6,No
1.8,63.3,64.6,Yes
22.6,103.1,45.5,No
7,,62.7,Yes
9.4,89.5,83.3,No
0.7,75.3,51.7,No
12.4,74.5,70.3,No
4.5,89.8,63.5,Yes
10.5,37.8,65.3,Yes
7.3,83.9,62,No
4.6,86.1,69.2,Yes
6,92,49.8,No
11.1,67.5,73.4,No
3.6,75,58.4,Yes
6.3,25.9,67.7,No
13.3,61.6,68.6,Yes
23,78.5,68.9,No
12.4,104.4,61.6,Yes
5.4,111.9,46.2,No
8.2,68.2,56.8,No
10.2,92.5,59.7,No
8.3,72.1,39.1,No
14.5,42.7,57,No
11.1,,81.6,nan
14.5,111.6,49.5,Yes
8.4,67.4,76.4,No
16.6,56.9,56.8,No
9.2,76.3,56.2,No
5.1,72.5,62.1,Yes
20.9,127.2,69.7,Yes
0.9,95.1,58.5,No
6.3,77.6,57.1,Yes
6.9,17.1,85.7,No
22.5,72.1,66.9,Yes
19,112,44,Yes
17.5,76.6,33.4,Yes
8.3,91.4,86.7,Yes
22.1,82.8,78.9,No
11.8,65.3,67.7,nan
14.9,108.8,67.2,No
10.9,78.8,64.8,Yes
9.8,,66.5,No
8.7,75.4,,No
9,,80.7,No
13,45.4,79.2,No
11.8,80.4,68,No
9.8,76.5,68.2,Yes
17.5,44.2,77.6,Yes
-4.8,90.3,73.8,No
12.5,80.1,63.7,Yes
13.6,92.6,22.9,No
15.7,97.8,75.4,Yes
9.7,73.9,81.7,No
11,63.9,61.1,No
14.9,46.5,48.3,Yes
17.5,62.1,79,No
8.5,75.2,79.3,Yes
,55.7,52.2,Yes
,86.7,72.1,Yes
-0.6,56.9,58.2,Yes
,39.7,70.2,No
17.3,63.4,85.9,Yes
15.5,78.7,72.1,No
12.6,49.8,55.6,No
7.8,57.2,,nan
5.6,62.4,94.7,No
7,65,84.2,Yes
17.7,81,58.5,No
6.9,,63.4,Yes
10.5,65.5,59.9,No
6.2,54.2,67.8,No
14.2,77.7,76.9,No
7.3,85.4,72.8,No
9.5,107.3,75.5,No
1.6,97.9,54.4,No
1.9,49.8,66.8,No
,72.2,77.7,No
3.4,84.1,87.8,Yes
20.5,58,32.8,Yes
-0.3,68,72,No
6,88.5,83.3,No
10.1,80,34.9,No
8.2,75,85.5,Yes
4.5,61.9,98.1,No
5.2,46.1,67.8,Yes
5,68.8,73.1,nan
8.6,73.2,50.5,No
19.8,45.6,95.7,Yes
10.4,76,69.2,Yes
15.9,82.8,26.6,No
12.5,61.2,79.5,No
15.6,83.1,51.4,No
-4,80.5,57.4,Yes
,,69.3,No
16.5,66.7,65.4,Yes
7.1,68.4,70,No
18.8,57.9,71.7,No
,81.9,85.2,No
7.7,58.1,,Yes
7.5,59.4,73,Yes
4.9,84.9,67.5,No
6.9,70.2,61.6,No
3.8,76.2,46.1,Yes
12.1,40.8,70.9,Yes
2.7,64.5,50.7,Yes
13,108.6,39.7,Yes
13.1,150,62.1,No
1.7,110,,No
17.7,80.2,54.2,No
12.6,64.3,37.2,No
13.7,70.9,64.6,No
6.2,99.6,83,Yes
13.1,29.5,54.2,No
15.6,103.3,44.5,Yes
9.5,80.3,41,No
20,95.2,54.3,Yes
10.2,40,65.4,No
15.7,70.5,57.9,No
11.5,28.4,68.8,Yes
12.9,99,66.6,No
1.6,55.3,80,No
11.9,55.1,62.9,No
6.3,36.3,74.3,No
5.8,83.9,65.6,Yes
18.7,76.4,67.7,Yes
8.9,60,67.6,No
5,,49.6,Yes
8.2,59.4,63.7,No
3.5,39.8,55.5,Yes
,67.7,52.5,No
6.5,107.9,70.9,Yes
12.6,94.4,72.4,Yes
16.8,84.1,55.5,Yes
7.5,79.9,75.5,No
12.7,67.7,58.3,No
4.8,89.7,78.4,Yes
22.2,86.3,97.8,No
14.7,73.3,72.2,Yes
9,79,63.4,Yes
6.1,42.9,54.7,No
9.4,65.4,68,No
8.3,51.1,50.3,No
19.8,50.8,61.4,No
3.9,84.4,51.6,No
10.7,49.7,77.6,No
9.9,90.4,57,No
9.4,95.6,64.5,Yes
9.5,73.8,39.2,Yes
9.4,62.9,59.9,No
14.4,95.6,59.5,No
,86,51.2,Yes
12.1,98.9,60.6,Yes
-5.2,53.4,27.7,No
,69.8,47.7,Yes
1.7,70.6,39.9,Yes
13.2,79.2,76.4,No
,87.5,64.6,Yes
5.4,77.8,26.4,Yes
8.7,101.7,79.9,Yes
7,67.5,71.4,No
16.2,54,63.4,No
10.5,61.7,70.1,Yes
18.6,59.2,63.1,Yes
12.1,65.9,59.7,No
11.2,,66.2,Yes
10.3,70.5,65.9,No
14.1,79.6,52.8,Yes
1.3,65.8,,Yes
,96,53.1,nan
9.6,36.2,60.5,No
13.6,30.5,77.7,Yes
9.1,95,81.3,nan
4.8,93.5,79.2,Yes
10,,39.6,No
4.6,87.7,62.2,No
0.4,75.1,47.6,No
13.6,69.8,49.3,Yes
12.9,43,55.4,Yes
12.3,78,60.7,Yes
16.5,46.3,56.7,Yes
6.7,124.3,25.4,Yes
2.8,54.4,68.8,Yes
9.6,73.5,63.6,Yes
8.3,,83.5,Yes
5.8,67.7,63.7,No
,67.8,36.7,No
6.9,23.3,44.6,No
0.8,48.8,,No
7.8,86.2,61,Yes
4.3,,88.8,Yes
11.2,57.2,72.5,No
6.7,78.9,67.1,No
15.6,129.2,48.5,No
18,86.3,71.4,Yes
13.4,94.5,60.6,Yes
2.2,59.7,69,No
17.5,,72.7,Yes
17.9,61.2,58,No
10.1,57.6,69.2,No
16.6,104.6,92.7,Yes
7.2,62.3,83.9,Yes
0.7,74.9,78.6,Yes
6.2,107.5,100.7,Yes
18.6,56.7,94.4,No
2.5,70.3,87.8,Yes
10,62.8,49.4,No
10.2,68.4,47.2,No
7.4,75.8,46,No
7.8,101.8,77.8,Yes
10.4,107.8,76.3,No
7.2,78.1,71.8,Yes
2.9,60.5,49.1,Yes
11.1,88.6,79.5,No
15.4,75.1,60.6,No
14.3,75.8,61.8,Yes
6,54.4,75.7,nan
3.7,42.7,62.5,Yes
8.6,74.6,,Yes
17.8,,43.7,No
13.2,64.4,42.3,No
13.5,104.7,80.4,Yes
14.4,73.6,69.8,Yes
,97.1,51.2,Yes
10.6,80.9,,No
13.3,86.7,65.4,No
7.3,64,46.7,No
2.9,98.1,63.4,No
13.6,81.2,69.1,Yes
16.2,69.7,39.7,No
4.4,81.2,78.3,No
14.1,60.7,68.1,Yes
,69.1,90.5,No
10,73.9,84.1,Yes
5.9,64.5,89.2,No
10.6,,54.4,nan
7.2,66.7,73.9,No
6.9,116.7,66.1,Yes
12.2,76.3,88.2,Yes
2,70.3,85.5,Yes
2.8,64.9,90.3,No
10.1,83.4,61.4,nan
9.9,92.9,46.6,No
11.7,,51.5,Yes
19.4,75.1,71.3,No
10.5,35.2,46.7,No
13,94.6,68.2,No
,95,62,No
13.8,75.8,30.8,No
7.4,79.2,68.9,Yes
10.4,46.4,75.2,Yes
9.5,64.1,83.1,Yes
15.2,62.8,56.8,No
3.5,66,49.2,Yes
-1.4,92.4,59.2,Yes
8.9,100.6,46.9,Yes
12.3,87.2,73.2,Yes
10.8,68.5,66.7,No
16.2,60.1,47,Yes
12.2,76.8,58.7,Yes
7.2,80.9,88.4,Yes
-1.6,70.6,64.1,nan
8.8,61.8,54.1,No
15.1,87.3,57.1,Yes
,89.3,67.6,No
,48.8,92.3,No
,67.3,49.2,No
4.9,,86.4,Yes
13.1,94.8,60.4,No
18.2,76.3,84.3,Yes
9.1,82.3,47.7,No
4.4,80.1,88.3,No
9.7,94.1,91.7,No
-1.1,52.8,93,No
11.7,80.4,64.9,No
12.3,57.2,65,No
18.4,96.8,53.9,No
9,53.8,50.4,Yes
,83.2,,No
5.7,,65.2,No
8.2,90,72.2,No
2.4,83.8,,No
9,79.8,45.6,Yes
8.5,114.2,46.7,Yes
11.5,60.9,76.8,Yes
6.9,93.5,71.5,No
10.4,98.4,63.2,No
8.3,93.5,71,No
8.3,61.5,86.7,Yes
10.4,70.3,78.9,Yes
10.2,62.9,68.9,Yes
13.8,69.1,71.7,No
9.4,58.2,87.1,Yes
8.3,67.7,58.8,No
9.1,104.4,68.5,Yes
6.4,68.6,64.6,No
8.2,77.1,55.5,No
20.2,60.5,62,Yes
5.4,74.7,49.7,Yes
8.6,91.5,80.9,Yes
8.1,84.8,58.5,Yes
8.8,103.4,68.2,Yes
8.3,50.8,80.7,Yes
11.4,59.9,85.7,Yes
1.4,66.7,65.9,Yes
15.2,105.5,63.6,nan
13.2,81,75.6,Yes
3.8,46.7,71.2,Yes
-1.3,96.8,47.8,No
5.1,,89.7,No
8.8,92.8,68.6,Yes
22.9,106.7,77.3,Yes
12.7,55.4,70.3,Yes
,106.7,,Yes
6.6,73.5,62.5,Yes
9.7,66.7,75.5,Yes
11.3,,75.2,No
,51.1,,No
9.3,74.6,44.5,No
6.4,70.1,46.7,Yes
4.5,56.2,66.8,Yes
11.3,62.1,59,nan
13.9,97.8,83.6,No
14.2,71.4,51.9,No
12.9,55.4,78.4,Yes
,84,40,Yes
13.6,90.3,42.2,No
11.5,75,64.7,No
10.7,50.3,70.3,Yes
6.9,24.1,74.7,Yes
7.5,57,79.6,No
10.4,96.1,69.8,No
22.2,94.3,,Yes
11.5,59.1,53.1,Yes
6.9,70.3,38.4,No
5.8,150,75.3,Yes
7.5,72.2,51.8,No
20.9,93.7,67.2,Yes
8,73.1,78,Yes
14.5,84.6,110.2,Yes
8.1,68.5,63.9,Yes
11.3,59.3,48.3,No
14,98.3,67.3,No
7.1,45,37.7,Yes
6.8,63,62.5,No
18.3,73.1,,Yes
14.9,92.2,,Yes
14,57.4,83.1,No
13.9,77.5,75.7,Yes
12.3,,54.6,No
20.1,83.8,85.2,No
10.2,111.5,84.2,No
12.9,35.8,52.3,No
2.7,60.5,40.3,Yes
5.9,91.7,31.9,Yes
4,133.9,74.2,No
16.4,86.8,80.3,Yes
-2.8,60.4,58.9,Yes
8,72,64.7,No
-5,50.5,73.2,Yes
5.8,91.1,69.6,No
7.5,95.9,70.6,No
16.9,103.1,96.7,nan
12,68.4,62.6,No
5.8,58.8,67.8,Yes
15.3,104.9,56.5,Yes
10.1,102.6,81.5,Yes
10.2,,87.9,Yes
4,67.5,68.6,Yes
5,90.8,70.8,No
5.9,70,85.7,No
10.2,75.6,,No
10.4,45.6,69.7,nan
17.7,52.6,40.8,No
11.9,73.2,67,Yes
-3.5,61,61.9,Yes
11.3,52,83,Yes
2.7,68.7,62.4,Yes
5.2,57.4,60.3,No
5.9,75.6,89.1,nan
6.7,94.8,62,No
3.1,69,74.6,Yes
11,66.5,86.3,No
2.9,96.5,56.3,No
11.8,89.7,78,Yes
,91,53.9,Yes
3.4,24.6,74.8,Yes
8.6,66,78,No
-2.6,63.6,56.8,Yes
8.5,58.5,31,No
13.2,96.1,49.1,No
13.6,64.1,67.3,Yes
,47.2,49,No
14.4,79.9,58.8,No
22.7,74.8,72.7,No
18.6,56.6,60.7,Yes
7.4,95.4,66.2,No
2.7,85.6,55,Yes
8,85.6,93.2,Yes
5.3,84.7,54.2,Yes
12.3,96.8,64.3,No
4.1,71.9,,Yes
9.6,,49.3,Yes
14.2,70.9,65.2,Yes
9.5,41.9,61.9,No
,53.8,76.6,No
15.9,107.4,65.6,Yes
0.6,53,56.2,Yes
,51.5,69.5,No
9.8,88.4,81.9,No
10.1,92.3,60.5,Yes
,41.7,65.9,No
13.1,80,63.8,Yes
9.8,64,71,Yes
8.2,81.6,53.6,Yes
8,68.9,93,Yes
6.9,,85.5,No
,65.4,59.9,No
6.8,87.5,96.7,No
14.2,113.9,28.5,Yes
10.1,82.8,78,Yes
7.4,67.2,120.4,No
13.1,51.4,61.3,nan
6.4,71.8,78.3,nan
13.2,67.4,78.4,No
11.1,81.1,61.7,No
7,73.8,73.5,No
12.6,84.6,90.6,Yes
12.7,67.8,,Yes
15.8,109.2,,Yes
14.8,86.7,79.5,No
12.5,60.9,55,No
4.4,95,66.9,No
22.2,51.9,72.9,No
3,57.9,54.9,Yes
14.7,59,87.5,No
12.2,101.6,69.6,Yes
4.1,71.4,55,Yes
9.4,62.4,48.5,Yes
9.6,78.3,61.5,No
16.5,85.8,60.9,Yes
6.4,,71.6,No
8.7,45.1,47.7,No
-1.7,100.3,56,No
18.7,33.7,88.3,nan
4.6,93.1,42.4,No
11.6,98.3,56.5,No
9.5,99.3,47.3,No
9.5,86.4,68.7,No
,53.7,76.2,Yes
18.4,89.9,118.9,Yes
11.3,53.6,80,No
13.3,56.2,47.2,No
11.6,65.9,73.8,No
15.1,67.7,63.7,Yes
7.7,79.8,58.3,No
15.4,61.1,65.4,No
15.6,81.6,78.4,No
15.4,47.6,77.5,Yes
6.7,75.8,44.8,Yes
9.2,69.6,65.7,nan
11.2,95.3,50.1,Yes
3.1,97.3,67.4,No
18,,58.4,No
9.9,35.8,77.3,No
11.4,45.5,60.9,No
7.1,97.5,54.5,No
3.4,72.1,65.9,Yes
7,110,64.7,Yes
11.1,92.9,62.6,Yes
13.4,80.1,58.3,No
,77.6,28.1,Yes
11.7,52,94.2,No
8.3,62.4,44.9,Yes
12.5,83.3,68.6,Yes
17.4,68.1,70.7,Yes
13.5,84.4,97.7,Yes
14,95.6,99.7,No
11.5,71.4,71.1,Yes
2.5,66.4,49.6,Yes
4.8,57.1,50.1,No
12.3,91.7,55.7,Yes
9.9,90.1,64.6,nan
12.2,118.7,58,No
18.4,78.5,50.5,No
13.6,73.1,66.3,Yes
16.3,84.3,52.4,No
10.5,69.2,85.7,No
6,57.3,52.5,Yes
9.7,76.8,54.7,Yes
6,84.2,66.7,Yes
17.8,85.5,45.4,No
14,83.9,59.4,Yes
12.6,96.3,42.5,Yes
16.2,85.4,64.1,nan
-0.1,80.4,52.6,Yes
12.9,49.7,57.6,No
3.4,79.9,67.1,nan
,71.6,59,nan
8.4,52.6,76,No
13.3,85,50.2,No
11.1,85.4,57.9,No
16.7,83.5,60.1,Yes
7,86.1,77.1,No
13.5,77.5,80.8,Yes
,,50.4,nan
1.8,110.4,58.9,Yes
5.4,78,36,Yes
9.3,24.1,,No
15.6,26.4,65.7,No
12.3,99.1,86.2,Yes
4.2,38.3,62.4,No
9.3,64.1,63.2,Yes
20.1,50.7,58.3,Yes
10.6,68.9,72.9,Yes
8.4,82.7,68.9,Yes
12.5,,71.5,Yes
13.8,58.7,97.1,No
7.7,89.6,42.7,nan
12.5,127.6,24,No
8.4,85.8,75.7,No
13.6,56.7,64.3,Yes
10.8,92.4,56.4,Yes
12.4,109.9,80.2,No
6.2,96.3,67.6,No
5.9,44.1,58.9,Yes
14.7,85.6,78.4,No
9.6,65.8,76.3,No
11.4,76.1,74.8,Yes
8.5,67.5,45.9,Yes
14.5,89.9,,Yes
7,67.9,69.4,Yes
,103.4,72.1,No
13.9,,86.1,No
15.9,70.5,56.4,Yes
7.4,86.4,65,No
19.8,82.1,82.6,No
11.6,87,62.9,No
4.8,72.3,67.5,No
11.8,101.7,64.3,Yes
8.1,94.8,73.5,Yes
12.2,74.8,72.6,Yes
9.8,91.5,40.9,Yes
10.4,69.7,74.7,Yes
5.4,86.4,90.2,Yes
15,91.5,44.2,Yes
4.2,80,70.1,Yes
4.5,58.6,73.7,No
11.8,51.1,45.2,nan
18,80.9,53.6,Yes
8.2,60.5,54.8,No
13.5,96.1,68.3,Yes
15.4,44.8,44.5,No
14.1,101.3,54.7,nan
8.4,76,70.5,Yes
4.5,57.9,77.9,Yes
-1,66,65.5,No
8.7,70.9,49.2,Yes
15.9,84.7,60.9,No
,50.5,68,Yes
13.5,55.8,87.8,No
5.2,68.5,71.4,No
10.5,74.4,96.3,No
13.5,89.3,,No
6.7,80.4,83.2,No
10.9,67.2,55.2,nan
7.9,79.7,76.4,Yes
13.5,78.3,67.7,Yes
11.2,70,101.7,Yes
10.3,77.3,59.8,No
17.8,32,91.7,No
13.3,93.7,90.8,No
6.5,86,56.4,Yes
9.6,105,69.7,No
9.6,58.8,43.5,No
10.4,86.4,92.2,No
22.6,36.9,32.8,Yes
11.9,39.7,40.8,No
-0.2,70.3,62.7,No
7.3,63.4,50.9,Yes
0.3,95.9,200,No
8.4,98.6,59.9,Yes
0.1,100.7,79.4,Yes
5.6,87,80,No
2.4,,71.9,No
11.9,49.4,72.5,No
10,103,65.6,No
11.5,100,80.6,Yes
9.5,47.4,66.9,No
3,84.4,53.2,No
12.6,64.1,60.9,No
19.6,112,68.6,No
12,55.5,77.9,nan
7.9,76.9,69.9,Yes
2.9,,46.6,Yes
5.5,73.9,77.7,Yes
12.3,118,59.5,Yes
15.4,108.8,72.9,Yes
11.3,42.2,41.4,No
,84.7,73.7,Yes
13.5,74.8,79.6,Yes
12.5,91.7,,Yes
6.7,79.3,71,Yes
10.9,58.7,68,Yes
5.8,54.3,54.4,Yes
10.1,67,79.3,No
11.7,72.6,61.8,Yes
18.4,,59.1,No
3.5,63.6,74,Yes
12.4,150,68.1,No
,85.7,75.1,Yes
13.8,92.5,67.3,Yes
14.2,72.2,71.2,No
12.9,54.2,64,Yes
16.5,92.7,55.1,No
4.6,55.1,54.3,Yes
3.1,34.5,55,No
10,86.3,57.3,Yes
-0.8,59.9,111.1,Yes
16.2,68.3,73.2,Yes
16.1,88.9,54.3,Yes
7.8,56.4,80.3,No
8.1,43,93.2,No
,99.4,57.2,No
10.3,73.8,58.1,Yes
10.6,100.1,38,No
12.8,87.5,60.8,No
9.1,,77,Yes
14.7,78.3,60,No
12.2,78.3,49.5,Yes
7,97.7,42.7,No
16.7,91.3,69.7,No
3.2,63.2,,No
9.5,84.9,95.4,No
14.8,62.6,65.8,No
6.4,68.7,53.3,Yes
11.5,86.4,78.2,Yes
12.7,62.3,95.6,No
5.7,78,92.1,No
9.6,82.6,51.2,No
9.2,68.2,46,No
7.2,89.4,45.6,Yes
21.5,66.2,75.5,No
6.2,93.9,60.6,No
15,77.6,54.7,No
8,78.5,77.4,No
4.6,57,51.8,No
10.5,70.3,80.2,Yes
13.2,78.9,49.9,No
,95.5,59.8,No
17.8,68.6,85.8,Yes
24.7,95.4,66.9,No
11.3,59.9,49.5,No
6.7,81.7,87.7,Yes
12.3,64.9,82,No
8.7,105.9,86.6,No
14.6,102.3,39.4,No
3.5,80.7,69.5,Yes
21.8,64.3,,No
14.3,44.7,55.9,Yes
,82.6,74.6,No
6.5,79.2,38.7,Yes
14.1,92.2,67.4,Yes
15.9,45.7,,Yes
3.6,77.8,67.2,No
13.6,83.6,81.4,Yes
0.3,57,66.8,No
9.6,,52.2,No
15.6,60.5,93.9,Yes
7.2,58.5,62.1,Yes
2.5,64.4,46.1,Yes
10.7,69.7,44.2,No
7,99.8,62.2,Yes
13.1,68.6,78.1,No
5.6,58.1,64.8,No
,91.3,42.5,Yes
-0.1,95.6,66.3,No
,91.4,81.4,No
9.2,102.4,63.1,Yes
4.1,78.8,86.8,No
11,78.1,52.5,No
15.1,60.9,78.5,No
8.9,103,72.3,No
11.3,73.2,72.9,nan
,68.9,71.7,Yes
4,67.1,60.1,No
20.3,87.7,69.5,nan
7.6,76.7,58.6,No
13.3,78.8,,nan
13.8,68.5,69.4,No
9.3,71,61.5,No
13,72,,No
11.2,,43.6,No
2.9,39,65.8,No
8.3,84,73.9,No
6.9,96.8,68.6,No
7.7,,67.1,Yes
3.5,73.6,43.5,No
15.6,94.6,70.7,Yes
18,59.9,46.6,No
,80.4,53.7,Yes
16.4,56.4,47.7,nan
8.3,75.7,49.5,Yes
6.8,100.6,67.1,No
6.1,108.9,44.7,No
,80.1,46.5,No
11.1,49.4,88.7,Yes
9.6,68.8,93,Yes
16.5,38.7,79.9,Yes
12,69.1,60.5,Yes
5.8,94.3,82.1,Yes
6.6,47.7,73,Yes
13.4,70.9,35.8,Yes
15.2,58.7,82.4,Yes
12.8,110.9,46.2,Yes
19.5,83,57.3,No
18.2,92,69.5,Yes
12.2,80.9,69.4,Yes
5.8,90.2,70.7,No
3.5,96.6,83,Yes
8.1,75.8,69.1,Yes
13.8,64.4,67.4,No
19.1,56.3,88,Yes
12.1,110.2,63.8,No
15.8,91.4,63.3,Yes
8.8,30.5,71.7,Yes
13.1,70.1,95,No
14.1,83.3,,Yes
0.1,108.4,39.3,No
7.9,52.9,64.8,No
14.7,83.5,86,No
11.4,,73.8,No
4,51.1,57.3,No
-2.2,101.9,65.1,No
8.2,55.7,50.3,Yes
9.6,94.4,38.3,No
5.6,43.1,60.7,No
10.7,65.2,50.1,nan
12.5,86.4,60.3,No
13.4,89.3,42.7,Yes
-1.8,,90.8,Yes
3.4,94.7,79.2,No
8.5,69.2,57,nan
12.9,102.8,,No
12.4,82.1,80.9,Yes
12.4,89.7,69.6,No
8.1,82.3,59.8,No
8.4,84.8,72.1,Yes
6.4,55,61,No
13.8,56.2,62.8,No
5.4,64.2,91.2,No
14.3,85.3,,nan
11,63.2,,No
9.8,69.1,50.1,Yes
6.7,73.5,73.1,No
3.2,103.4,80.5,Yes
6.8,87.1,82.3,No
8.3,45.8,,No
-1.8,78.2,50.3,Yes
9,,35,nan
14.6,70.4,80,No
12.8,75,47,Yes
,97.5,47.6,Yes
10.2,58.7,73.4,No
7.2,79.1,69.7,Yes
10.7,80.8,55.4,No
17.7,70.6,52.7,No
14.8,62.2,65.5,Yes
12.6,59.9,57.8,No
7.5,66.6,66.9,Yes
13.7,89.8,50,Yes
1.6,67.8,51.8,No
8.7,73,,No
12.9,51.9,70.5,Yes
13.7,,,No
13.3,79.6,75.9,Yes
11.5,41.7,32,No
9,95.9,44.2,Yes
12.7,63.1,62.4,Yes
5.2,110.3,54.8,No
,83.4,48.8,No
10.3,38.3,60.8,Yes
-1,80.6,60.7,No
0.9,68.6,78.1,No
12.3,80.8,69,No
13.9,107.3,81.9,No
9.6,89.1,200,Yes
21.9,70.5,55.5,Yes
6.6,,81.5,Yes
8.2,92.5,78.1,Yes
8,85.2,64.4,Yes
9.6,98.2,72.9,No
8.4,72.1,67.9,Yes
3,80.9,64.1,Yes
7.3,70.1,68.9,Yes
9.5,76.7,69.9,No
16.1,44.7,80.3,No
21,81.4,49.3,Yes
16.7,82.6,76.4,Yes
6.1,64.9,47.7,No
,87.1,63.7,Yes
9.2,92.5,68.9,Yes
18.9,103,27.3,Yes
9.2,54.6,60.6,Yes
3.4,88.4,71.7,No
7.5,101.8,63.4,No
13.8,68,51.2,Yes
13.4,102.9,75.9,Yes
9,60.5,53.1,Yes
13.4,76.4,68.1,Yes
-1.4,40.5,63.3,No
10.5,37.7,63.7,Yes
14.3,43.9,67.5,No
5.8,103.4,,Yes
5.8,59.5,78.6,Yes
0.7,,52.8,Yes
17.9,83.2,77.6,nan
6.4,60.1,59.4,Yes
11.2,99.1,35.2,No
13,112.3,53.3,No
17.6,30.6,84.6,No
9.2,85.4,82.4,Yes
7.3,33.8,35.7,nan
,47.8,53.9,No
16.4,84.6,,Yes
9.1,56.1,66.5,Yes
5.2,80.2,54.8,Yes
2.3,75.6,70.3,Yes
3.9,42,75.1,Yes
14.3,88.1,87.7,Yes
8.4,81,90.9,Yes
7,,93.9,Yes
6.4,62,78.9,No
10.4,82.8,62.8,No
8.8,49.1,37.7,Yes
,54.8,53.1,Yes
16.7,81.4,44.6,No
17.7,95.6,71.9,No
1.9,65.5,96.3,Yes
11.6,84.1,51.6,Yes
6.1,79.1,42.8,Yes
8.8,83.3,49.6,Yes
,61.2,91.5,No
8.9,72,83.9,No
11.2,74.2,81,nan
13.4,105,44.8,No
11.5,52.9,78.9,No
6.8,46.9,65.8,No
6.9,135,77.9,No
2.8,81.2,49,No
5.7,86,64.6,No
19.8,87.8,56.2,Yes
6,90.4,75.4,No
4,93,98,Yes
11.6,90.5,45.5,Yes
9.4,97.5,61.8,Yes
9,78.3,80.6,No
17,96.4,58.8,Yes
,112.8,52.7,Yes
7.4,,66.4,No
7.9,,59,Yes
7.5,63.4,91.3,nan
14.4,71.7,69.8,No
8.5,82.1,,No
1,67.2,52,Yes
9.8,76.8,67.1,No
2.3,81.8,64,No
,105.4,75.3,No
5.2,,75,No
9.2,83.4,56.6,No
11.3,62.9,66.9,No
8.6,90.3,79.6,nan
8.5,91.9,55.7,No
12.1,108.5,,Yes
17.6,66.5,,Yes
13.8,77.9,61.1,Yes
17.4,91.1,51.5,No
4.8,88.2,72.6,Yes
11.6,25.2,65.2,Yes
10.8,61.3,44.8,No
11.8,86.4,96.2,Yes
16.9,70.8,56.3,No
8.9,91.2,35.4,Yes
8,95.8,68.6,Yes
12.7,70.7,66.9,Yes
1.1,87,55.6,Yes
8.8,104.1,52.4,nan
,95.4,64.7,Yes
5.4,59.6,49.2,Yes
15.3,71.3,77.8,Yes
4.7,75.5,,Yes
9.3,56.3,66.1,No
11.5,96.4,47.6,Yes
16.8,62.1,48.1,Yes
9.9,73,70.4,No
14.7,96.4,71.3,No
13.5,66,65.4,No
10.6,68.3,72.9,nan
,81.8,72.9,Yes
2.8,66.8,65.3,Yes
10.5,105.7,66.2,Yes
7.3,56.7,40.6,Yes
14.6,29.1,65.5,Yes
13.7,91.9,62.6,nan
9.1,67.8,52.8,No
4.2,58.8,73.8,No
12.6,82.7,64.1,No
4.9,83.4,69.4,No
6.2,59.8,35.3,No
5.1,98.7,62.3,Yes
9.3,92.2,74.6,No
15.9,114.5,59.3,No
10,65.8,62.4,nan
7.8,78.1,68.5,No
2.4,,64.9,No
12.8,68.5,84.7,Yes
6.1,83.1,73,No
10.6,84.6,72,Yes
8.2,84.6,69.9,Yes
,68.5,,Yes
9.2,70.8,71.5,No
9.7,63.7,48.7,No
12.4,60,80.6,No
20.5,73.7,53.4,No
14.4,,73.6,No
9.6,115.8,47.6,No
10,101.3,40.1,No
7.4,65.7,60.9,Yes
5.3,83.2,90,No
7.2,34.1,50,Yes
6.1,71.9,48.7,No
13.3,67.2,54.3,Yes
4.6,112.5,36,Yes
16.7,80.2,84.9,No
13.8,76,93.1,Yes
10.1,73.6,62.4,No
10,69.2,53.6,nan
7.2,85.6,57.8,Yes
11.4,61.8,49.8,No
,86,66.5,Yes
6.5,103.6,78.3,Yes
2.3,,,Yes
13.5,68.7,53.3,nan
11.6,73.5,51.6,Yes
4.4,,74,No
6.3,77.8,61,Yes
5.7,62.8,64,No
6.4,91.2,,No
8.4,60.8,69.1,No
8.7,70.3,72.7,nan
6.7,79.6,64.9,Yes
6.2,58.9,54.2,Yes
8.9,39.3,80.6,Yes
10.8,84,62.7,No
8.4,31.2,86.3,Yes
15.8,56.5,49.3,No
12.5,90.6,57.6,No
2,83.4,44.1,No
12.6,71.8,75.6,Yes
13,57.1,71.2,No
7.8,66.4,73.3,nan
2.5,86.5,59.5,No
10,72.4,76.6,Yes
10,50.3,73.3,No
4.4,57.4,56.9,Yes
2.7,66.3,93.7,No
9.6,82.3,65.5,Yes
8.8,77.1,68,No
7.9,50.1,78.2,nan
9.6,101.9,53.7,No
4.5,60.1,64.8,Yes
7.8,83.8,54.7,Yes
,56.1,46.7,nan
8.3,124.6,73.1,No
1.6,101.5,25.8,Yes
7.6,59.5,42,No
4.6,76.8,76.3,Yes
11.3,54.4,42.2,Yes
11.6,67.9,55.9,Yes
1.7,83.5,68.9,nan
13.8,91.9,72.6,Yes
4.4,50.2,72.7,Yes
,60,75.2,No
9.8,93.8,49.1,No
3.8,101.5,72.6,No
4.3,59.5,57.9,No
,94.1,24.8,Yes
8,50.3,89.6,Yes
,69,58.3,Yes
18.1,52.1,65,No
6.5,66.9,52.9,No
10.3,113.2,72.9,No
,73.9,58.7,No
11.4,69.4,53.6,Yes
2,,102.8,No
12.5,69,22.6,Yes
4.2,58.8,57.1,Yes
17,77.7,67.9,Yes
5.9,74.3,47,No
24.8,65.9,53.6,No
17.3,64.1,68.6,Yes
6,78.7,26.8,Yes
10.1,60.4,87.1,No
13.8,70.2,67.7,Yes
13.9,66,67.1,Yes
12.2,30.9,64.6,No
16.3,92.2,,Yes
9.4,,60.3,Yes
8.2,39.6,66.5,No
8.3,92.9,56.6,Yes
14.3,52.8,59.2,No
11.8,33.5,71.1,Yes
11.5,101.7,43.5,Yes
14,62.2,73.4,No
-0.3,,100.3,Yes
11.6,56.7,95.2,Yes
11.1,42.1,69.4,Yes
,68.6,46.3,nan
2.4,50.8,85.7,No
17.8,83.1,62.1,Yes
10.4,88.5,,No
12.4,93.6,53.5,No
18.4,68.8,56.2,No
12.8,102.6,72.2,No
12,56.4,54.7,No
11.2,77.7,93.2,No
7.6,72.2,73.5,Yes
9.9,114.5,91.6,Yes
6.4,99.2,48,Yes
-1,75.6,51.9,No
-1.7,79,105.9,Yes
12.1,105.7,40.9,No
9.4,60,85.4,No
8.3,34.3,68,Yes
11.1,55.6,58.6,Yes
2.8,,79.9,Yes
19.6,102.2,89.4,No
9.5,95.7,66.1,Yes
9.3,74.1,69.3,No
5.2,84.3,67.5,No
10.1,60.8,63.9,No
16.9,116.8,40,Yes
15.2,99.3,51.9,No
14.3,76.1,83.7,Yes
12.7,73.5,57.1,Yes
8.2,89,49.5,No
2.7,73.9,59.7,nan
9,38.6,61.3,Yes
8.8,105.7,43.5,Yes
15.2,98.4,62.5,nan
11.5,82.4,66.4,Yes
18.1,66.6,54.2,No
16,75.2,69.8,No
7.7,22.1,106.8,No
1,,60.3,No
16.9,110.3,46.6,No
,85.3,80.8,Yes
3.2,36,79.6,No
17.5,58.4,82.3,No
11.9,36.5,70.3,Yes
10.8,59.4,56.2,No
18.1,71.7,67.3,Yes
16.7,107,56.4,Yes
13.3,90.7,85.2,No
12.4,69,80,No
13.1,69.9,41.3,Yes
8,59,58.3,No
9.7,96.8,77.5,No
5.5,99.2,46.6,No
8.3,48.2,65.4,No
8.2,40.6,38.6,No
6.8,68.6,59,No
10.7,71.1,64.5,No
8.4,80.2,47.4,Yes
12.5,,66.9,Yes
1.9,60.7,72.9,Yes
9.4,73.4,51.1,No
10.7,59.4,,No
8.4,92.2,80.4,Yes
9.1,112.4,62,Yes
2.1,64.2,38.3,No
11.8,92.8,55.4,Yes
13.2,67.9,69.2,Yes
12.5,56.4,47.7,nan
15.2,60.8,62.6,No
,90.4,52.1,Yes
12.4,62.2,64.7,No
10.8,66.1,61.6,Yes
13.4,52.1,64.3,No
2.1,87.7,72.3,Yes
5.5,84.2,60.9,Yes
17.9,104.1,89.9,No
-2.3,86.9,86.1,Yes
9.3,83.3,71.7,Yes
15.9,86.7,72.2,No
9.5,69.9,56.7,No
8,,70.6,Yes
10.6,93.6,73.1,No
,58.6,73.4,No
10.2,109,80.7,Yes
6.6,,71.1,No
15.5,115.4,69.8,No
-1,,84.1,Yes
9.3,,66.5,Yes
3.1,82.4,56,No
7.4,77.5,73.6,Yes
9.1,65.9,74.9,Yes
12.5,49.6,59.4,Yes
5,69.6,59.4,Yes
6.2,79.3,67,Yes
12.6,48.8,84.1,No
14.7,66.8,57.6,Yes
6.9,82.6,44.2,No
3.3,,43,No
26.4,69.3,45.5,Yes
13.9,59,47.2,No
8.7,77.3,57.1,Yes
14.3,70.9,57.2,Yes
9.4,45.7,72.4,No
14.3,66,83.9,No
10.8,63.2,,No
10.5,75.5,54.4,No
9.4,60.3,56,No
2.8,64,102.2,Yes
,71.4,42.3,Yes
5.3,87.8,78.7,No
3.2,76.9,52.2,Yes
8.9,128.3,76.7,Yes
5.2,49.7,200,nan
9.7,93.2,67.9,No
13.4,73.4,,No
15,47.1,114.8,Yes
14.1,67.4,44.7,No
-1,44.7,81.1,No
10.2,76.7,82.6,Yes
12,68.9,43.5,Yes
1.2,61.3,70.5,No
12.9,53.8,62.7,No
2.7,95.3,74.8,Yes
20.2,71.8,,Yes
8,79.2,77.9,No
9.1,78.5,52,No
6.2,77.2,,Yes
6.9,68.5,68.3,No
21.4,105.4,89.7,No
14.7,119.7,72.1,Yes
2.3,104,85,Yes
17.5,75.4,65.6,Yes
16,74.1,83.5,No
8.6,96.9,50.2,No
11.5,59.8,80.5,No
9.9,109.2,54.3,No
19.9,90.8,62.6,No
6,69.4,48.9,No
10.7,80.6,55.3,Yes
7.9,87.5,60.6,Yes
2.8,66.4,74.2,Yes
21,95.7,70.5,Yes
4.1,100.5,59.4,No
11.1,69.7,,nan
1.3,65.5,72.3,No
8,72.9,,Yes
12.1,51.9,59.2,Yes
5.9,41.6,59.9,No
12.9,66.3,95.5,No
8.7,55.8,55.5,No
15.8,110.4,81.6,No
,65.9,53.8,Yes
7.1,84.1,58.6,No
10.4,62.4,72.2,No
10.9,110.6,75.2,No
13.1,71.1,70.1,No
10.1,50.1,75.6,Yes
11,88.4,74.7,No
8.8,80.2,74.4,Yes
10.6,99.1,57.2,Yes
16.5,71.9,60.3,Yes
13.2,,65.1,Yes
13.5,44.9,81.9,No
13.6,91.7,75.3,Yes
,76.3,66.6,nan
,72.5,67.7,No
4.6,70.4,49,Yes
16.3,69.4,61.3,No
-3.9,92,57.6,Yes
9.6,,78.3,No
15.7,89.9,68.2,No
3.2,42.9,83.4,Yes
12,36.7,99.8,No
6.6,103.2,77.5,No
8.2,54.5,51,No
14.7,,62.1,No
11,69.6,40.6,No
-0.2,,91.8,Yes
5.1,76,99.4,nan
14.9,95.9,,No
12.2,46.4,58.8,Yes
18.7,88.4,56.5,No
18.4,74,52.3,No
,44.4,43.1,No
22.5,64.4,77.8,Yes
10.1,42.9,48.9,Yes
5.2,41.5,65,No
6.8,66.3,53.3,No
-1.3,98.7,39.4,Yes
18,81.3,55.7,Yes
18,101,43.6,Yes
4.9,76.5,65,Yes
8.9,106,74,No
10.5,103.9,73.7,No
,56,68.8,No
1.2,76.4,74.7,Yes
8.9,60.6,50.9,nan
,72.1,60.3,No
8.1,108.2,60.3,No
11.1,62.2,43.2,Yes
17.1,51.3,52.8,No
8.5,52.6,48.4,No
10.9,67.1,62.8,No
13.6,149.9,73.6,Yes
12.8,104.5,58.6,Yes
6.9,17.5,50.6,No
10.5,74.3,66.6,Yes
12.7,62.4,58.6,Yes
4.4,94.7,54.7,Yes
16.3,51.4,88.5,Yes
17.2,54.3,80.8,nan
6.4,63.6,67.2,No
,61.2,57.4,No
13.2,88,58.3,Yes
7.3,68.3,52.5,Yes
12.4,95.1,54.3,No
10.8,58.8,63.4,Yes
2.7,92.3,27.9,No
12.3,51.9,86.1,Yes
4.5,87.3,71,Yes
14.7,65,52,Yes
6.6,92.8,86.6,Yes
9.2,26.2,,Yes
16.9,59.3,76.6,Yes
12.5,98.4,59.8,Yes
4.6,71,72.9,Yes
4.9,41,39.9,Yes
7,60.9,69.7,No
12,82.7,59.7,No
11.8,58.8,79.3,nan
5.8,98.2,59.3,No
4.2,,56.6,Yes
11.4,88.4,,Yes
9.1,95.6,81.7,Yes
20.8,64.7,76.7,Yes
10.2,104.7,71.7,No
,96.5,75.3,Yes
4.1,72.4,61.3,Yes
2.1,42.5,52,Yes
4.4,27.7,69.9,No
15.9,94.8,39.1,No
18.8,42.8,84.9,No
,56.6,,Yes
7.7,84.5,62.6,No
4.2,49,51,nan
0.9,123.7,84.6,No
13.6,,75.6,Yes
11.1,104.6,68.8,No
10.1,95.9,73.3,Yes
3,24.2,66.6,Yes
18.2,89.9,77.5,No
7.5,74.7,59.8,Yes
12.7,73.8,65.3,No
2.7,74.5,73.2,No
9,96.1,43.9,Yes
11.5,107.9,45.7,Yes
11.6,51.2,,No
10.8,76.5,,nan
12.5,103,87.9,No
4.3,70.9,59.6,No
11,79.1,48.5,Yes
10.6,79.3,82.9,No
11.2,117.3,74.1,No
10.4,90,75.8,No
3.6,116.4,47.2,No
3.4,109.9,71.7,No
-1.1,70.5,19.4,Yes
14.1,81,71,Yes
14.1,116,51.6,nan
14.2,,86.5,Yes
11.5,90.2,79,Yes
-0.7,90.4,67.8,No
4.9,69.5,81.2,No
10.9,67.4,100.9,No
10.7,70.1,64.2,Yes
8.9,,70.2,No
11.8,104.5,46.3,Yes
10.1,89.8,52,Yes
10.6,49.8,51.3,Yes
6.8,105.1,65.8,Yes
14.9,98.9,70.6,No
7.8,70.1,54.8,Yes
3.3,61.9,69.3,No
6.1,56.8,80,Yes
8.3,96.5,67.7,Yes
15,37.4,81.4,Yes
9.8,97,38.7,Yes
9.1,66,41.3,No
3.8,80.7,74.5,Yes
13.9,6.6,68.7,No
6.7,39.5,66.2,No
9.5,61.4,66.7,Yes
,56.8,48,Yes
12.5,90.2,39.4,Yes
1.9,81.1,79,Yes
1.2,113.7,81.5,Yes
9.7,85.3,54.7,Yes
3.9,62,33.3,No
13.2,,63,Yes
10.2,65.7,54.8,No
10.8,64.6,77.5,No
6.5,75,50.6,Yes
18.7,,75.7,No
24.2,96,66.6,No
8.6,95.4,84.6,Yes
11.8,114.2,,No
,94.9,59.1,Yes
8.7,50.4,70.6,No
5.8,85.8,65.1,No
4.6,107.5,42.1,Yes
4.3,44.6,74.2,No
12,74.7,64.3,No
7.4,53.6,33.1,No
-2.9,77.6,43.4,Yes
12.2,97.7,56.5,No
9.8,101.9,78.1,No
16.7,71.3,55.4,No
11.9,88.2,76.2,No
2.6,44.9,76.9,Yes
-1.1,40,62.3,No
,97.4,76.5,No
6.9,14.5,64.3,No
14.7,61.3,53.8,No
10,88.5,61.7,Yes
15.7,79.4,53.3,nan
3.4,18.3,77.2,Yes
14.8,85.5,72.1,Yes
13.6,57.8,88.2,No
-0.1,77.4,64.1,Yes
16.6,62.5,70.9,Yes
10.5,61.2,69.6,Yes
12,39,73.1,nan
5.7,67.8,71.7,No
16.4,99.7,53.8,No
4.1,66.5,67.1,Yes
14.2,67.5,65.6,Yes
14.1,60.9,98.3,Yes
5.1,49.3,,Yes
19.9,55,76.9,No
11.2,79.4,88.1,No
13.3,124.2,51.4,Yes
2.4,,97.6,No
20.6,87.4,67.9,No
3.9,114.8,62.2,Yes
15.1,84.4,66.8,nan
5,96.5,68.2,No
6.9,79.3,69,Yes
13.9,84,47.7,Yes
15.1,46.8,72.2,nan
3.6,68.8,39.5,Yes
15.5,63.8,59,No
15.2,62.7,60.1,Yes
5.3,61.5,66.1,Yes
18,103.6,64.1,No
2.7,67.6,69.3,No
6.9,72.1,45.2,No
12.4,120.3,65.6,No
5.7,90.5,,No
11.3,75.2,69.8,Yes
11.2,96.2,91.5,No
9.1,61.6,66.8,Yes
14.2,66.5,88.7,Yes
8.9,67.8,69,No
11.2,80,55.3,No
15.7,84.3,68.5,No
14,56,34.4,nan
13.9,83.1,68.8,Yes
4.3,87.1,84.1,Yes
12.6,65.6,50.1,No
5.6,71.7,81.4,No
3.6,52.3,51.5,Yes
9.6,44.8,63,No
5.5,52.1,49.2,No
14,89.4,65.2,No
14.1,,109.7,Yes
0.5,113.6,56.3,Yes
5.9,75.8,,No
2.7,,65.4,No
7.7,81.7,63,Yes
12.3,53.7,82.2,No
8.8,93.1,55.7,Yes
7.1,82.6,70,Yes
16.5,56.1,59.2,No
-1.5,82.4,89.2,Yes
,90.2,68.9,nan
7.3,48.4,67.2,No
9.6,96.1,75.9,nan
7.4,66,86.9,Yes
17.7,13.6,80.4,Yes
3.8,94.4,78.2,Yes
10.1,101.9,83.9,Yes
12.6,52.5,65.1,Yes
1.9,41.6,96,No
5.4,101.6,77.7,Yes
9.3,62.7,73.6,Yes
5.6,,63.5,Yes
5.9,,42.7,nan
8.3,103.1,66.2,Yes
13.2,96.5,52.1,Yes
,85.8,58.4,Yes
15.4,34.9,67,nan
5,67.8,85.4,Yes
3.7,95.2,63.3,No
19.6,41.3,50.4,No
6.7,64.6,43.5,No
3.4,82.9,,No
1.3,51.8,97.3,Yes
15.4,101,56.5,No
8.3,97.1,38.3,No
8.7,79.8,69.5,No
9.2,83.7,56,nan
15.1,64.2,64.7,Yes
9.1,86.8,78.3,nan
21.7,63,83.5,Yes
10.7,71.1,63.6,Yes
15.3,65.2,70.1,No
14,103.7,84.8,No
9.8,99.1,53.4,Yes
7.1,54.9,46.1,Yes
11.7,101.8,72.4,Yes
12.6,59,49.6,No
7.1,112.1,58.5,No
10.8,106.4,65.1,Yes
16.2,118.9,68.1,Yes
,80.9,60.7,Yes
14.3,69.4,79.9,Yes
19.3,68.9,63.8,No
6.9,82.5,40.5,Yes
13.5,54.7,68.4,No
16.7,26.8,67.3,Yes
5.5,67,60.6,Yes
7.6,75.8,61.4,No
18.7,86.1,57.6,No
5.1,82.9,52.2,Yes
3.3,77.8,87.6,No
17.6,98.4,74.4,No
16,57.5,75.2,Yes
12.2,150,,Yes
9.8,117.2,,Yes
7.8,11.3,19.5,Yes
11.4,97.4,82.2,Yes
17.9,86.3,96,Yes
11.2,75,44.7,No
20.8,92.9,35.5,nan
5.5,89.4,74.8,Yes
9.9,45.8,91.9,Yes
8.1,55.5,53.7,Yes
4.6,65.4,94.4,Yes
9.2,32.6,72.4,Yes
12.1,74.8,27.6,No
12.6,87.8,82.3,Yes
20.9,98.3,61.3,No
12.3,76.6,63.1,No
15.8,60,60.9,Yes
,79.5,66.2,No
18.4,73.4,52.2,No
22,90.7,47.5,No
12.7,74.1,74.1,No
5,92.8,46.7,nan
7.3,69.8,48.9,Yes
11.4,100.8,35.3,No
12.3,78.6,79.1,Yes
,63,100.6,No
,68.3,44.9,Yes
10,89.5,54,No
6.8,,64.8,No
12,72.4,77.3,No
19.3,96.4,63.9,No
15.1,85.3,89.7,No
12.7,52,53.8,No
15.1,81.2,65.1,No
8.1,48.2,65.6,Yes
7.5,78.7,38.7,Yes
6.3,102.6,63.1,Yes
9.4,76.5,69.7,Yes
7.9,52.4,42.4,Yes
16,71.2,53.8,Yes
7.6,78.9,92.3,Yes
6,96.8,53.8,Yes
19.7,96.7,66.9,No
7.7,53.2,60.4,Yes
10.8,68.5,55.7,Yes
12.3,82.9,47,No
4.3,62.9,,Yes
16.2,85,51,nan
13.2,48,58.8,Yes
17.8,80.2,83.5,Yes
6.6,95.5,51.7,nan
10.5,76.1,82.2,nan
10.2,78.5,58.2,Yes
11.3,91.9,61.9,Yes
2.7,66.1,71.9,No
10.6,87.4,43.8,Yes
2.9,74.4,75.8,Yes
11.8,56.8,,No
-0.6,93,67.7,Yes
,,47.4,No
14.1,98.2,70.5,Yes
7.3,93,44.1,No
5.1,85.2,56.5,No
16.4,82.3,56.8,Yes
11.6,73.1,72.7,No
,61.7,,nan
9.2,33.7,58.1,No
23.4,43.7,59.7,No
7,75.3,54.2,No
18.7,49.5,88.4,Yes
9.7,83.3,60.8,Yes
1.7,109.9,72,Yes
,10.5,70.6,Yes
11.6,55.6,52.8,No
4.7,118.7,73.2,Yes
5.4,91.7,83.6,Yes
9.9,72.8,58.3,No
11.7,64.4,79.4,Yes
-2.4,86.7,69.3,No
15.3,94.6,,No
7.5,49.6,88.2,Yes
3.3,104.8,76.3,Yes
14.7,83,45.8,No
9.9,93.8,50.9,Yes
16.1,95.5,84.3,No
,81.2,50.2,Yes
10,,44.9,Yes
9.2,85.4,41.5,No
12.4,67.9,55,Yes
7.9,88,75.6,No
5.7,69.8,68.8,No
13,75,46,No
9.3,106.3,60.7,No
10.2,74.3,74.4,No
15.4,83.3,52.1,No
9.4,71.5,62.3,nan
10.1,67.7,90.9,Yes
7,113.6,66,Yes
12.2,45.7,,Yes
11.7,76,53.2,No
14.5,51,58.6,Yes
7.1,100.1,83.9,No
7.7,73.8,65.9,No
14,65.6,46.6,Yes
11.3,38.3,95.5,No
5.5,106.5,69.2,No
16.5,48.4,93.2,nan
1.5,84.7,54.9,No
13.9,93.6,62.4,No
3.7,118.5,,No
19.4,64,86.1,Yes
,57.9,80.6,No
15.8,66.5,28.9,No
9.6,63.2,,Yes
8.2,37.3,67.2,No
10.9,107.7,76.4,Yes
13.2,66.6,59.7,No
,71.8,,No
5.9,87.5,68.3,No
13.2,102.7,52,nan
1.5,51.8,55.2,Yes
7.1,82.2,,No
25.2,50.7,64.4,Yes
5.2,81.7,47.6,No
15.7,80.8,68.9,No
7.1,65.5,71.2,No
12.5,79.7,85.7,Yes
13.3,80,64.4,Yes
15.6,73.4,82,Yes
9,70.9,34.6,No
19.9,47.7,64.2,No
7.1,53.2,57.5,No
11.2,62.7,57.6,No
11.2,150,71.4,Yes
4.4,63.5,37.6,Yes
8.6,73.5,39.7,No
10.8,76.8,73.9,No
7.8,,67.8,Yes
22.2,78.1,54,Yes
5.8,77.4,84.5,Yes
15.9,85.7,80.4,Yes
14.3,56.7,70.2,nan
9.9,58.3,44.1,No
5.7,67.5,85.1,Yes
6.2,61.1,36.5,Yes
,39.9,48.3,Yes
1.1,86.5,77.2,Yes
5,55,42.6,No
2.6,111.2,85.7,Yes
16.7,,93.9,Yes
13.1,45,74.6,No
13.9,88.3,53.9,Yes
,75.7,45.5,No
10.8,80.8,42.2,No
17.3,,69.5,Yes
6.9,56.4,66.5,No
10.5,45.8,68,Yes
13.7,49.4,86,Yes
3.4,47.6,76.8,Yes
25.5,67.9,,No
10.1,,66.4,No
10.7,44.1,49.7,Yes
16.3,93.1,72.4,Yes
14.6,77.8,68.6,Yes
10.2,123.5,81.3,Yes
10.7,66.9,69.1,No
2.5,119.7,100.8,No
7.2,89.9,82.9,Yes
12.6,35.8,37.3,Yes
12.2,51.2,68.6,Yes
16.1,81.4,84.1,No
9.4,40,55.8,No
3.1,57.1,55.3,Yes
15.3,,90.2,Yes
17.2,117.8,50.3,No
14.5,97,73.9,Yes
9.2,68.2,63.4,No
15.2,105.2,75.5,Yes
27.1,,56.4,nan
10.6,101.2,55,Yes
-1,63.8,81.7,No
7.1,68.8,88.9,Yes
13.1,53.1,62.3,Yes
2,72.7,71.5,No
10.8,58.7,77.7,Yes
11.9,53.5,68,No
17.7,97.6,75.4,Yes
16.6,88.4,90.8,Yes
14.3,57.4,45.3,Yes
-0.8,93.9,80,nan
14.6,81.2,97.1,No
13.5,68.7,81,Yes
,106.8,46.4,Yes
1.3,81.1,89.8,Yes
6.1,110.6,64.8,No
4.2,86.3,74,Yes
-0.1,88,80.6,Yes
10,53.5,86.9,No
6,63.9,52.7,No
23.1,104.1,66,nan
9.2,98.2,69.3,No
16.5,67.8,,nan
2.2,47.9,76.8,No
,108.2,61.1,No
,96.3,66.3,No
5.5,52.1,57.6,Yes
7.9,52.1,73.7,No
8.9,111.7,56.2,No
8.8,64.8,64.4,No
19.3,,65.2,No
11.9,61.4,57,No
12.4,82.1,,No
12.7,47,75.3,Yes
13.1,79.8,64.6,Yes
9.6,,59.8,Yes
8.4,47,64.5,nan
10.8,47.7,77.6,Yes
15.8,48.5,97.3,Yes
15.6,89.4,39.2,No
8.8,89.5,71.4,No
13.8,71.7,57.9,Yes
9,62.4,,Yes
10.2,102.6,45.3,No
7.6,88.9,66.5,No
9.1,51.4,62.7,No
16.7,82,48.2,No
10.5,81,55.3,No
10.7,89.4,,Yes
2.8,130,67.3,Yes
8.5,,29.2,Yes
8.8,86.1,60.8,No
5.9,104.9,76.5,Yes
10.1,109.4,84.9,Yes
7.9,78.6,69.7,nan
10.4,48.8,73.2,Yes
10.6,39.1,46,No
5.2,91.5,59.9,Yes
8,81.9,46.3,Yes
10.4,77.6,62.2,No
15.9,80.7,99.4,Yes
11.3,94.6,86.9,No
6.7,85.9,76.9,Yes
12,82.7,69.8,Yes
18.5,63.1,61.2,Yes
14.6,95.8,74.8,nan
,,56,Yes
13.6,94.4,97.5,No
17.2,67.1,77.5,Yes
15.4,,79.5,No
12.8,110.3,57.6,No
15.3,,58.1,No
4.6,103.3,,Yes
2.5,,46.3,No
10.8,76.9,85.9,No
10.3,67.9,75.3,No
7.3,41.8,58.8,No
14.1,96.4,,Yes
0.7,86.4,86.9,No
7.3,85,,No
7.6,99.6,58.7,Yes
1.8,52.3,82.4,Yes
17.5,47.5,93.6,Yes
3.2,99.8,56.3,No
7.1,73.6,58.7,Yes
14.5,79.3,61.7,Yes
13.2,45.7,69.5,Yes
4.5,104.4,64.5,No
13.4,88.4,43.1,Yes
11.4,63.5,51.3,Yes
21.7,116.7,66.9,No
12,47.7,87.6,Yes
9.3,68.4,68.2,No
5.7,94.7,78.9,No
6.3,98.1,70.1,Yes
5.9,45.1,62.6,No
16.9,69.3,51.9,Yes
10.1,89.9,70.6,No
12.8,104.5,83.5,No
17.6,102.8,46,Yes
-1.8,89,73.6,No
16.4,76.8,56.6,nan
10.3,71.4,70.3,No
12.2,85,53.9,Yes
5.9,103.7,67.2,nan
6.2,70.7,50.8,Yes
12.4,69.5,79.5,No
,97.9,65.8,Yes
,96.2,91.8,Yes
16.3,65,69.6,Yes
,48.6,50,No
7,40.7,41.2,No
6.1,77.6,86.3,No
7.6,52.9,56,No
-0.3,92.9,50.2,Yes
6.4,40.7,85.2,No
7.2,107.3,58.5,Yes
9.1,68.3,78.7,No
10.7,59,70.3,No
11.8,64.2,36.3,No
9.9,57.7,74.6,No
7.1,105.3,50.4,No
0.2,88.4,46.5,No
7.1,76.9,31.8,No
5.1,50.9,47.7,No
,73.9,59.6,Yes
14.5,59.6,,Yes
14.7,22.4,67.3,No
13.8,61.1,78.2,Yes
9.3,87.1,39.5,No
7.4,66.5,33.8,Yes
6.3,72.1,102.2,No
2.5,95.8,64.1,Yes
15,92.2,73,No
9.1,114.2,43.4,No
3.8,31.1,75.2,No
5.9,58.2,80.7,Yes
5.7,93.2,36.4,Yes
10.2,83.6,72.3,No
15.3,77,72.1,Yes
8.3,62.9,27.6,Yes
-1.3,79.5,67.7,No
,78.4,55.2,Yes
9.2,38,71.9,No
8.9,79.3,75.5,Yes
6.9,64.7,72,Yes
11.1,91.8,60.4,Yes
10.3,81.9,58.5,No
9.9,114.1,68.2,Yes
12.1,75,,No
7.9,53.2,42.8,No
7.6,25.2,67.9,No
16.9,56.2,62.3,No
12.8,82.5,62.2,Yes
14.1,87.7,59.6,Yes
16.1,62.9,62,No
12.6,66.4,55.2,Yes
14.6,76.4,77.9,Yes
2.1,82.6,58.5,Yes
11,95.4,66.2,Yes
9.1,63.2,54.4,Yes
18.4,60.1,48.6,No
14.6,115.5,63.3,No
6.8,110.7,75.1,No
11.9,64.4,80.6,Yes
10.8,97.9,75.7,No
12.3,119.1,50.8,Yes
4.9,101.3,65.8,No
11.8,59.7,,No
,77.1,75.9,Yes
11.4,40,72.6,No
6.4,55.7,55.6,No
7.1,74.7,70.2,No
15.9,79.4,73.6,No
4.7,61.1,69.9,Yes
5.1,20,64.5,nan
9.7,78.9,55.1,No
6.1,89.6,59,Yes
5.6,90.3,97.5,nan
10.5,70.9,47.2,No
2.5,,93.2,Yes
5,79.9,93.1,Yes
20.3,83.2,45.5,No
12.3,73.1,,No
6.3,28.5,60.4,No
12.1,102.9,,No
12.8,65.7,55.9,Yes
15,50.5,75.5,No
9.4,67.1,68.8,Yes
14.9,77.2,73.3,nan
-0.2,62.8,62.7,No
4.7,64.2,61.6,Yes
10.8,68.5,53.8,nan
,82.2,72.2,Yes
5.4,59,80.3,No
11.3,81.7,47.8,Yes
6.9,47.4,76.8,No
8.6,115.1,69.1,No
15.1,96.4,47.6,Yes
14.5,,43.4,No
5,81.7,60.9,Yes
4.7,51.6,,No
7.9,86.2,80.6,nan
9.9,91.9,59.1,Yes
6.7,80.3,56.9,No
15.2,93,58.4,Yes
11.7,74.9,61.5,Yes
12,73,69.2,Yes
3.7,61.8,81,Yes
15.8,86.1,46.5,Yes
-4.1,58.3,70.9,Yes
14.2,83.3,44.9,Yes
14.7,81.1,80.7,No
7.8,101.9,41.7,Yes
16.4,86.7,83.4,Yes
9.7,39.9,79.2,nan
10.3,61.7,53.2,Yes
11.7,61.2,57,No
25.9,,36.6,No
16.7,,38.6,Yes
13.5,30.9,60.5,Yes
5.4,103.5,67.9,No
10.7,95,80.6,No
5.9,78.7,60.8,No
14.1,82,63,No
10.7,76.5,46.1,Yes
4.4,78.2,62.8,No
10.4,97.5,,No
5.8,70.5,73.8,No
10.8,87,64.3,Yes
5.7,57.6,79.1,Yes
10.1,85.7,65.3,No
13.8,69.5,63,Yes
9.7,83.6,77,Yes
8,57.7,77.1,No
11,84,60.2,No
13.5,74.1,,No
4.5,106.3,68.9,Yes
11.3,80.2,66.7,No
16.6,84.9,60.3,nan
12.9,66.2,71.7,No
10.3,81.2,78.1,Yes
13.2,84.5,66.4,Yes
12.3,67.9,68.3,No
13.8,66.4,48.2,No
-0.1,58.9,52.4,No
2.2,73.5,53.4,No
15,61.9,68.7,No
2.5,80.8,48,Yes
12,59.2,34.8,No
8.2,72.6,44,Yes
5,56.1,73,No
11.7,97.9,90.1,No
11,75.5,79.2,Yes
20.6,75.3,,No
6.9,86.9,52.1,Yes
17.2,110.5,,Yes
11.8,76.6,,No
6.7,45.2,62,No
14,98.6,71.8,Yes
12.8,47.9,50.2,Yes
10.2,65.1,47,Yes
11.3,98.9,76.7,Yes
7,68.3,51.4,No
5.9,63.6,,Yes
13.8,80.6,29.1,No
8.9,,78.8,No
9.6,61.1,84.7,Yes
11.4,92.6,60.1,No
11.3,,64,Yes
2.9,102.8,72.2,Yes
16.4,86,74.9,Yes
10.6,61,63.8,Yes
,49.9,56.2,No
12.2,28.7,62.6,Yes
11.2,95.7,59.2,No
13.8,78.9,68.6,No
12.7,66.6,48.8,No
13.6,36.3,82.5,Yes
16.8,51.3,94.6,Yes
14.4,39.7,54.1,No
9.2,103.8,53.2,No
4.4,87.7,52.2,Yes
18.3,48.9,57.9,No
8.8,107.7,91.1,Yes
7.6,60.6,56.4,No
1.3,82,66.9,Yes
11.7,82,58,Yes
10.7,73.1,34.2,No
2.4,68.9,56.7,No
12.3,75.7,64.3,No
7.5,,87.8,nan
23.5,80,38.7,No
7.2,80.8,79.2,No
7.8,64.5,,Yes
5.6,97,63.5,Yes
16.4,58.3,49.3,No
8.1,82.8,83.4,Yes
,68.2,70,No
13.5,57.6,64.3,Yes
3.1,69.5,63.4,Yes
13.1,61.8,78.9,Yes
18.9,88.2,52.1,No
12.8,73.1,86.3,Yes
13.2,102.4,97.8,No
14.4,56,60.3,No
18.5,31.1,84.3,No
16,82.9,56.1,Yes
12.2,109.5,47.9,No
14.5,84.8,56.2,No
5.6,56.2,71.1,No
13.9,54.5,61.3,Yes
5,115.5,71,No
8.2,67.4,68.8,No
-5.4,54.7,,No
12,98.8,46.5,No
6.8,72.1,64.4,No
15.6,34.5,44.3,No
12,116.7,65.9,No
15.6,86.7,69.9,No
4.6,44.8,30,Yes
15.2,102.9,83.9,Yes
20.5,54,59.8,No
13.8,52.8,72.5,No
14,57.2,55.1,Yes
10.8,113.8,58.8,Yes
7.4,115.9,89,No
13.8,64,44.6,No
2.5,109.1,57.3,Yes
,29.3,65.7,No
1.1,,27.9,No
6.5,102.3,51,No
13.2,105.1,77.1,nan
12.5,76.5,45.7,Yes
10.3,86.3,67.3,Yes
10.9,60.7,,Yes
0.6,75.5,72.5,No
8.1,71.7,49.1,nan
6.6,70.6,67.4,No
6.7,97.7,,nan
13,79.3,,Yes
5.7,108.9,78,No
7,80,52.2,No
-0.4,118.8,72.9,Yes
8.5,99.5,63.8,No
4.6,73.3,76.4,No
10.4,78.5,35.4,No
5.2,58.2,82.6,Yes
10.5,78.2,37.9,No
9.3,55.3,,No
18.4,101.6,,Yes
12.5,68.1,63.9,nan
,82.1,58.3,Yes
3.7,29.4,79.1,nan
10.3,69.7,,nan
5.4,67.6,50.1,Yes
-4.8,93.4,83.7,Yes
16.7,85.4,68.9,Yes
13.6,95.4,45.8,Yes
12.6,83.9,53.4,nan
7,99.6,49.9,Yes
12.1,83.4,47.2,Yes
6.5,47.5,63,No
11,73.2,63.9,No
5.4,74.2,71.4,No
17.6,9.7,73.4,No
2.1,54.7,77.7,Yes
16.2,115.8,80.3,Yes
10.2,69.5,72.3,Yes
7.6,72.9,70.3,Yes
10.8,31.4,79.5,No
13.7,48.1,71.2,No
16.8,84.7,50.7,No
11.6,65.7,44.1,No
5.5,52.8,49.6,No
10.3,100.9,69.7,Yes
19.1,61,60.4,Yes
16.7,49,68.4,No
14.5,75.8,61.1,No
14,58.7,,Yes
13.5,58.7,26.1,Yes
15.8,73.8,46.7,No
7.7,62.1,91.2,No
3.2,41.7,79.4,No
10.3,86.2,53.8,Yes
5.9,92.3,57,No
4.7,70,57.5,No
6.4,87.4,81.4,Yes
,67.6,78.6,Yes
10.7,36.8,79.5,No
11.8,150,49.8,nan
3.9,73,91.8,No
0.8,78,60.6,Yes
5.9,72.9,77.6,No
17.2,71.4,69.4,No
11.7,77.8,39.3,No
13,78.2,57.3,No
13.7,100.3,64.4,No
7,83.8,52.6,No
16.9,98.5,42.8,No
6.8,105.1,58.1,No
17,42.8,84.6,No
12.2,,,nan
1.1,88.1,56.7,No
6.3,84.8,68.3,No
1.1,94.8,44.6,Yes
15.8,69.7,64.7,No
,87.1,35.8,No
-1.1,53.8,47.1,Yes
11.9,46.8,76.9,No
7.3,85.6,55.9,No
2.6,73.6,58,Yes
18.4,74.9,63.3,Yes
10.5,59,87.9,Yes
8.5,82.8,9.7,Yes
8,66.5,50.8,Yes
2.4,74.1,100.4,No
,65.3,82.1,Yes
16.4,59,72.4,nan
7.6,70.9,68.5,No
10.1,98.7,60.8,No
-0.2,65.5,44,No
3.4,72.5,58.3,No
13,69.7,62.7,Yes
11.9,62.3,81.7,No
18.8,99.6,69.8,Yes
16.7,47.8,65.5,No
8.8,,54.7,Yes
12.4,58.1,57.5,Yes
8.4,86.3,38.4,No
20.3,,68,Yes
15.7,98.6,45.9,No
10.8,89.7,,No
,76.6,79.9,No
17.2,89.9,68.5,No
12.9,91.7,69.6,No
17.8,56.7,83,No
-1,90.5,74.8,No
,80.9,62.6,No
7.4,84.8,34.6,No
18.8,66.8,58.3,Yes
17.7,57.9,200,Yes
10.2,54.3,64.7,Yes
17.7,6.8,40.4,Yes
18.9,60.8,67.4,Yes
10.4,,75.7,Yes
22.4,91.4,59,No
9.8,81.4,,Yes
8.9,94.2,54.6,No
14.3,69.8,68.2,Yes
8.2,67.2,92.7,No
10.4,69.2,58.4,No
17,,47.3,No
10.1,61.9,75.7,Yes
,74.7,60.5,No
11.8,76.3,52.9,Yes
,101.5,53.3,No
14.3,95.5,68.1,No
13.5,45.3,65.2,No
,69.1,83.8,No
14.5,52.9,70.8,No
15.5,,79,nan
6.7,76.7,64.9,Yes
,86.5,71.9,Yes
19.8,76.4,63.8,No
6.6,83.7,,No
19,68.3,71.6,No
7.3,54.4,42.8,No
5.7,67.7,61.8,Yes
11.5,102.4,68,No
13.6,82.5,,No
14.6,44.6,77.1,Yes
5.2,77.6,57.4,Yes
12.2,,65.1,No
6.6,90.2,78.4,No
2.6,,43.7,Yes
5.4,45.2,50.4,No
6.2,77.5,93.6,No
12.6,68,59.3,No
15.8,86.9,77.5,No
2.6,58,81.1,No
11.8,57.7,45.5,Yes
4.1,74.9,,No
13.1,56.6,65.1,No
6.9,80.2,54.9,No
4.7,34.2,71,Yes
14,98.5,72.9,Yes
7.1,19.3,68.1,No
8.4,93.1,64.3,Yes
-1.1,63.4,73.6,No
14.7,46,82.9,No
14.1,78.4,84.5,No
,92.7,69,No
2.4,98.2,51.8,Yes
16,97.5,62.4,No
6.7,57.8,75.2,Yes
7.7,79.1,81.5,Yes
21.6,39.4,81,No
6.5,76.6,62.4,No
13.7,81.8,68.4,No
12.8,67.5,72.8,No
12,38.3,86.9,No
11.4,63.1,53.7,Yes
,113.1,71.9,Yes
11.4,82.8,57.3,Yes
9.7,65.3,82.5,No
17.6,71.8,64.5,Yes
3.4,82.7,68.6,Yes
15.1,44,52.4,Yes
14.1,45.1,58.6,Yes
13.5,60.3,94.8,No
15.6,64.8,74.2,Yes
9.5,110.9,67.8,Yes
0.7,76.4,85.6,No
9.6,64.7,87.6,Yes
5,76.1,64.4,No
6.3,34.5,53.5,Yes
3.8,56.9,62.7,Yes
7.6,60,59.6,No
7,54.6,66.5,No
-1.9,99.7,69.1,No
13.5,88.2,102.8,Yes
21.1,50.8,49.4,No
13,49.7,45.4,No
9,49.8,56.2,No
9.7,71.3,19.5,Yes
7.9,79,36.6,No
10.5,83.3,45.1,No
9.8,54.7,82,Yes
5.8,,44.7,Yes
18.4,73.9,39.5,No
2.6,98.9,52.3,nan
13.6,90.5,71,Yes
9.5,,57.3,Yes
19.5,37.3,59.9,No
11.7,72.8,56.4,nan
8.2,62.3,45.1,Yes
8.8,55.8,51.1,Yes
10.2,59.9,52.7,No
4.3,86.6,74.5,No
6.2,44.9,48.2,No
1.1,112,80.3,Yes
5.4,60.6,75.3,No
10.5,87.7,41.5,Yes
11.5,61.6,70.8,Yes
0.1,44.6,65.8,Yes
9.3,72.1,85.4,No
12.8,49.9,52.7,No
9.2,77.9,74.8,Yes
6.8,74.5,,Yes
7.9,61.1,38.8,No
7.3,78,84.6,Yes
6.8,95.8,54,Yes
10.9,72.8,72,Yes
21.5,60.4,61.7,No
6.3,83,62.1,Yes
8.4,83.8,52.9,No
9.7,69.3,56.1,Yes
6.6,102.5,71.7,Yes
15.5,69,86.3,No
-1.9,104.8,46.7,No
7.3,61.9,57,No
14.1,92,68.9,No
8.5,70.6,68.1,Yes
5.9,80.4,72.5,No
12.2,34.5,82.4,Yes
14.5,118.4,39.3,Yes
11.1,81.3,56.4,Yes
6,95.3,80.7,Yes
,47.4,62.3,Yes
8,78.4,47.7,Yes
13.7,71.4,46,No
17.4,53.8,64.8,No
-3,100.7,58.8,No
10.6,77.9,97.4,No
,73.9,62.6,No
22.2,87.5,,Yes
7.7,57.9,83.7,Yes
13.7,78.2,63.8,No
9.8,76.8,76.6,Yes
6,77.7,93.2,Yes
5.4,95.5,87.2,Yes
17.9,66.5,,Yes
14.8,64.4,75.9,Yes
19.7,62.7,85.2,No
10.3,61.9,50.7,No
11.4,97,45.4,No
8.7,73.6,95.2,No
8.6,95.5,46.2,Yes
4.8,80.4,99,nan
10.4,57.5,54.6,Yes
6.1,,51.5,No
12.2,46,76.9,No
10.9,57.2,40.9,No
11.4,95.4,103.6,No
18.4,101,93.9,Yes
9.8,76.9,88.1,Yes
,93.5,42.1,Yes
20.3,63.9,84.4,Yes
16.5,62.4,82.8,Yes
15.8,90.4,67.5,Yes
8.5,78.3,77.6,No
11.1,,74.3,No
3.4,76,46.8,No
12.5,67.5,58.4,No
11.4,70.7,60.5,No
10.1,81.1,42.2,No
15.1,,76.3,Yes
4,56.4,81.9,No
18.2,72.6,71.8,Yes
14.5,44.6,93.1,No
9.6,68,70.2,Yes
9.3,56.6,65.3,No
12.4,14.1,56.7,Yes
17.6,119.2,69.1,No
10.5,59.6,24.6,Yes
10.7,56.2,91.5,Yes
10.1,107.5,70.9,No
18.9,51.6,82,nan
8.2,46,82.2,No
9.9,70.9,76,Yes
17.3,65.1,,No
10.7,62.2,14.6,No
15.7,56.7,97.7,No
5.4,71.2,65.3,No
,107.7,59.9,No
17.4,42.8,61,No
6.6,91.8,58.1,No
9.2,105.7,64.8,No
11.3,62.5,63.9,Yes
5.1,82.5,66.8,Yes
7.9,72.6,61.4,No
10.6,40.6,78.3,nan
10.2,99.4,75.9,No
16.4,75.7,57,No
17.7,64.6,67.9,No
5.7,44.6,,Yes
10.6,85.4,74.4,No
13.4,78,90.3,Yes
17.6,87.1,78.3,No
13.6,86.1,,No
11.5,58.7,50.5,Yes
13.3,6.6,75.3,No
13.4,72.8,56.1,Yes
5.4,71.5,65.4,No
11,78.3,76.5,No
17.3,105.4,53,Yes
9,74,66.6,Yes
10.6,88.9,49.4,Yes
,82.5,60.1,Yes
-1.6,47.3,58.3,Yes
10.1,49.2,83.4,Yes
11.5,98.1,68.3,Yes
7.4,57.4,55.1,No
4.2,82.4,58.9,No
5.6,54.5,80.4,Yes
13.8,89.9,41.6,Yes
19.9,79.9,53,Yes
16.9,69,,Yes
3.3,,,Yes
14.3,,67,No
6.7,60.6,62.9,Yes
7.1,75.2,64,No
7.7,88.4,45,No
13.5,97.2,51.1,No
14.8,72.4,73.9,No
9.5,110.7,43.2,Yes
9.6,,61.1,No
12.3,,79.5,No
12.8,46.8,68.3,Yes
15.9,74.8,54.9,Yes
3.6,75.2,75.9,Yes
10.1,77.5,54.3,Yes
4.7,61.6,,No
9.7,,53.4,Yes
8.9,105.2,42.8,No
9.8,52.1,63.3,No
6,73,83.2,Yes
2.6,76,82.2,No
-0.5,88.7,76.1,Yes
9.3,44.5,75.8,Yes
7.8,40.7,,No
6.6,50.6,62,Yes
16.6,105.1,46.4,Yes
5.7,61.9,67.5,No
17.1,,79.1,Yes
18.1,,78,No
0.2,71.4,68.5,Yes
10.5,91.5,70.1,Yes
8,50.4,44,Yes
-4.6,65.6,88.4,Yes
,30.7,63.3,No
13.9,77,33.4,No
20.1,59.2,62.9,No
14.5,118.8,66.2,Yes
11.6,76.2,73.1,Yes
9.9,91.4,63.9,Yes
18.4,88.1,56.3,No
,73.4,57.1,Yes
7.1,94.8,65,Yes
0,,62.3,No
-0.5,84.5,94.9,No
16.6,122.2,60.1,Yes
9.8,78.8,53.5,No
10.9,64.4,81.3,Yes
1,60.8,65,Yes
6.2,73.3,78.7,No
8.5,77.3,63.7,Yes
11,76.2,75.8,No
8,43.4,83.9,Yes
4.8,29.7,86.4,No
6.1,55.6,76.4,No
16,76.2,33.9,No
11.2,76.3,42.3,No
13.1,84.1,69.5,No
5.5,82.3,43.1,Yes
-4.8,65,200,No
7.4,54.6,78.5,No
5.7,85.4,55,Yes
11.7,79.5,56.5,Yes
26.4,53.1,59.1,No
13.5,87.5,83.2,Yes
23.7,94.1,83.9,Yes
12.8,90.8,100.1,Yes
6.9,94.3,77.8,Yes
11.7,60,88.7,No
18.9,92,54.4,Yes
19.1,71.8,43.9,No
,115.9,74.1,No
11.3,92.9,62.1,Yes
2.9,83.6,90,Yes
14.1,109.3,59.2,No
17.8,64.9,55.8,Yes
10.2,86,60.6,No
6.7,119.7,64.4,Yes
11.8,91.3,65.5,No
12.1,78,67.3,Yes
10.4,69.6,85.2,Yes
10.9,55.6,47.7,No
9.1,69.2,78.3,No
15,58.6,75.5,No
13.7,70.4,69.8,No
5.1,72.8,71.7,No
4.9,94.8,58.3,No
8.7,66.8,44.1,No
13.7,63.1,70.7,nan
10.7,92.7,57.9,No
6.8,88.9,73.7,Yes
11.3,70.1,60.2,Yes
8.3,87,77.8,nan
14.4,69.8,80.9,No
11.7,70.7,78.9,No
8.4,,83.8,Yes
11.2,72.2,64.8,Yes
16.6,66.9,80,No
7.2,75.4,59.5,Yes
12,35.7,56.8,Yes
9.6,71.6,66.2,Yes
12.1,80.1,84.7,Yes
6.7,114.6,62,Yes
10.6,,78.6,No
15.5,83.8,50,Yes
5.3,81.9,36.9,Yes
3.4,120.4,57.7,No
3.5,95.1,64.2,No
4.1,46,79.9,No
13,99.6,61.5,Yes
3,56.1,89.2,Yes
8.5,61.9,72.5,Yes
13.1,49,61.5,No
12.1,111.4,68.5,Yes
8.1,98.7,49.2,No
11,99.6,61.6,Yes
10.5,95.7,62.3,Yes
8.9,88.8,67.9,No
8.9,68.6,60.6,No
21.2,79.1,72,Yes
14,64.7,40.9,Yes
22.4,58,81.6,nan
7.5,62.2,64.7,No
9.6,122.1,76.5,No
3.3,67.4,80.6,Yes
6,95,,nan
19.5,116.5,78,Yes
7.4,90.6,70.4,Yes
19.6,59.2,69.8,Yes
3.8,60.3,57.7,No
4.7,77.4,83.1,No
8.3,120.1,66.6,Yes
9.7,103.5,85.9,No
14.6,85.7,48.3,No
12.3,70.9,56.1,No
7.9,82.6,48.5,Yes
9.3,78.8,81.3,Yes
8.4,,74,Yes
5.4,57.5,41.9,No
5.6,57.1,52.3,No
,,48,No
0.9,51.8,80.4,No
18.1,62.5,83.1,Yes
8.3,,58,No
6.1,81.6,34,No
13.7,97.3,35.3,Yes
17.4,49.9,84.7,Yes
15.6,50,83.5,Yes
12.5,,88.4,No
,,63.1,No
1.4,54.1,34.2,Yes
7.4,58.1,72.4,Yes
5.4,85.9,57.7,Yes
,76,91.6,Yes
8.1,76.1,75.3,No
14.2,59.4,68,Yes
12.7,89.4,59.1,nan
5.7,70.3,85.1,Yes
7.1,69.6,54.3,No
16.5,52.4,44.2,No
6.1,90.8,66.2,No
10.6,67.8,81.3,No
6.1,74.1,89.6,Yes
8.4,98.8,41.4,Yes
9.8,54.1,84.1,Yes
6.1,73.3,64.1,Yes
5.2,43.8,77.1,No
11.4,64.5,43.6,Yes
5.8,100.8,59.2,Yes
5.9,44.2,74.7,No
5.3,79.7,65,No
9.6,107.1,63.2,Yes
14.7,86,59.9,Yes
17.5,63.3,65.1,No
6.4,52.8,65.3,No
,36.4,48,Yes
5,106.2,56.6,No
15.4,66.6,73.9,Yes
6.4,39,63,No
5.6,54.6,72.4,nan
6.3,53.4,62.5,Yes
9.7,65.1,56.4,No
12.9,122.8,80.3,Yes
13.3,93.5,74.6,No
5.3,84.7,63.4,Yes
5.1,98.9,76.6,No
5.4,111.7,74.3,Yes
-1,85.6,56.4,No
8.9,103.8,67.5,No
5.2,62.2,70.7,No
11.3,57.7,72.3,No
21.3,54.4,91.4,nan
7.5,80.9,74.7,No
7.8,22.4,74.9,No
12.8,101.5,48.7,Yes
7.2,,104.8,No
13.3,91.5,45.7,No
6.4,47.2,56.7,Yes
19.2,97.2,57.4,Yes
11.7,102.7,60.3,No
6.9,77.1,51.8,No
7.1,85.6,40.7,No
7.4,54.5,82.7,No
16.9,75.9,57.3,Yes
3.7,,33.2,Yes
6.7,68.9,60.7,No
7.2,105.5,71.7,Yes
9.9,39.3,,No
8.6,68.4,74.3,Yes
2.5,36.6,69.7,Yes
8,81.3,51.9,Yes
9.5,70.7,69.3,No
6.9,71.5,89.4,Yes
13.4,89.8,65.8,No
14.6,69.3,57.5,Yes
9.6,131.1,52.7,No
11.2,91.2,92.2,No
-0.8,75.6,61.9,nan
7.9,61.5,61.4,Yes
15,56.8,78.2,No
7.9,83.7,73.6,No
6.3,64.5,44.3,Yes
21.4,94.8,68.1,No
19.1,73.4,57.7,No
12.3,73.4,82.7,No
15.7,77.3,47.7,Yes
-1.1,72,76.9,No
6.1,80.5,35.6,Yes
7.7,116.4,,Yes
8.8,85.8,76.6,Yes
7.6,83.5,51.5,No
-2.8,,78,Yes
11.9,72.8,63.1,No
12.7,55.7,32.2,Yes
18,14.6,69.5,Yes
6.1,34,52.9,No
5.6,90,79,Yes
-3.4,82.4,84.7,Yes
8.5,72,58.8,Yes
14.5,122.2,48.7,Yes
6.9,,64.6,Yes
20.7,27.8,76,No
8.7,90,55.9,Yes
10.7,98.2,71.9,Yes
3.2,89.4,78.4,Yes
11.4,98.5,81.9,Yes
0.1,39.8,70.7,Yes
13.5,76.9,39.1,nan
13.6,58.4,60.6,No
16.8,85.5,,Yes
4.9,105.4,66.3,No
,67.6,26.4,nan
12.8,88,53,Yes
,57.5,62.3,No
5.7,74.6,71.6,No
-2,64.7,98.9,No
11.7,111,74.9,Yes
9.2,53.4,50,Yes
7.2,76.8,52.5,Yes
13.8,102.4,54.8,Yes
9.8,36.1,59.1,Yes
3.4,83.6,68.4,Yes
0.3,77.2,50.8,No
4.4,61.4,,Yes
22,99.3,62,Yes
13.6,109.3,70.1,No
10.9,88.2,58.9,Yes
9.1,69.1,53.5,No
,46.1,54.4,Yes
15.8,78.6,70.9,No
7.5,71.9,54.1,No
,73.1,75.5,No
8.3,65.1,70.5,Yes
19.7,63.3,48.7,No
,75.6,83.6,No
16.2,50.4,,No
7.1,95.7,55,No
15.3,59.7,92.4,No
8.4,77.2,64.8,Yes
10.6,68.5,70.4,Yes
18.2,88,65.2,No
,86.9,86.6,No
11,85.1,91.7,No
12.2,,68.9,No
12.6,71.2,66.1,No
7.7,107,79,Yes
20.4,68.2,57.8,No
3.5,96,68.7,Yes
17.3,74.8,55.2,Yes
16.1,68.8,93.4,nan
19.5,78.7,81.3,Yes
2.1,58.4,91.7,Yes
5.7,93,57.6,Yes
17.5,57.9,78.6,Yes
0.6,86.1,71.4,Yes
2,96.6,69.6,No
7.6,83.5,89.8,No
11,,51.3,Yes
18,78.7,55.9,Yes
,60.3,57,Yes
7,70.8,43.3,Yes
11.6,64.5,35.1,Yes
12.3,59.8,62.5,Yes
12.2,,76.2,Yes
9.1,94.7,61.7,No
0.2,96.1,52.7,Yes
5.4,79.8,83.2,Yes
17.1,104.4,48,No
10.9,61.5,37.3,No
,100.7,42.1,No
15.6,93.2,88.5,No
,75.8,62,No
8.9,,84.1,Yes
10.7,95.7,83.3,Yes
7.8,88.2,36,No
10.5,80.2,,Yes
9.1,66,76.6,nan
3,56.5,48.9,No
10.9,77.2,,No
3.4,,72.5,No
10.8,89.6,47.1,Yes
16.9,39.5,69.3,Yes
8.6,81.1,76.3,Yes
4.1,69.5,78.3,Yes
9.4,66.2,77.1,No
5.8,69.5,84.2,No
13,17.4,49.9,No
9.3,66.2,90.3,No
18.5,,57.3,No
15.8,57.9,48.8,No
9.2,137.4,81.1,Yes
13.6,47.2,74.3,Yes
8,82.9,39.4,Yes
10.2,59.1,78.1,No
8.2,56.8,69.3,Yes
13.8,48.1,65.5,No
17.2,97.6,57.9,No
14,99.1,,No
14.6,62.6,88.7,No
14.6,93.2,74.7,Yes
12.8,54.3,46.3,Yes
4.3,,,No
18.5,88.6,52.6,No
19,55,79.4,No
,60.2,60.1,No
8.1,75.5,74.3,No
13.1,75.7,56.1,No
12.8,53.4,86,Yes
9,119.7,47.7,Yes
3.7,,61.7,No
11.5,94.1,61.4,Yes
12.8,86.9,75.3,Yes
13.6,58.9,,No
11.7,84.3,87.2,Yes
8.6,58.2,84.5,Yes
15,76.4,54.5,Yes
10.3,91.5,65.7,No
7.7,63.8,64.9,No
9.1,83.2,56.9,No
1.3,63.5,41.9,No
9.1,78.5,64.7,No
,77.1,78.1,No
11.7,67.7,67.9,Yes
17.6,38.4,70.1,No
8.7,90.6,86.5,No
12.4,114.8,51.9,Yes
14,77.8,53.1,No
21.7,62.7,58.6,Yes
10.7,79.2,81.2,Yes
4.8,97.9,78.4,No
14.2,100.6,69,Yes
19.3,93.2,86.4,No
8.4,83.9,51.1,Yes
14.2,88.5,58.7,No
16.1,77.4,70.4,Yes
15.1,55.9,61.9,Yes
,67.4,77.7,No
,68.5,90.9,No
9.6,80.9,63.6,No
12.3,39.7,71.1,No
14.5,85.2,78.9,Yes
11.7,34.7,76.5,nan
8.1,83.2,91.6,No
12.8,98.4,71.3,No
14.3,92.9,65.8,Yes
11.9,57.1,50.4,No
5.8,87.5,70.3,No
9.1,89.1,51.2,Yes
14.7,109.1,50.6,Yes
3.1,82.3,71.2,No
-0.5,95.5,60,No
17.5,66.3,28.7,Yes
12.6,58,99.8,Yes
,92.3,43.2,No
4.6,92.6,61.2,Yes
13.7,62.3,47.2,No
11.4,50.8,61.2,No
2.1,77.5,58.4,No
17.1,75.9,54.9,Yes
10.8,79.7,63.6,No
8,92.7,49.1,Yes
8.1,95.6,73.1,Yes
-0.1,75.2,71.5,Yes
13,55.1,66,No
11.3,60.5,73.1,No
9,63.1,80.5,Yes
16.4,72.6,43.9,No
3.1,64.7,89.1,No
7,70.1,90.1,No
5.7,76.5,77.9,No
8.6,62.1,60.1,Yes
10.3,81.4,96.9,No
12.2,111.6,,Yes
8.3,71.7,42.6,No
5.6,61.4,59.4,Yes
18.4,81.1,74.1,No
22.1,59.1,46,Yes
10.7,72.1,81.5,No
6.2,61.4,62.1,Yes
17.4,53.6,50.2,No
2.8,57.4,,Yes
8.3,61.8,56.7,Yes
6.5,54.2,39.2,Yes
,100.6,64.4,Yes
8.6,83.6,58.7,No
5.7,93.8,66.7,No
10.1,47.8,48.8,No
10.1,69.1,67.4,No
6.9,83.4,101.2,No
8.1,108.1,46.3,Yes
8.8,59.9,66,Yes
14,49.3,69.8,Yes
9.3,78.8,66,Yes
14.1,61.5,64.6,No
12.9,109.1,66.2,No
12.9,85.8,58.6,No
16.9,69.3,90.2,Yes
4.4,,71.2,Yes
7.6,72.5,55.7,No
18.8,38.5,83.2,No
8.7,75.8,54.1,Yes
-4.1,65.3,48,No
9,87.7,58.7,Yes
10.7,57,86.5,No
-3.1,88.7,48.2,Yes
16.7,85.9,60.7,Yes
6.4,78.2,56.2,Yes
11.6,100.1,77.8,Yes
8.9,37.3,48.9,Yes
3.6,83.9,74.5,Yes
4.6,,45,Yes
5.3,73.5,81.4,Yes
15.4,55.4,73.4,nan
9.3,46.6,76,Yes
,92.8,67.7,nan
5.3,90.8,49,Yes
16,111,76.9,Yes
,114.3,73.8,Yes
15.9,44,53.6,nan
12.5,71.9,46.4,Yes
11.4,,66,Yes
3.9,94.2,67.2,No
8.8,103.5,76,No
6.6,54.4,55.6,Yes
0.9,64.2,70.8,No
15.3,102.4,79.7,Yes
6.5,41.5,33.8,Yes
16,53.5,30.1,Yes
14.4,83.8,67.7,No
12.8,,69.3,No
13.1,41.5,55.6,No
6.9,76.2,42.8,Yes
19.3,86.1,92.3,Yes
10.2,104.4,200,Yes
11.5,83.9,66.7,nan
,38.2,57.5,No
5.3,49.3,62.7,nan
12.4,102.4,60.9,No
11.1,83.8,85.6,Yes
6.1,52.5,102.2,Yes
2.8,84.9,53.2,No
3.7,81.1,81.4,No
16,,89.2,No
6.9,33,52.6,Yes
8.3,,56.6,No
17.3,115.7,47.1,Yes
4.4,80.3,56.1,Yes
6.4,26,52,No
6.2,42.8,61.7,No
18.1,87.5,45.9,No
20,89.7,74,No
13.8,71.1,77.6,No
13.9,65.3,58.5,nan
7.1,90.9,48.9,No
19.7,97.1,68,Yes
11.3,88.9,,No
14.3,55.9,54.4,No
9.5,93,58.7,Yes
8.7,67.9,58,Yes
18.3,63,76.9,No
12.7,62.2,68,nan
17.3,75.4,37.6,Yes
11.3,86.4,100.8,Yes
5.8,34.6,58.5,No
7.1,60.4,76.3,Yes
10.5,65.8,65.9,No
6.9,95.7,57.5,No
4.5,57.7,79.3,No
16,68.4,92.1,No
7.3,91.2,48.2,No
10.7,75.8,53.3,No
11.5,105.7,88.2,No
7.1,,96,No
17.3,112.7,70.6,Yes
4.4,116.3,85.2,No
11.3,84.2,57.9,Yes
11.2,83.4,40,No
9.7,86.2,64,No
3.5,91.3,86.4,Yes
14.4,77.5,54.2,No
13.7,,89.3,No
6.6,85,83.7,No
13.5,102.7,67.6,Yes
11.9,45.9,108.1,No
3.6,79.3,62.7,No
5.7,95.3,45.5,Yes
15.7,52.2,60.1,Yes
11.5,83.6,,No
7.2,87.2,55,No
5.7,109.6,54.7,Yes
7.4,68.2,,No
7.8,79.2,77.8,No
5.8,63.9,69.5,No
1.3,72.2,64.4,Yes
15.7,107.4,56.5,Yes
14.9,74.4,54.3,Yes
3.6,60.8,61.1,No
10.7,71.3,46.2,Yes
5.5,64.6,56.1,Yes
8.7,66.2,69.6,Yes
8.3,64.2,47.7,Yes
7.9,65,34,No
20,51.3,58.1,No
7.8,76.4,47,No
6,55.4,57,No
6.2,97.8,77.7,Yes
,68.8,77.6,Yes
1.7,83.2,64.1,No
6.2,83.2,73.7,No
17.2,38.3,94.5,No
11.2,69.7,61.2,Yes
11,109.4,50.5,Yes
20.7,59.5,75,No
11.2,120.4,57.4,No
6.5,,48.7,No
8.6,85.3,61.3,Yes
4.3,79.8,,No
16.3,95.9,70.4,Yes
12.9,97,44.2,Yes
15.6,74.6,71.5,No
16.1,66.4,43.1,No
7.9,46.5,45.6,No
5.3,91.3,85.1,Yes
9.7,76.3,39.2,Yes
5.6,58.1,28.9,Yes
10.8,63.4,71.6,No
15.7,73.6,56,nan
9.2,55.4,59.1,Yes
10.7,76,87.3,No
9.5,42.6,81,Yes
14,64.4,79,No
6.7,51.8,65.4,No
-1,79,72.7,No
12.4,55.4,57.7,No
14.9,63.8,55.9,No
12.2,120.2,64.9,Yes
6.8,92.3,,No
4.3,87,88.3,No
12.5,101,81.1,No
10.7,85.2,75.1,No
9.4,46.9,63.3,nan
19.1,48.7,61.1,Yes
5.3,20.8,,Yes
18.9,79,67.7,Yes
10.2,53.8,48.9,Yes
0.8,63.6,59.4,No
9.1,68.6,65.4,Yes
14.8,62.8,74.6,No
8.2,74.3,64,Yes
2.6,69.3,93.9,No
9.2,,55.8,nan
5.7,44,68.7,Yes
12.5,79.8,63.2,Yes
13.9,118.5,71.2,nan
4.7,80.5,65.1,No
6.5,120.4,60.4,Yes
13.8,63.6,73.3,Yes
5.7,69.9,52.7,Yes
4.6,74.6,45.3,Yes
4.1,71.6,79.4,No
11.8,98.3,65.3,No
11.5,31.2,87.6,No
6.6,65.9,65.1,Yes
10,108.3,43.2,No
17.6,65.1,71.3,No
5.1,93.6,38.1,No
0.2,87.1,40.9,nan
12.3,73.5,65.3,Yes
9.4,81.3,68,Yes
6.4,73.3,67,No
13.3,32.5,53.6,Yes
14.2,84.2,53.1,No
-1,,105.5,Yes
6.7,47.5,48.1,Yes
21.6,82.7,52.9,No
12.9,81.4,86.8,Yes
13.4,94.6,52.9,Yes
15.9,69.8,61.1,Yes
10.1,92.2,65.6,Yes
14,75.4,59.8,Yes
13.6,81.9,82.2,No
12.7,83.6,80.2,Yes
8.4,48.4,76.7,Yes
10.9,82.5,86.8,Yes
7.1,77.1,63.2,Yes
10.1,69.6,,Yes
4.2,77.3,72.1,Yes
6,126,51.4,No
8.6,36.6,72.4,No
5.3,,58.4,Yes
7.5,91.2,42.4,Yes
9.2,50.1,42.4,No
12,82.4,50.5,No
14.7,,,Yes
7.7,43.2,24.2,No
16.7,63.3,61,No
,110.7,73.2,Yes
12.5,43.2,62.8,No
10.8,66.2,59.8,No
11.6,71.7,52.9,No
15.9,,87.1,No
16.1,66.7,58.2,No
16.7,76.6,46.6,No
10.2,74.3,57.6,Yes
12.8,89.2,69,No
16.7,91.9,53.5,Yes
6.9,83.8,71.2,Yes
8.4,79.7,64.4,No
10.1,43.7,70.5,Yes
,77.3,86.1,No
14.6,97.3,38.2,Yes
8.8,42.8,58.7,No
2.5,48.7,51.7,Yes
11.2,104.8,54.1,No
,45,66.8,No
2.6,72.9,64.7,Yes
3.7,64,39.5,No
11.6,103.6,47,nan
16.8,81.1,81.6,Yes
10.2,90.8,44.5,Yes
11.1,76.1,75.3,Yes
15.9,114.9,36,Yes
2.3,60.1,40.6,No
12.6,81.9,72.7,No
9.9,100.1,87.4,Yes
12.8,,79.5,No
7.6,69.6,57.2,No
5.9,34.5,53.7,Yes
10.7,67.3,71.4,Yes
18.2,109.9,40.5,No
14.3,150,71.6,Yes
7.5,80.8,56.6,Yes
3.3,68.9,89.4,No
,73.6,,No
16.6,101.2,62.4,No
5.2,80.1,68.4,Yes
8.4,115.8,59.6,No
16.6,94.5,72.4,Yes
1.9,77.6,51.7,nan
17.5,73.1,81.1,Yes
8.7,81.6,59.6,Yes
4.3,50.3,,No
8.8,53.8,76.5,Yes
6.4,90.1,67.3,No
12.2,93.4,75.4,No
6.8,48.5,58.3,Yes
0.4,92.2,74.7,No
8.9,,41,No
3.2,58.4,,Yes
11,68.7,,No
4.1,,36.6,No
7.6,87.2,66.3,No
10.9,80.9,96.8,Yes
8.9,82.6,54.3,No
-1,52.2,65.7,Yes
,85.9,,No
4.2,65.9,81.2,Yes
9.7,115.4,61.7,No
-6.6,67.4,64.8,No
11.2,119.5,61.8,No
8.5,71.8,,nan
5.1,73.1,46.6,No
11.6,69.1,67.7,Yes
15.9,49.8,61.1,No
7.6,101.5,42.7,No
5.3,76.9,37.4,Yes
10.8,87.5,62.5,No
3.3,107.3,60.5,Yes
6.7,72.4,45.2,Yes
16.1,,77.4,Yes
10.3,77.9,57.2,No
0.6,49.3,73.4,No
1,38.4,52.4,Yes
10.8,44.9,59.4,Yes
14.3,99.8,55.9,No
1.9,68.5,59.3,No
12.2,90.7,68.4,No
16.7,69.8,60.9,Yes
19.4,43.4,74.4,Yes
11.7,,47.6,No
,57.2,54.1,Yes
-0.7,86.6,70.1,nan
20.5,93.5,78.5,Yes
7.1,74.1,66.3,No
5.3,84.5,76.2,No
8.7,46.5,51.6,Yes
,133.5,57.7,Yes
21,83.8,73.6,No
10.6,90.6,59.6,Yes
15,93.7,58.1,No
10.2,72.2,59.2,Yes
4.8,76.6,46.9,Yes
17.4,96.7,49.2,No
6.9,67.6,54.7,No
17.7,82.8,86.4,Yes
16.5,84.4,58.6,No
13.1,60.3,59.7,Yes
19.1,83.9,75,Yes
21.2,41.1,64.9,No
9.1,93.4,57.8,No
6,106.4,63.7,Yes
0.7,93.1,51.4,No
21.2,104.9,47,No
7.8,59.8,79.5,Yes
15.7,70.5,69.7,Yes
,77.5,35.9,Yes
17.7,77.6,77,No
6.5,66.3,61.8,Yes
4,56.7,61.1,Yes
9,109.5,78.8,Yes
7.3,58.3,50.2,Yes
13,108.1,65.8,No
9.7,84.9,86.5,Yes
13.1,79.1,60.6,No
8.5,85.9,58.7,No
6.7,105.5,89.7,No
7.1,22.5,56.8,Yes
20.2,82.2,75.4,No
11.1,78,45.8,Yes
0.1,78.7,76.9,No
7.4,93.8,56.7,Yes
10.5,62.8,,No
19.2,52,56.8,No
15.1,47.3,72.9,nan
5.4,56.9,36.1,No
22.1,88.7,,Yes
9.8,85.1,66.2,Yes
,92.7,50.2,Yes
4.2,65.8,65.5,No
-2,66.7,105.1,No
3,108.1,49.7,Yes
-6.3,95.4,,Yes
20.6,90,56.1,No
,38.5,83.1,Yes
5.4,114.2,69,Yes
12.3,73.2,57.5,nan
10.9,78.5,66.9,Yes
13.1,84,90.4,Yes
16,78.3,57.8,Yes
8.6,71.6,78.4,Yes
5.6,77.9,,Yes
14.1,87.7,71.2,No
14,92,63.6,No
10.5,99.4,82.9,No
20.9,53,64.2,No
7.8,64.1,84.1,Yes
5.5,92.1,52.9,Yes
12.1,43.6,47,Yes
6.6,78.2,50.5,No
12.5,59.3,72,No
5.8,86,48.8,Yes
8,58.1,31.6,Yes
19.5,67.8,59.9,No
8,69.2,67.4,No
6,79.9,58.2,Yes
15.9,94.2,48,No
4.7,95.6,82.5,No
,79.1,77.2,nan
12.9,52.8,70.1,No
14.7,126.6,84.5,Yes
16.1,73.3,51.5,No
6.3,80.5,,Yes
13,79.8,82.6,No
7.7,82.1,67.4,No
7,58.1,90.5,Yes
16,83.8,38.7,No
,,37.7,Yes
11.4,34.8,57.6,No
10.8,75.6,73.8,Yes
4.6,52.6,75.7,No
14.8,94.8,61.4,No
12.8,97.8,80.5,No
0.1,72.4,71.2,Yes
11.4,76.2,66,Yes
6.1,57.4,85,Yes
15.5,27.8,66,No
2.8,69.6,54.1,No
8.2,70.7,61.7,Yes
11.8,75.9,49.7,No
10.3,9.4,62,No
-1,40.5,52.7,No
2.4,45.3,45,Yes
18.3,76.7,57.8,Yes
12.6,,42.4,Yes
16.8,51.7,76.2,No
14.4,150,74.5,No
9.9,63.4,80.2,Yes
3.6,115.6,57,Yes
,67.3,71.8,Yes
17.9,66.5,47.9,Yes
16.9,,56.4,Yes
6.9,37,80.4,No
-4.1,87.9,82.6,No
8.9,69.7,66.9,Yes
8.6,67.2,75.2,Yes
8.8,78.6,61.5,No
12.6,43.4,80.1,Yes
14.4,110.4,51.3,No
15,38.6,66.8,No
12.2,110.5,82.8,Yes
1,74.7,57.4,No
8.3,67.3,64.8,Yes
21.5,88.4,71.5,No
11.9,68.1,79.1,Yes
11.8,93.6,53.9,Yes
11.8,81.2,70.6,Yes
12.1,89.3,79.7,No
-1.9,95.8,79.6,Yes
8.8,71.5,64.4,Yes
9.8,94.3,59.8,No
16.4,85.4,64.8,No
10.2,101.7,54.4,No
1.8,67.7,73,Yes
12.2,102.3,67,Yes
6,59.5,28.4,Yes
3.9,34.9,70.5,Yes
5.8,47.7,57.7,Yes
12.7,68.4,,No
16.3,80.3,87.8,Yes
12.4,75.3,51.3,No
13.2,90.7,59.1,Yes
12.4,51,61.5,Yes
10.5,109.5,45.5,Yes
13.5,101.9,66.5,Yes
-2.1,93.7,71.5,Yes
10.6,100.3,59.2,nan
4.8,43.9,73.3,Yes
15.8,89,87.3,Yes
9.3,89.8,54.6,No
10.2,94.3,62.7,No
2.5,91.9,60.6,Yes
15.1,83.9,91.6,Yes
13.1,83.1,73.6,No
12.8,98.8,81.1,Yes
5.9,62.5,,No
6.1,82.3,92,nan
11.1,63.9,80.1,No
6.5,72,51.6,No
12.2,21.6,47.1,No
-0.8,57.6,65.9,nan
7.6,66.3,,Yes
19,66.5,59.5,Yes
12.2,68.3,54,Yes
10.8,51.3,79.5,No
19.9,68.4,70.4,Yes
-1.7,96.7,63.8,No
5.9,69,54,Yes
,101,64,nan
14.3,99.7,53.7,Yes
14.4,63.3,78.8,Yes
,86.4,76.2,No
15,48.7,50.8,nan
8,53.9,,Yes
16.1,77.2,84.6,No
4.8,85.2,77.1,No
9.4,107.3,75.4,Yes
7.5,71.7,82.1,No
15.3,78.5,50.5,No
7.4,77,61.8,Yes
9.8,110.9,93.4,No
12.5,101.8,87.8,No
,82.7,73.8,No
,90.9,68.1,Yes
11.1,82,,Yes
7.9,96.5,63.9,nan
8.3,92.2,54.6,nan
10.1,69,52.9,Yes
11.2,77,97.8,Yes
9.3,,56.2,Yes
,78,80.7,No
2.4,64.8,32.7,Yes
,81.7,57.2,Yes
10.9,64.8,63.3,No
15,63.3,56.8,Yes
10,,53.5,Yes
1.3,,79.1,Yes
8.2,99.5,70.2,No
9,89.2,56.8,Yes
13.7,97.2,55.5,No
-0.4,110.5,44.7,No
10.2,63.3,48.4,nan
12.6,89.2,49,No
6.7,90,58.3,nan
10.4,80.1,111,No
6.9,92.9,56.8,nan
6.4,76.8,58.3,Yes
8,88.4,56.7,Yes
6.4,46.7,71.8,Yes
13.4,75,45.9,Yes
6.3,89.2,49.9,No
5.5,95.6,81.4,No
18.8,57.8,69,No
14.8,73.4,67.6,Yes
0.7,53.7,78.3,No
6.2,67.2,65.6,Yes
11.2,81.3,47.1,Yes
11.6,95.7,72.4,No
2.5,93.1,73.5,Yes
15.8,79.5,42.2,No
14.1,62,69.6,Yes
12.4,72.2,74.8,Yes
16.8,125.7,75.4,No
12.3,47,77.6,No
12.2,50.8,71.2,No
17.8,78.5,80,Yes
15.5,,50,Yes
5.8,92.3,88.2,Yes
13.2,80.8,,Yes
6.7,44.6,77.9,Yes
12.5,70.6,50.7,Yes
12.4,39.7,83.7,No
3.1,82.9,75.8,Yes
9.4,84.1,56.7,No
11.3,72.5,60.9,Yes
7.8,51.3,58.3,No
11.6,58.6,76,No
14,42.5,43.9,No
9.8,74,61.5,Yes
11.1,138.4,72.3,Yes
16.9,73,36.4,Yes
12.4,66.6,45.6,Yes
11,79.3,,No
5.2,52,36.6,Yes
13.4,52.7,50.5,No
11.7,62.6,89.7,Yes
16.4,92.7,70.6,No
10.2,81.7,84.3,No
0.9,71.8,53.2,Yes
1.5,90,44,No
,109.2,66.5,No
7.1,89.7,71.6,Yes
,54.6,40.2,No
,37.3,65.1,Yes
9.2,40.1,52.5,No
9.5,92.4,66,No
5.7,59.8,80.2,No
9.9,91.4,60.9,No
7.1,,82.7,Yes
8.1,82.8,,Yes
8.4,89,78.6,No
8.9,59.3,78,Yes
14.6,,74.6,No
9.4,61.8,68.3,nan
15.1,61,91.4,Yes
17.7,91.4,68.2,Yes
14.3,87.6,76,Yes
12.7,84.2,43,No
11.6,52.9,76,No
14.3,,80.3,No
10.4,88.8,59.1,Yes
14.9,120.7,83.9,Yes
13.1,111.2,50.2,Yes
8.2,65.6,50.7,nan
14.5,61.8,71,Yes
10.5,109.6,70.1,nan
9.5,87,56.9,Yes
7.6,65.6,46.6,No
10.8,,82.6,Yes
15,50,41.4,Yes
14.4,95.2,71.6,No
11.8,103,52.4,No
13,105.8,69,Yes
16.4,97.5,63.1,No
9.3,68.6,89.7,No
,92.9,85.9,Yes
16.5,104.2,62.4,No
7.4,93.9,82.5,Yes
6.5,92.1,37.1,Yes
1,78.8,63,No
12.9,56.9,60.9,No
1.9,112.1,34.3,No
,74.3,58.3,No
12.9,99.3,82.4,No
13.6,124.6,67.7,Yes
6.7,93.2,73,No
9.3,98.5,48.6,Yes
5.6,56.3,51.5,No
7.3,60.5,63.1,No
11.3,100.3,70.2,No
7.5,64,74.1,No
8.8,48.2,65.5,Yes
2.7,41.8,56.6,No
15.7,,57.2,Yes
12.6,70.4,,Yes
14,95,53.9,Yes
16.5,55.2,52.1,Yes
5.9,102.5,73.1,No
8.2,50.7,65.8,No
0.5,51.3,73,No
25.7,77.8,60.6,No
9.3,76.1,63.7,No
15.2,86.6,37.4,Yes
,51.5,76.3,No
15,82.1,70.8,No
19.3,41.4,66.9,No
9.7,31.1,78.7,Yes
4.9,,90.5,Yes
9.3,,53.2,Yes
-1.1,74.9,86.2,No
9.8,34.5,84,No
14.1,65.8,58.8,No
9.8,84,48.6,No
8.6,65.8,69.2,Yes
,106.2,82,No
13,87.6,46.1,No
1.7,56.5,46.3,Yes
10.4,43.1,73.8,Yes
22.2,92.5,67.1,Yes
3.3,91.8,77.8,No
9.6,90.1,69.4,No
19.7,108.7,70.5,No
15.5,84.2,67.4,Yes
7.4,76.9,65.6,Yes
11,90.3,74.8,Yes
10,99.7,,Yes
6.3,88.7,64.3,Yes
9.6,75.6,58.4,No
8.6,94.4,57.5,Yes
10.6,76.9,74.4,No
6.3,65.2,77.2,No
3.6,77.4,76.8,No
9.8,68.6,77.2,Yes
18.6,73.3,69.2,No
10.4,58.1,43.6,No
8.3,95,61.3,No
13.8,79.3,71.6,No
9.2,89.2,67.2,Yes
19.3,84.6,,nan
10,57,69.6,Yes
13.5,101.5,66.5,No
6.2,70.5,53.1,No
12.5,67.8,60,Yes
11.4,79.3,80.4,No
9.7,79.7,60.4,No
7.5,127,77,No
6.8,86.9,38.7,No
,65.3,52.6,No
13.1,113,40.8,Yes
9.4,42.4,30.8,Yes
11.4,65.4,37.6,Yes
9.8,63.9,62.5,No
10.5,74.9,86.8,Yes
9,81.9,41,No
,83.7,65.3,No
23.5,83.3,61.6,No
11.6,87.6,65.7,No
13.2,73.8,61.7,Yes
12.2,100.8,54.9,Yes
8.7,42.8,31.4,No
16.5,24,73.5,Yes
8.5,89.8,80.4,Yes
15.3,68.4,64.5,Yes
8.3,109.3,,Yes
5.2,95.9,44.6,No
11.8,86.8,,Yes
4.5,65.3,72.9,No
12.7,88.5,49.8,Yes
4,67.1,63.3,Yes
8.4,76.2,97.2,Yes
2.8,68.5,68.2,No
24.1,80.2,48.1,Yes
1.7,70,,Yes
,95,70.6,Yes
15.7,84.1,52.7,Yes
,64.8,63.5,Yes
14.3,66.1,39.5,No
8.4,49.6,52.7,No
16.8,36,78.1,Yes
14.6,93.7,46.5,Yes
11.1,67.9,43.8,No
11.2,50.7,79.1,Yes
8.5,83.9,97.9,Yes
5.5,60.6,73.3,Yes
16.2,73.6,91.5,No
16.6,49.2,47.8,nan
5.6,88,72,Yes
9.2,76.8,81.9,Yes
9.3,85,57.4,Yes
9.8,66.4,50.7,Yes
,79.9,63.4,Yes
14.7,45.9,70.3,No
6.3,120.5,61.6,Yes
5.8,83.3,68.1,No
16.2,109.1,46.2,No
,69.7,69.5,Yes
,54,76.4,No
7.6,65.2,,No
8.3,,53.3,Yes
17.8,72.7,40.8,Yes
14.6,112.2,66.4,Yes
15.7,57.9,56.4,Yes
14.1,62.9,89.3,Yes
14.7,89.3,86.3,No
,43.3,37,Yes
9,,61,Yes
5.1,77.8,53.6,Yes
8.9,83.7,47.2,No
13.4,,62.5,No
10.7,114.8,53.1,Yes
16.6,57.3,51.3,Yes
4.3,62.1,49.7,No
12.5,87.2,84.9,No
3.8,79.5,62,Yes
10.5,82,,No
13.7,46.9,83.9,Yes
8.9,118.6,60.3,Yes
12.8,84,69.8,Yes
5.2,43.4,54.1,Yes
1.7,87.2,57.6,No
12.8,52.9,66.8,nan
18.7,93.6,,No
5,48.7,76.2,Yes
16.1,95.1,81.1,No
10.2,50.6,64.2,Yes
3.3,55.5,81.2,Yes
4.3,77.8,52.7,No
10.1,62.8,75.6,No
8,63.9,,No
3.4,44.4,54.5,No
1.5,68.4,80.5,No
5.8,92.7,31.5,No
11,112.6,74.9,No
10,91.6,68,Yes
7.5,88.7,67.5,Yes
11,41.2,89.3,No
15.2,74.4,48.9,Yes
12,62,47.3,No
9.4,44.8,81.6,nan
14.6,49.6,61.8,nan
5.2,88.4,83.2,No
8.9,63.9,74.9,Yes
9,45.5,70,nan
3.8,62.3,61.9,Yes
7.9,80.8,61.2,Yes
-0.4,61.5,94.8,Yes
19.6,50.8,,No
5.3,56.6,80.6,Yes
17.9,92.7,51.2,No
10.2,33.4,51.6,No
12.8,69.6,67.7,Yes
7.6,72.7,62.7,Yes
11,59.9,79.4,No
13.3,55.8,60.8,Yes
13.3,94.7,57.2,No
13.9,94.6,45.9,Yes
8.2,77.1,100.1,Yes
7.6,,42.8,Yes
,77.3,111.7,No
12.6,83.1,75.1,Yes
15.4,72.8,71.8,No
18.1,83.6,42.4,No
11.5,67.9,73.2,No
6.2,12,41.7,nan
1.5,71.1,62.5,Yes
,88.7,81.5,Yes
1,75.6,43.4,No
,81.9,74.8,No
8.9,69.6,,No
9.7,71.1,73.5,Yes
10.2,78.4,44.9,No
10.7,,84.9,No
-2.1,91.8,75.4,No
10.1,,52.4,No
-1.1,79.1,53.3,No
13.7,48.4,84.1,No
7.2,99.5,,Yes
-0.8,93.1,52.4,No
5.9,82.3,72.8,Yes
7.1,74.1,74.7,No
16,85.9,56.7,Yes
11,70.4,86.5,Yes
11.7,89.6,65,No
15.9,58.2,78.7,No
9.5,36.8,78.6,Yes
13.8,51,45.1,Yes
13.4,77.8,82.4,Yes
3.6,,,No
17.4,,70,No
2.9,49.1,28.8,No
14.6,81,68.5,No
2.4,54.3,51.4,No
13,84.9,44.5,No
19.3,46.7,62.6,Yes
8.9,58.2,32.3,Yes
8.7,55.5,63.4,Yes
13.1,,81.4,No
8.4,65.8,73.2,Yes
19.1,83.5,82.6,Yes
11,97.8,60.2,No
8.4,110.6,71.8,No
7.3,79.6,48.7,No
5.3,,35.8,Yes
6.9,100,48.3,Yes
8.2,105.2,53.9,Yes
7.6,73.8,53.3,No
6.7,101.4,83.4,Yes
20.5,81.7,,No
4.8,41.8,97.1,No
10.7,62.4,87.9,No
13,64.9,49.9,No
13.2,67.7,80.4,nan
9.7,56.3,80.7,Yes
8.8,55.7,59.6,No
12.3,101.9,65.3,Yes
11.3,,55.1,Yes
8.7,60.5,100.8,No
2.2,87.4,89.2,No
7.7,63.9,60.6,Yes
4.3,83,88.4,No
6.7,67,58.3,Yes
10.2,83.7,79.3,Yes
11.8,54.2,,No
18.9,37.8,63.7,Yes
7.3,67,49.7,nan
13.9,39.2,56.3,No
11.5,73.7,74.1,Yes
16.5,52.3,66,Yes
12.9,52.5,60,Yes
5,104.4,86.8,Yes
1.4,80.5,66.9,No
11.6,44.3,,Yes
7.4,74,56.9,Yes
5.1,,69.4,No
3.7,33.6,73.9,No
10.8,82,67.2,Yes
17.5,94.1,73.8,No
8,66.5,55.1,nan
13,69.2,48.7,No
9.5,63.9,61.1,Yes
3.6,82.7,71.4,No
13.7,70,80.5,Yes
4.5,70.8,98.5,No
,58.8,74.7,No
8.3,115.8,34.6,Yes
14.5,,82.6,Yes
4.7,89,71.2,No
12,80.3,54.6,Yes
5.8,23.8,77.4,No
7.4,67.6,71.3,No
-8.2,51.9,57.8,Yes
20.5,94.5,66.8,No
12.8,49.7,51.6,No
6.2,84.9,62,Yes
4.4,94.9,45.4,Yes
7.5,80.6,,Yes
13.6,75.1,70.6,Yes
0.5,67.1,82,No
9.3,72.5,80,No
18.9,48.2,55.1,No
4.3,78.6,70.8,Yes
,96,71.3,Yes
21,57.6,53,Yes
13.2,,78.6,Yes
10.6,72.9,60.3,Yes
12.5,81.3,55.3,No
8,64.3,62.5,Yes
16.5,44.8,39.7,Yes
8,52.6,38.4,Yes
0.2,28.6,73.7,Yes
8,90.5,55.1,Yes
,83,46.7,Yes
8.6,74.7,40.6,Yes
8.7,61.1,45.9,Yes
16,,,No
13.5,74.4,35.1,Yes
11.3,64.6,74.9,Yes
10,65.3,71.2,Yes
4.7,101.2,53.1,nan
-0.9,50,84.6,No
10.6,94.9,54.3,nan
14,42.7,64.4,No
9.5,107.2,85,No
7.3,27.2,59.8,Yes
12.3,84.3,77,No
9.6,61.8,75.4,Yes
18.4,71.7,57.7,Yes
16.2,72.3,60.8,Yes
14.8,87.1,44.5,No
13.8,35.8,23,No
3.5,74.4,53.4,Yes
13.3,78.7,68.6,Yes
11.9,61.8,46.7,No
,72.8,74.2,No
12.5,61.7,58.3,Yes
12.3,,79.9,No
23.5,82.3,48.9,Yes
9.6,79.3,64.1,No
14.7,88.2,46.9,Yes
7.6,99.9,36.4,No
14,55.2,61.1,Yes
14.7,119.4,,Yes
11.8,82.9,64.1,nan
18.3,65,71.3,Yes
5.6,121,43.2,nan
7.6,66.7,77.5,nan
11.1,50.8,46.9,No
14.4,64.8,54.3,Yes
10.9,63.8,55,Yes
16.4,,68.2,No
6.7,72.7,73.5,No
4.3,77,72.8,No
11.5,76.3,54.6,Yes
9.6,98.3,73,Yes
12.7,68.5,77.8,No
9.9,70.9,56.1,Yes
8.3,61.2,41.6,No
9.6,66.6,59.9,No
10.1,85.5,82.1,Yes
8.5,89.6,91,No
9,109,33,No
8,72.9,69,Yes
14.3,69.7,70.5,Yes
11,82.9,86.9,Yes
21.3,65.6,67.5,No
10.8,62.2,67.8,Yes
7.2,81.5,59.7,Yes
23.4,67.2,50.7,No
12.1,69.2,56.5,Yes
15,87.1,70.9,No
13,81.2,47.4,Yes
13.1,115,83.1,No
12.7,93.4,,No
,59.7,41.6,No
11.8,67,69,No
3.4,47.5,56.5,Yes
9.1,55.5,89.9,Yes
6.4,100.2,41.3,Yes
11.8,69.4,63.1,Yes
,47.3,52.4,No
,36.1,75.5,No
11.4,45.6,79.2,Yes
7,58.9,44.4,Yes
8.7,,67.6,Yes
14.6,67.1,90.7,Yes
15.3,89,78.1,Yes
4.3,56.3,88.5,Yes
2.3,99.5,70.5,nan
6.4,72.3,44.5,No
15.2,84.2,40.7,Yes
16.1,64.6,56.6,No
5.4,95.3,54.4,No
11.5,,90.7,Yes
19.2,50.3,94.9,Yes
12.1,55.6,75.2,No
17.1,98.5,74.4,nan
15,70.3,51.7,No
5.4,56,72.7,No
9.1,71.1,43.6,Yes
10.2,78.4,48.3,Yes
10.5,53.5,87.6,No
14.6,78.2,69.6,nan
12,72.3,75.7,nan
-4.7,64.9,28.1,Yes
3.4,49.7,58.2,Yes
-0.9,92.8,57.2,No
10.9,65.6,81.3,No
11.2,16.3,79.2,nan
11.4,82.1,78.3,Yes
5.2,82.6,66.9,No
13.4,93.7,86.2,Yes
13.6,83.3,53,No
3.7,77.8,60.7,Yes
2.7,65.3,91.2,Yes
10,65.3,66.5,No
19,88.5,84.3,No
18.5,71.9,58.2,No
12.8,46.3,66.9,No
6.4,68.1,80.8,nan
14.4,73.9,85,No
7.7,35.2,63.7,Yes
6.2,89.9,44.3,Yes
-0.7,75,51.3,Yes
10.5,47.7,59.2,No
6.9,69.1,72.1,No
10.5,73,53.5,No
-1.5,93.9,71.9,No
10.8,93.3,69.4,No
-2.2,96.6,58.1,No
15.4,82.5,36.7,No
12.6,,72.5,Yes
8.6,56.9,39.6,No
12.8,61,77.7,No
5.1,73.7,97.4,Yes
10.4,74.5,65.3,Yes
14,95.6,57.3,No
-5.5,69.9,87.8,No
7.8,34.5,60.9,Yes
,51.1,69,No
9,55.5,75,No
17.3,55.5,53,Yes
4.4,18.9,87.8,Yes
6.9,106.4,82,No
0.4,31.3,98.7,Yes
17.6,63.5,73.7,No
8.8,88.2,,Yes
7.8,86.8,46.7,Yes
9.7,45.6,66.9,nan
13.2,99.1,66.5,Yes
11.7,96.2,83.9,No
23.2,71.4,62.2,No
12.3,75.5,54.1,Yes
7.7,56.7,38.1,Yes
7.2,80,63.5,nan
8,79.5,54.3,No
2.5,65.3,59,No
10.2,87.9,62,No
13.9,81.6,66.4,No
6.9,139.3,51.3,No
6,57,54.7,No
17.6,101.7,86.8,Yes
2.9,58,61.1,No
-0.3,85.5,75.7,No
4.2,,59.2,No
2.3,64.8,61.1,No
11.9,84.4,80.3,No
8.2,79.8,57,No
8.9,34.9,78.1,No
15.8,66.8,73.9,Yes
6.5,104.5,59.2,Yes
13.9,95.6,47.8,No
,94.2,76.7,No
7.7,122,55.7,Yes
13.7,40.1,,No
8.8,67.1,56.9,No
14.6,75.6,39.2,Yes
2.1,60.4,65.3,No
1.8,77.5,33.6,No
8,101,74.3,Yes
5.6,77.2,74.7,Yes
7.4,30.9,63.3,No
8.9,88.5,46.5,No
13.6,74.7,73.2,No
8,31.4,9.4,Yes
5.9,62.7,64.8,No
8.2,40.3,84.4,No
6.2,69.2,69.5,No
5.3,64.9,55.5,Yes
1.9,44.5,47.1,No
10.3,80,102.1,Yes
7.2,53.3,58.8,Yes
14.8,,61.9,Yes
2.8,78.4,57.2,Yes
7.3,69.8,50.7,nan
19.1,100.1,27.5,No
5.3,80.2,56,Yes
8.8,81.9,63.5,No
3.9,73.7,49.4,Yes
3.3,68.7,26.1,Yes
17.7,83.1,68.7,No
10.9,105.5,64.5,Yes
10.7,6.6,87.3,Yes
1.5,112.4,63,No
11.8,54.8,35.9,Yes
15.8,78.8,84.1,No
15.7,40.7,84.7,No
13.3,104.8,44.3,No
,47.3,72.8,No
11.6,97.4,86.4,No
13.3,,89.7,No
1,71.7,85,No
4.4,49.8,69.5,Yes
14.4,99.4,64.2,Yes
14.4,72.1,56,Yes
2.3,89.4,55.3,No
14,33.7,45.8,No
10.5,57.2,72,No
13.9,80,62.3,Yes
6.8,43.4,58.8,Yes
13.2,82.2,62.8,Yes
14.2,61.8,,Yes
8.2,59.4,75.5,No
,150,35.2,No
6.8,78.4,101.6,No
18.3,52.5,81.9,Yes
9.4,97.5,57.6,Yes
,85.1,65.1,No
6.4,34.7,63.3,Yes
10.6,68.9,49.4,Yes
13.8,82.5,,No
3.3,72.8,49.9,No
19.2,,78.8,No
11.5,76.3,,No
12.3,90.2,55.2,Yes
9.5,73.4,50.2,nan
10.1,76.1,91.6,nan
9.3,95.4,76.9,Yes
15.1,43.3,72.5,Yes
-1,89.7,81.5,Yes
13.8,81.8,65.6,nan
7.8,42.5,62.7,Yes
11,89,63.1,Yes
6,111.1,58,Yes
16.1,81.7,75.4,No
5.8,86.1,79.4,No
8.4,53.7,75.2,No
,62.6,58.3,Yes
8.2,54.6,56.5,No
13.6,,98.6,No
8.4,64.6,59.5,Yes
17,63.4,86.1,No
5.9,89.1,59.1,No
10.8,108.4,59.5,No
6.1,73.2,71.5,Yes
12.1,43.5,87.9,No
9.9,150,70.8,No
9.2,78.8,56.1,Yes
15.9,91.6,101.1,Yes
6.7,68.5,200,Yes
12.9,92.6,61.5,No
6.2,89.6,74.3,Yes
10.6,69,49.4,Yes
4,91.4,77.2,No
6.7,,49.4,Yes
9.6,53.2,74.9,No
19.1,94.2,88.9,Yes
10.5,72.6,51.8,nan
18.3,70.1,66.8,Yes
11.1,72.8,70.3,No
8.1,99.8,79.3,Yes
17.7,99.8,72.7,nan
12.2,84.5,66.3,No
6.8,80.4,85.3,No
12.4,72.9,68.4,No
8.5,129,55.2,Yes
,61.3,48.5,No
14.7,66.1,82.8,Yes
,81,,No
19.2,56.9,,Yes
12.1,96,42.9,No
8.8,45.6,56.8,Yes
14.2,60.7,85.2,No
14.2,67,73.2,No
18.2,54.9,42.5,No
9.8,95.8,72.5,No
9.2,48.7,64.2,No
6.4,55.7,78.3,nan
12.7,61.5,58.4,No
2.3,91.9,84.9,No
13.9,104,61.3,Yes
12.9,85.4,20.6,No
12.9,48.7,,No
10.7,62.6,68.8,Yes
17.7,106.4,67,No
14.4,75.6,57.7,Yes
7,46.1,41.6,Yes
7.1,118.9,82.3,No
5.6,,89.5,No
12.8,73.6,50.8,No
5,61.3,78.1,Yes
15.4,55.9,74.3,Yes
16.6,100.9,46.2,No
5.6,78.9,70.6,Yes
9.1,81.3,107.7,No
10.1,49.4,45.1,Yes
14.4,,85.3,nan
18,62.6,64.4,nan
1.6,,60.8,Yes
8.4,84.3,84.1,Yes
8.7,68.2,55.6,nan
3,88.9,66.3,No
7.6,89.4,63,Yes
12.1,66.3,50.4,Yes
8.6,84.1,83.6,Yes
2.3,65.8,72.1,Yes
24.4,59.2,99.1,Yes
11.3,53.8,67.3,No
10.6,76.7,63.4,No
4.5,60.2,60,Yes
11.3,,60.7,No
9.2,107.5,87.8,Yes
0.6,84.5,56.5,Yes
4.6,79.9,71.9,No
14,75.4,59.8,No
19.7,122.5,45.5,No
11.8,114.2,69.9,No
15.5,70.9,41.8,No
9.2,71,68.7,No
9.6,81.5,58.2,No
15.5,51.4,59.1,No
18.3,39,63.1,Yes
16.5,48.2,65.3,Yes
4.7,69,61.9,Yes
9.7,56.1,72.9,No
11.4,104.1,65.1,No
8.7,45.6,107.1,Yes
11.9,48.3,48.5,nan
14.1,38.3,48.1,No
15,62.1,59.2,Yes
18.4,67,52,No
8.4,73.4,83,Yes
3.2,,91.2,No
11.8,62.6,59,No
19.4,54,72.7,No
7.6,,71.1,Yes
13.4,,58.2,No
13.5,90.6,74.3,No
,45.4,77.4,No
10,60,40,No
5.4,115.8,47.3,No
-1.4,118.6,60.6,Yes
4.4,47.8,60.2,Yes
8,99.1,66.2,No
15.5,107.3,51.2,nan
9.5,96.3,49.4,No
7.4,73.7,59.6,No
5.5,36.4,47.5,No
13.3,76.7,82.9,No
16.8,83.2,80.6,No
15.3,79.8,74.2,No
13,84.5,80.3,Yes
2.6,58.8,58.6,No
8.2,65.3,58.4,Yes
19.7,27.1,71,Yes
15.6,92.8,76.6,Yes
,57,70.4,No
9.7,70,69.4,No
11.8,80.1,70.3,Yes
6.2,63.8,79.6,Yes
-1.5,53.5,81.4,Yes
10.5,80.1,61.5,No
6.1,39.3,74.4,No
6.1,150,33.2,Yes
8.2,88.2,40.1,No
9.3,64,59.7,Yes
10,65.1,55.4,Yes
5.6,55.2,91.3,No
8.9,67.4,60.6,No
1.2,71,70.6,No
11.6,68.6,68.2,No
-4.3,104,43.9,No
8.6,40,69.4,No
14.6,56.8,65.5,Yes
4.7,,88.5,Yes
13.6,116.1,56.7,Yes
15.8,57.7,74.3,Yes
-6.5,95.2,73.7,Yes
9.2,52,52.3,Yes
-4.4,67.2,29.8,No
9.4,75.2,65.5,Yes
10,61.2,83.7,No
-2.4,66.6,69.7,No
,47.7,78.7,No
11.4,88.5,55.5,No
5.8,57,76.6,No
17.3,61.7,38,Yes
1,59.4,73.7,Yes
3.9,60.4,40.1,No
-1.5,77.9,74,Yes
19,76.3,56.6,Yes
11.7,125.4,77.7,No
13.3,70.1,64.4,nan
11.5,73,81.5,No
12.9,101.7,,Yes
10.4,79.5,,Yes
11.4,73,82.8,No
10.5,72.3,71.7,No
7,78.9,91.1,Yes
9.8,94.5,64.5,nan
11.4,101.9,61.9,No
10.6,95.6,51.5,No
2.6,84.3,,No
3.3,79.2,61.4,No
15.4,115.8,54.6,No
8.5,65.5,74.6,Yes
12.9,89,46.2,No
4.5,98.5,52,Yes
2.6,95.9,33,No
5.8,59.8,54.6,No
8.9,131.3,83.3,Yes
6.7,108.4,57.3,Yes
,96.2,52.4,No
10.9,54.9,53.8,No
19.2,94.6,70.3,Yes
12,28.8,84.2,Yes
-2.1,70.4,78.1,Yes
15.3,77.1,45.1,Yes
2.5,66,85.9,Yes
11.2,,80.3,nan
6.1,77.1,72.1,Yes
20.7,55.8,48,No
17.2,90.1,51.4,Yes
6.3,83,53.5,Yes
9.4,,57,Yes
11.2,101.8,67.9,Yes
14.3,77,24.1,Yes
10.1,94.7,45.8,No
4.9,83.2,,No
6.4,68.3,,No
,83.5,60.4,No
16.2,73,67.8,Yes
12.1,80.8,81.5,No
6.1,87,53,Yes
13.2,77.9,49.9,No
8.1,84.3,48.4,Yes
14.5,67.6,60.8,Yes
22.6,63.6,55.2,Yes
8.2,90.5,,Yes
14,104,68.6,Yes
6.3,64.7,75.1,No
9.4,81.3,52.2,Yes
10.1,46.8,64.3,Yes
9,111.1,60.4,Yes
22.3,97.9,,Yes
8.5,63.3,70.7,No
12.9,67.9,59.7,Yes
0.3,99.2,61.9,nan
12.2,78.5,81.9,No
15.7,87.7,51.3,No
7.4,55.3,75.8,No
-2.6,86.5,69.4,Yes
9.8,72,76.2,Yes
10.1,81,60.3,No
13.6,67,80.5,Yes
20.1,70.8,55.4,Yes
8.1,77.1,72.5,No
5.7,,72.5,No
4.2,120.4,67.3,No
11,53.9,80.4,No
12.4,85,81.6,No
7.3,81.1,75.3,No
13.9,90.2,91.6,No
12.3,25,59,No
10.2,41.3,61,nan
5.5,64,69.3,Yes
7.6,93.4,62.4,Yes
-2.1,69.7,59.5,Yes
11.2,68.9,43,Yes
10.1,75.3,76.7,Yes
10.9,58.2,63.4,Yes
,84.4,64.1,No
11.9,78.8,49.7,nan
,85,59.1,Yes
10.2,105.3,68.6,nan
3,70.4,46.9,nan
7.1,77.2,62.5,Yes
10.3,55.3,58.5,Yes
6.3,49.9,63.4,No
14.3,74.9,62.3,No
6.7,77.1,44.8,Yes
11.1,88.8,77.7,Yes
10.6,86.5,28,Yes
13.7,80.1,68.2,nan
14.5,108.7,80.6,No
13.5,68.8,63.7,No
-0.5,71.2,44.3,No
16,80.7,76.8,No
17.6,51.3,40.8,No
7.6,88.8,59.9,No
11.2,76.4,82.1,Yes
5.5,76.8,63.3,Yes
0.3,,65.3,Yes
6.3,82.5,83.5,No
7.3,83.2,42.2,No
8.2,67.2,65.7,No
5.2,106.4,65.1,No
,45.8,53.4,No
9.9,61.3,55.7,Yes
6.1,63.9,80,Yes
12.7,60.6,37.1,nan
13.4,40.1,62.2,Yes
21.9,107.9,54.4,No
15.6,,67.9,nan
11.2,,57.1,Yes
6.9,88.9,67.6,Yes
11.5,71.8,64.1,Yes
11.6,69.2,65.5,No
7.4,55.8,63.4,Yes
13.9,75.3,66.4,Yes
3,62.4,68.1,Yes
8.8,55.6,66,No
,94.1,62.1,Yes
8.6,58.6,80.1,No
9,103.1,51,Yes
9.3,60.7,97.5,nan
5.8,44.9,51.9,No
15.9,85.5,57.8,Yes
4.9,66.1,37.6,Yes
11.6,43.4,60.5,Yes
12.1,80.1,78.2,Yes
5.3,48.9,50.6,No
10.4,35.2,85.5,Yes
5.5,,62.4,Yes
17,104.8,43.8,Yes
4.3,67.1,52.5,Yes
6.7,,72,No
3.9,,57,No
3.2,88.3,89.1,Yes
18,71.6,54.6,Yes
12.7,63.1,63.3,nan
10.7,81.9,55.5,Yes
6.7,88,78.8,Yes
14.5,49.8,42.6,Yes
5.9,68.5,34.1,No
14,71.2,56.9,nan
5.6,69.4,61.8,Yes
6.8,61.5,39.6,No
13.8,48.3,71.4,nan
14.3,68.9,75.6,No
13,69.4,200,No
4.8,65.5,54.8,Yes
7.8,88,86.9,No
10.8,47.6,48.3,No
5.8,80.6,73,Yes
16.9,39.1,57.8,No
-2,73.7,67.7,No
6.1,29.9,76.8,Yes
7.5,57.2,69.8,Yes
-4.2,74.6,,Yes
3,46.5,78.7,Yes
13.1,46.6,36.2,Yes
10.2,94.6,74.9,No
17.9,43.1,71.8,Yes
17.7,72.6,60.7,Yes
12.2,104.5,71.9,Yes
11.6,77.8,48.3,Yes
10.3,75.6,45,No
-3.3,60.7,73.3,No
3,60.8,60,No
10.5,71.6,87.4,Yes
13.1,35.1,59.6,Yes
11.4,95.3,49.7,Yes
5.5,79.2,104.6,No
14.7,40,43.6,Yes
17.4,95.5,67.2,No
14.7,88.6,66.6,Yes
14.9,83.8,75.7,No
7.2,119.7,59.9,Yes
15.4,76.9,60.9,No
10.7,105.6,62.8,nan
12.6,75.5,92,No
11.8,84,78,Yes
,63.9,52.2,No
5.7,37.3,,No
9.6,150,63,No
14.9,73.3,51.6,Yes
7.8,70.3,40.9,No
14.5,51.4,54.8,No
13.7,69.5,51.3,Yes
8.5,84,88.6,No
16.9,100.8,66.3,nan
8.2,61.2,42.5,No
17.5,82.9,60.4,No
12.2,109.8,,Yes
,90,76,No
5.6,59.6,68,No
9.6,77,72.9,nan
,78.7,62.9,No
3.7,87.7,62.9,No
8.9,75.8,114.4,No
6,84.7,56,Yes
,95.4,46.1,No
16.5,54,58.4,No
3.9,48.6,63.4,Yes
18.6,87.2,41.5,Yes
9.4,71.9,72.5,No
5.1,92.3,55.9,No
13.8,96.8,30.3,No
7.8,38,64.7,Yes
9.6,58.3,52.8,Yes
8,,80.2,Yes
5.9,54.5,49.8,Yes
13.6,65.5,56.9,Yes
,49.4,70.2,No
,66.2,59.5,Yes
12.8,55.7,,No
4,81.9,50.8,Yes
4.2,93,83,Yes
16,83.2,57,Yes
4,127,47,No
-1.6,,61.2,No
13.1,93,62.8,Yes
8.5,73.4,73.6,No
8.9,68.9,45.7,Yes
8.4,100.5,90.5,Yes
11.2,69.9,56.9,Yes
6.2,75.7,90.9,No
17.4,,68,No
2.6,85.8,73.5,Yes
12.2,150,,Yes
13.2,96.3,58.8,No
6.2,68.9,44.7,No
4.9,78.6,75.8,No
15.1,81.6,97.5,nan
5,104.3,65.2,Yes
7,39.3,65.9,Yes
14.4,75.2,70,Yes
10.2,62.1,43.1,Yes
1,64.3,82.6,No
18.7,58,,No
7.3,85.8,87.4,Yes
8,26,68.9,Yes
11.3,72.2,84.2,Yes
13.1,38.6,38.2,No
19.8,61.1,78.2,Yes
1.7,70.7,67.8,No
,66.9,,No
13.7,88.6,82.2,No
9.3,100,76.7,Yes
13.9,114.2,67.7,Yes
14.7,74.8,32.5,Yes
3.1,98.2,60.2,Yes
18.7,104.3,78.6,Yes
2.2,,55.6,nan
4.3,99.7,69.6,No
8.7,31.5,74.8,No
19.6,,83.9,Yes
,107.1,68.3,No
9.8,77,51.2,No
17.2,71.2,83.6,No
8.5,71.1,61.4,No
4.1,104.4,72.7,Yes
7.9,43.2,,No
16.9,67.2,45.5,Yes
,91.8,46.3,nan
,,86.3,No
13.7,98.7,64.4,No
6.8,,,Yes
10.3,65.6,95.9,No
5.7,,79,Yes
6.7,48.6,93.5,No
32.4,34.7,49.2,No
15.1,62.8,65.1,Yes
14.3,76.6,51.7,No
6.9,58.8,49,No
17.8,,55.9,Yes
15.5,76.2,53.8,nan
19.4,37.8,56.2,Yes
19.2,64.2,66.3,No
2.6,93.8,69.8,Yes
4.5,84.7,79.6,No
5,61.1,73.5,Yes
5.3,87.4,94.3,Yes
11.6,110.1,96.7,Yes
7.2,66.5,57.6,Yes
20.4,89.8,68.8,No
19.5,86.7,65.3,Yes
10,65.5,49.7,No
19.8,52.3,,Yes
17.4,108,77.4,Yes
7.7,96.8,75.6,Yes
0,69.4,79.1,No
8.9,99.3,55.7,No
6.8,86.1,84.7,No
11,99.1,83.9,nan
10.4,39.1,32.8,No
10.3,66.8,58.5,No
12.6,106.5,72.5,Yes
3.9,128,108,No
12.1,150,69,Yes
7.8,66.9,70.1,nan
11,88.7,61.2,Yes
14.8,81.9,63.8,Yes
3.9,85.7,88.1,No
8.6,31.8,,Yes
9.4,70.2,87.4,No
7.4,91.1,61.8,Yes
14.5,27.9,71.2,No
6.4,42.7,37.9,Yes
7.2,39.5,56.4,Yes
6.5,88,60.5,Yes
15.5,56.4,64.3,Yes
7.5,51,63.4,No
12.3,76.1,,No
19.9,50.2,83.9,No
9.6,84,58.3,No
15.6,,74.8,nan
18.4,67.6,65.7,Yes
15.1,36.1,60.4,Yes
9.9,65.9,97.2,No
13.2,84.8,74.4,Yes
3.6,82.8,63.2,No
6.1,91.8,74.4,No
7,63.1,73.8,Yes
21.2,69.4,,No
5.9,26,50.3,No
5.9,87.3,59.3,No
4.8,48.8,18.7,No
12.8,79,55.7,Yes
10.7,57.6,74.9,No
15.4,73.3,69.5,No
13.4,94.2,61,Yes
3.1,,72.2,Yes
6,60.2,79.5,No
16.8,75.1,66.9,No
9,62.2,61.1,Yes
15.9,56.2,61.5,No
9.3,112.3,51.7,No
5.2,37.9,77.2,Yes
8.5,88.1,96.2,Yes
5.2,72.3,46.1,No
7.2,58.5,56.9,No
11,81.9,69.7,nan
12.6,75.7,60.4,Yes
2,101.4,74.4,Yes
9.9,52.3,52.1,No
7.1,64.7,34,Yes
6.8,95.2,79.1,No
10.7,70.9,76.5,No
7.2,85.9,77.9,Yes
,99.3,94.4,No
15.9,,57.8,Yes
15.9,62.8,92.8,No
7.5,,87.8,Yes
,99.5,60.6,No
10.4,78.1,47.5,No
9.2,70.9,50.3,Yes
7,82.7,75.3,No
4.1,49.3,49.2,Yes
9.8,70.3,68.5,No
8,73.4,61.7,No
13.4,73.1,68.9,Yes
,67.1,78.8,Yes
15.5,68.8,71.1,No
3.7,72.7,,No
,104.2,93.8,No
6.4,30.9,36.3,No
3.9,89,69.2,Yes
7.9,73.3,64.4,No
15.3,73.8,65.2,Yes
8.1,66.9,34.2,No
17.8,85,68.3,No
12.7,94,57.4,Yes
,37.1,75.6,No
15.8,116.9,103.5,Yes
12.2,77.9,48.5,Yes
5.3,77.2,70.5,Yes
19.3,47.1,,No
11.3,63.6,,nan
10.1,102.2,79.2,Yes
5.7,76.4,72.3,No
15.9,83.3,85.4,Yes
,65.8,,No
13.1,114.4,38.8,Yes
7.5,71.9,93.2,No
14.2,97.6,42.8,Yes
14.6,72,92.7,No
6.7,82,75.2,Yes
2.9,82,70.5,No
12.9,93.5,90.9,nan
2.1,89.8,73.7,Yes
10.8,65.5,79.6,Yes
7.8,98.2,67.9,No
16.1,55.2,55.6,No
8,51.3,49.3,Yes
15.5,69.2,96.6,Yes
7.4,82.9,87.9,Yes
15,54.6,63.1,No
20.3,73.4,55.7,No
4.7,47.3,89.1,No
11.5,69.6,79.2,Yes
23.7,94.4,81.2,No
10.3,58.1,84.9,No
10.3,50.6,83.1,Yes
13.9,82.6,94.4,No
10.2,59.2,77.8,Yes
1.5,123.5,45.2,Yes
15.7,78.8,60,No
0,,72.6,Yes
7.9,48.7,,Yes
16,84.1,77.2,Yes
8.2,,65.7,Yes
6.5,71.4,43.3,Yes
14.4,60,69.5,Yes
5.7,95.8,38,No
3.9,81.4,39.5,nan
11.4,77.3,73,Yes
9.1,102.2,51.1,No
3.8,75.3,58.6,Yes
13.2,95.6,72.5,No
12.3,111,56.8,Yes
8.2,77.8,71.2,No
8.5,80.2,83,No
12.4,94.1,52.4,No
16,,56.6,Yes
8.6,77.6,74.5,Yes
13.3,62.3,58.5,No
12.8,92.3,74.4,No
14.4,86.4,72.7,Yes
10.2,92.1,60.1,Yes
5.4,89,84.9,No
7.7,79.1,47,Yes
11.7,80.3,74.2,No
19.1,,33.3,Yes
7.6,46,66.4,Yes
,101.6,,Yes
8.4,84,46.9,No
10.6,58.1,88,No
17.6,78.7,48.6,No
13.8,101.4,,No
3.8,80.8,82.7,Yes
7.1,60.4,68.4,Yes
16.3,49.5,59.2,Yes
10.7,124.3,56,No
4.3,40.2,,No
5.9,81.7,59.2,No
13.5,63.3,66.7,Yes
15,95.8,55.3,No
10.1,50.7,78.3,No
22.4,107.2,55.5,No
,72.5,42.6,Yes
8.8,70.6,107.3,No
5.9,68.7,80,Yes
5.1,63.1,54.9,No
11.7,67.6,51.7,No
7.6,89.4,75.3,No
18.4,40.6,55.3,No
17.3,60,80.6,Yes
13.2,104.9,72.8,nan
4.1,73.2,69.4,Yes
6.6,63.6,67.8,No
16.3,49.5,,No
7.2,51.6,62,Yes
15.6,94.6,67.1,Yes
12.4,58.5,53.6,No
10.3,91.1,74.1,Yes
6.5,55.4,52,No
9.5,72.5,83.3,Yes
10.9,73.6,84.8,Yes
15.2,59.9,40.1,No
5.6,76.5,80.4,No
8.7,,46.4,nan
10.2,73.2,58.5,Yes
13.3,83.9,,Yes
5.5,58.3,58.2,Yes
3.4,,59.7,Yes
13.4,78.1,77.1,Yes
2.4,78.9,81.1,nan
16.4,48.1,63.3,Yes
,76.9,65,No
2.3,40.6,74.5,Yes
7.6,62.4,49.2,Yes
11.9,74.9,65.6,No
7.3,79.2,61.6,Yes
10.1,50.8,69.2,No
13.7,69.3,47.5,No
9,90.9,70.5,No
5.3,55.4,69.3,Yes
8.5,31.9,94.7,No
17.1,85.6,,No
18.4,56.2,99.7,nan
-0.1,62.2,,nan
15.5,77.6,84.2,No
11.3,76.5,,No
14.6,95.4,79.8,No
7.2,70.2,39.1,Yes
1.2,76.4,34.4,Yes
12.9,41.1,56.4,No
5.3,87.6,50.4,Yes
3.1,61.2,35.5,No
3.4,139.6,89.3,Yes
13,70.7,54.3,No
10.7,83.5,72,No
13.9,87.8,,No
13.3,73.2,63.3,Yes
7.9,83.7,45.7,nan
9.6,120.1,93,No
,59.9,62.8,Yes
8.9,30.1,77.7,Yes
5.2,48.9,24.2,Yes
12,94.9,69.5,No
15.4,65.4,64.1,Yes
5.9,,59.5,Yes
16.4,89.5,79.5,No
10.6,61.9,54.9,No
11.2,59.4,60.8,No
1.5,66.1,66.6,No
1,33.7,78,nan
10.7,80.6,61.3,No
13.9,88.9,62.6,Yes
6.6,55.7,62.5,Yes
18.4,44,62.4,Yes
13.7,56.8,45.2,Yes
5.5,94.9,76.4,Yes
10.2,91.1,77.4,Yes
22.4,79.3,40.6,Yes
3.8,107.8,58.2,No
12.6,41.2,,Yes
,70.8,66.6,Yes
13.5,86.2,60.2,Yes
16.3,90.8,48.3,Yes
8.1,91.1,83.9,No
15.6,89.5,54.5,Yes
,101.4,75.3,Yes
10.3,90.2,93.8,Yes
13.9,51.9,66.8,No
7,65.9,86.3,Yes
10.1,41.1,72,No
9.1,94.9,80.2,No
14,98.9,61.2,Yes
,50.6,51.8,No
9.5,67.4,58.1,Yes
17.7,39.9,59.7,No
17.7,72.6,69,Yes
14.2,58.5,200,Yes
7.4,51.6,41.7,nan
6.9,74.5,67.4,No
5.9,112.6,69.7,Yes
14.7,90.9,65.8,Yes
3.9,70,49.3,Yes
13.4,74,71.2,Yes
4.6,112.6,70.6,Yes
14.1,100.2,77.4,No
10.1,68.8,61.7,Yes
16.7,85,69.5,Yes
15.7,,73.4,No
17.2,75.5,65.7,No
17.3,90.3,45,No
10.7,95.4,31,Yes
4.2,62.2,52.8,Yes
4.7,95,39.4,Yes
-0.4,78,68.8,Yes
4.6,69.2,49.7,No
10.3,113.2,55.2,No
7.2,67.8,91.6,No
9.1,52.8,59.1,No
12.5,61.6,82.8,No
8.5,89.5,65.6,Yes
4.4,,43.4,Yes
9.7,91.6,64.4,No
5.5,57.9,30.2,Yes
8.6,73.5,68.3,Yes
16.7,119.2,51,No
8.6,57.3,64.7,No
18.9,34.6,55.2,No
17.2,102.3,82.8,Yes
7.1,47,65.6,Yes
4.4,,60.3,No
9.7,89.6,57.6,No
15.8,88.8,68.2,Yes
7.5,27.5,59.3,Yes
14.5,68.1,30.3,No
16,92,,No
6.1,115.6,65,Yes
6.6,50.2,53.7,Yes
13.6,96.4,68.7,Yes
10.8,61.8,66.6,Yes
6.6,95.8,32.1,No
,54.2,54.3,No
9.6,70.4,84.8,Yes
2.2,82.7,73,No
13.8,94.1,74.4,No
7.6,86.4,79.6,Yes
-3.9,66.4,,No
9.9,65,56.6,No
6.3,110.6,77.7,Yes
18.4,80.5,81.7,No
7.1,65.5,83.5,Yes
4.5,85.8,55.4,No
12.5,87.5,74.9,No
6.7,47.9,63.3,No
6.1,84.7,75.6,Yes
12.5,,63.6,No
4.8,62.1,64.6,Yes
2.7,55.3,77,No
18.6,72.4,60.1,No
12.9,66.3,,Yes
8.7,71,80.9,Yes
10,37.1,71.2,Yes
12.5,73.5,50.2,No
14.9,53,82.4,No
6.2,120.7,86.9,No
11.8,67,69.5,Yes
7.5,69.8,60.2,No
9.1,88.9,89.2,Yes
10.8,101.4,88.2,Yes
10,51.4,51.7,Yes
13.7,86.5,61,Yes
12.4,94.3,64.2,No
2.5,78.7,89.6,No
3.2,78.3,78.4,No
8.2,64.8,60.2,No
,68.6,64.9,Yes
5.7,72.8,63.4,No
9,66.5,53.6,No
7.3,92.8,72.8,Yes
,57.6,71.8,No
10.9,92.1,73.9,No
17,101.6,68.3,Yes
12.3,82.4,48.7,No
6,39.2,55.5,No
23.8,87.2,66,No
10.4,62.1,78.5,Yes
7.1,64.4,69.2,Yes
17.1,82.2,,Yes
7.7,97.1,34.7,No
18.3,,64.4,Yes
5.6,76.2,71.1,No
17.2,114.8,76.9,No
11,53,91.3,Yes
16.5,71,81.9,No
19.5,62.7,74.2,No
4.3,89.1,56.9,No
16.4,50,86.7,Yes
3,43.6,48.8,Yes
,91.6,81.4,nan
6,79.8,93.3,Yes
12.5,51.3,86,Yes
10.2,73.6,59.2,No
9.2,49.4,40.3,No
10.7,93.4,53.8,Yes
13,80.6,65.7,No
,60.7,60.8,nan
,63.4,68.6,Yes
19.1,65.8,37.8,Yes
9.9,53.5,76.9,Yes
7.4,101.8,55.7,No
13.1,98.3,65,No
4.3,67,57.8,No
6.6,68.7,76.2,Yes
15,52.5,56.5,No
9.4,71.8,39.3,Yes
4,84.8,73.4,Yes
2.6,98.6,41.1,No
10.2,57.1,62.4,Yes
,41.3,81.3,No
15.6,54.9,73.6,No
10.6,86.1,65.4,Yes
20,74.1,66,No
9.5,94.8,49.2,No
9.3,75.8,71.1,Yes
-2.8,107.3,72.4,No
7.8,43.3,68.2,No
14.3,25.2,65.1,No
17.8,102.1,62.9,Yes
5.8,59.1,76.9,No
12.3,77.8,55.8,Yes
15.2,77.7,44.9,Yes
10.1,81.5,78.6,No
-1.4,65.5,45.2,Yes
11.2,56,53.9,No
13.8,54.4,71.4,No
5.3,87.1,70,nan
8.7,90.4,62.6,No
4.2,70,86.1,No
-2.9,63.1,79.6,nan
15.1,86.4,63.4,Yes
,45.4,56.6,Yes
18,114,69,Yes
14.3,84,67.8,No
8.2,71.8,82.8,Yes
9.6,91.6,62,Yes
12.8,87.6,80.4,No
14.8,79.7,45,No
11.6,37.2,70.3,Yes
15.5,83.2,54.4,Yes
8.5,104.1,65.1,Yes
5,63.9,61.7,Yes
9.7,94.2,48.3,Yes
,92,54,No
4,80.9,58.1,No
3.3,78.4,91.2,Yes
12.2,86.2,57,Yes
8,83.3,36.6,nan
9.2,,53.9,No
8.2,,38.6,Yes
17.6,89.1,49.3,Yes
,96.1,28.4,Yes
3.8,89.2,55.7,Yes
7.3,33.4,,No
,72.7,58.8,No
13,62.6,59.6,Yes
9.8,81.6,103.3,No
4.3,63.9,56,Yes
6.6,86.8,68.3,No
7.4,66.6,66.6,No
11.4,109,68.8,Yes
18.5,108,55.9,Yes
6.6,46.1,76.5,No
4.9,81.5,82.8,No
,65.8,66,No
15.2,80,82.5,No
2.8,86.7,73.1,Yes
-1,49.4,67.5,Yes
9.1,55.5,49.5,Yes
6.3,58,63.2,No
2,64,79.9,Yes
13.5,64.6,59.2,Yes
9.1,90.9,66.2,No
10.9,79.4,48.9,No
5.5,57.6,70.6,No
8.4,68.6,72,Yes
7.6,27.6,100.2,No
9.5,115.4,,Yes
6.7,75.4,69.5,No
,94.9,,Yes
23.6,90.9,63.7,No
3.2,74.3,60.5,No
10.9,27.4,85.4,No
1.1,63.8,57.3,Yes
0,82.1,82.2,No
,76.2,63.7,No
10.9,95.8,52.4,No
16.3,75,56.6,No
12,111.8,54.6,No
,53.8,57,No
5.3,85.4,46.9,Yes
,54.4,53.8,Yes
14.6,93.3,27.8,Yes
3.8,59.9,,No
10.2,39.9,56.6,No
10.7,45.3,61.7,Yes
8.3,65.6,52.6,No
13.9,106.2,85.4,No
14.2,89.8,36.8,No
9,83.9,79,No
8.6,73.7,41.4,Yes
17.5,52.5,53.9,Yes
14.7,56.3,70.5,No
10.4,64,94.2,No
1.9,62.2,76.7,Yes
11.7,61.9,26.3,Yes
13.5,,,Yes
-3.8,75.1,52.9,Yes
11.3,60,101,No
7.9,,69.7,No
8.9,97.4,79.3,Yes
5.5,87,,No
9.3,84.7,51,No
17,,64.3,Yes
7.8,120.8,53.7,Yes
14.8,69.4,69.9,No
6,90.9,58.3,Yes
13.8,,64.6,No
10,54.2,79.5,nan
11.8,62.4,65.5,No
10,83,61,No
13.2,44.1,54.4,Yes
-2.8,73.2,57.1,Yes
2.9,27.1,75.6,No
12.1,75.2,62.9,No
-0.2,102.5,50.6,No
7.3,75,59,Yes
9.7,45.7,77.5,Yes
5.9,63.9,60.2,No
6.5,87.3,26.5,Yes
11.4,78.3,78.6,Yes
15,84,61.3,No
5.2,71.6,,No
7.1,59.7,58.9,No
6.3,77.5,72.2,Yes
-2.1,76.4,73.6,Yes
10.7,95.5,53.9,Yes
14.7,65.6,45,nan
15.1,76,47.8,No
5.6,72.1,68,No
,120.5,62.7,No
10.1,59.9,64.7,Yes
14.1,67.3,71.4,Yes
10.8,55.9,60.1,Yes
11.4,101.1,58.2,No
15.7,102.6,52.6,Yes
6.3,70.7,,No
8.9,98.7,90.5,nan
18.2,81.6,57.5,Yes
9,89,71.7,Yes
3.7,55.1,84.8,Yes
6.7,78.2,54.9,No
5.3,112.4,91.3,Yes
11.8,104.5,51,No
5.5,91.1,73.3,Yes
11.4,94,48.3,No
6.3,123.7,72.9,No
-0.6,90.7,55.2,No
11.5,61.8,30.4,No
10.7,99.3,85.9,No
12.6,73.5,68.1,No
6.6,84.8,56.9,No
6.1,77.4,61.5,Yes
12,60.8,,No
17.6,81.2,59.6,Yes
,94.3,59.2,Yes
12.1,,62.9,No
8.4,84.6,94.8,No
2.3,71,30.8,nan
14.8,41.8,34.8,No
14.5,74.1,71.7,Yes
13.6,86.1,26.2,Yes
9.1,31.8,57.5,Yes
13,73.7,53.2,No
14.5,73.1,64.4,Yes
18.1,56.7,55.6,Yes
,90.2,62.8,No
10.3,93.9,,Yes
3.5,111.3,46.1,No
10.8,,61,No
,150,72.7,Yes
13.5,58.6,74.5,No
16.8,67.6,67.7,Yes
9.5,88.6,84.1,Yes
20.5,61.9,66.3,Yes
1.2,71.8,77.3,Yes
12.1,91.8,61,No
6,74.9,71.9,Yes
0.5,56.6,94.4,No
9,63.2,67.7,nan
2.7,69.5,83,No
9.2,86.8,65.2,No
10.2,68.5,46.2,No
15.6,26,67.4,Yes
2.5,,73,No
14.5,87.9,77.7,No
10.5,53.7,54.8,Yes
15.1,52.3,121.5,Yes
7.8,102,81.2,Yes
3.3,70.2,83.8,Yes
3.9,90.1,78.2,No
3.5,61.1,52.4,Yes
12.4,88.1,58.7,No
17.4,56.5,73.4,Yes
7.2,83.4,37.3,No
13.1,82.1,57.9,No
2.4,33.7,57.4,nan
10.9,77.5,74.1,No
13.3,60.6,,Yes
2.8,96.9,95.2,Yes
9,79.7,113.4,Yes
13.6,70.1,71.5,Yes
-4.7,105.4,,No
16.7,36.9,,Yes
11.8,113.5,56.9,No
13.6,112.5,50.9,No
7.9,67.2,70.1,Yes
1.4,92.8,54.9,No
12.7,84.7,80.2,No
9.6,25.3,55.4,No
10.2,72.8,68.3,nan
15.4,49.7,52.1,No
13.8,47.9,51.1,Yes
19.6,69.3,86.7,No
,70,58.1,Yes
6.5,99.3,58.9,nan
9.1,60,55.3,Yes
12.1,,57.5,Yes
15.1,102.3,63.4,nan
2.7,71.3,34.6,Yes
10,64.7,77.2,No
,92.1,70.9,Yes
8.8,85.6,78.2,No
14.7,77,84.4,No
12.5,,67.2,Yes
14.8,50,66.6,Yes
6,63.4,74,Yes
6,115,45.3,Yes
10.1,14.3,59.6,nan
2.3,61.5,79.7,No
8.7,51.3,78,Yes
11.3,76.4,98,Yes
18.9,87.1,63.9,Yes
12,97.1,83.3,Yes
13.1,66.8,64.1,No
15.8,56.5,48.5,Yes
5.2,46,67.7,No
9.2,76,61.7,No
22.1,117.5,58.7,No
9.6,63.2,48.9,Yes
15.6,73.6,61.1,Yes
14.8,,52.4,No
2.6,66.5,94.8,Yes
11.6,103.5,78.6,Yes
10.7,99.2,47.5,Yes
11.6,91.4,56,Yes
,94.2,59.1,No
4.4,61.3,61.9,No
7.6,52,52.4,No
9.5,61.5,63.3,Yes
15.9,80.6,80.2,No
,68.5,59.5,No
17,86.4,47.1,No
14.3,77.2,34.7,Yes
5,48.2,35.6,No
8,,69.3,No
11,64.8,66.9,Yes
6.8,90.7,62,Yes
12.9,58,56.3,Yes
13.6,57.4,58.6,No
12.7,56.4,68.9,No
15.1,46.4,56.1,Yes
5.5,46.8,65.7,No
14.7,82.6,61.2,Yes
6.5,56.4,66.5,No
5.3,81.9,32.3,No
12.7,77,77.1,No
16.1,92.6,69.2,No
12.4,54.6,57.9,Yes
10.1,96.2,60.3,Yes
11.6,56.9,72.9,No
10.7,20.2,63.1,No
4.4,78.8,74.1,Yes
3.8,57.5,66.7,No
9.6,105,79,No
10.4,81,,Yes
10.1,73.3,66.9,nan
13.4,79,38.3,Yes
8.9,65.1,50.5,Yes
12.8,108.7,44.7,No
9.3,64,62.6,No
19.1,84.3,59.9,Yes
10.4,,55.8,Yes
21.7,75,45,No
11.8,50.3,40,No
8.9,79.6,47.9,No
5.5,76.3,,No
2.8,86,65.4,nan
5,84.4,51.1,Yes
5.6,75.6,63.5,No
12,115.8,68.9,No
7.4,74.6,66.5,No
10.9,75.8,56.9,No
16.4,73.3,56.9,Yes
9.6,79.1,58,No
20.4,69.3,83.1,No
4.1,67.6,73.9,No
9.2,90,84.3,Yes
7.3,74,66.7,No
14.7,,50.2,Yes
-1.2,37.1,84.4,No
2.8,105.5,60.1,No
9.5,92.9,48.3,Yes
17.8,74,50.5,No
11.1,73.4,75.3,Yes
3.2,87.8,67.1,Yes
4,54.5,54.1,Yes
18.4,75.8,54,No
6.9,78.1,105.5,Yes
5.3,,71.7,Yes
,82,62.3,No
15.1,48,71.8,No
16.4,96.7,36.4,Yes
5.2,,50.6,No
2.4,105.2,52.8,No
10.7,68.6,84.8,No
11.7,68.3,35.3,No
11.8,35.5,50.8,No
17.4,88.6,65.6,No
1.3,44.8,58.1,No
14.3,46,50.3,No
4.5,68.9,60.8,No
14.3,52.9,89.4,Yes
7.6,,78,No
,75.9,40.2,Yes
7,92.6,66.2,Yes
2.8,85.8,38.5,No
10.2,78.8,69,Yes
6.1,97.9,78.8,Yes
13.9,77.6,44.5,Yes
13.2,64.5,70.6,Yes
18.4,59.6,87.7,Yes
11.8,86,32.2,nan
12.6,53,66.5,Yes
17,82,67.2,Yes
6.9,66.4,63.4,No
2.6,58.2,49.2,No
11,57.9,69.4,Yes
2.9,,59,No
22.3,57.8,68.7,Yes
17.3,69.4,54.2,Yes
20.8,65.6,65.5,No
10.3,96.2,104.8,Yes
12.8,105.8,41.8,Yes
7.7,93.2,21.5,Yes
14.4,67.5,67,Yes
3.9,81.8,60.1,No
-2.7,56.8,62,Yes
6,79.2,49.4,No
2.7,39.9,70.7,Yes
17.4,79.7,,Yes
19.1,73.9,54.2,Yes
3,83.8,79.5,Yes
16.5,74.8,69.2,No
14.8,91.7,71.2,No
2.2,59.7,67.6,No
8,90.1,58.3,No
7.1,84.4,75,Yes
13.7,96.8,56.6,No
3.9,98.1,79.7,No
9.5,56,,No
6.6,85.3,62,Yes
12.4,51.7,,No
8.9,98.2,64.7,No
7.3,57.9,81.8,No
8.9,67.4,57.5,No
20.2,79.4,67,Yes
7.9,89.8,61.5,Yes
4.8,82.4,59.2,Yes
12.9,90.3,89.8,nan
9.3,75.2,78.8,No
2.9,79.9,53.1,Yes
21.2,39.7,34.5,No
8.2,95.5,72,Yes
8.1,69.2,52.3,No
10.8,66.4,68.7,Yes
18.7,113.7,61.5,No
1.6,20.8,84.1,No
11.4,,62.5,No
20.4,30.2,68.2,No
10.6,81.8,97.8,Yes
3.8,61,82.7,No
6.9,16.3,38.3,nan
11,96.8,60.7,No
16.7,49.2,56.8,No
8.3,94,73.7,No
14.1,55.5,56.5,Yes
2.8,65.7,41.8,Yes
2.8,29.3,66.6,No
7.6,83.5,79.3,Yes
17.2,63.5,62.7,Yes
10.3,67.7,61.7,Yes
11.4,73.1,63.6,Yes
11.4,42,53.6,No
15.5,88.8,,Yes
6.9,63.7,60.5,Yes
13.4,120.9,74,Yes
5.8,65.4,82.9,Yes
19.9,67.2,76.2,No
6,47.9,58.6,Yes
5.6,42.7,37,Yes
12.7,92.6,,No
10.4,96.2,74.6,Yes
11.6,,79.6,No
11.1,77.4,61.5,Yes
4.5,99.8,56.3,No
18.1,80.8,46.9,No
14.5,84.7,77.2,No
16.8,76.7,42.1,Yes
7.4,61.9,78.3,Yes
12.1,,56.3,Yes
11,112.3,47.5,No
15.6,64.6,85.9,No
15.8,,46.4,No
11,78.6,43.4,Yes
2.4,63.2,94.6,Yes
18.9,92.9,73.9,Yes
12.8,90.6,71.1,Yes
7,86.6,68.4,nan
12,110,,Yes
2.4,111.7,57.5,Yes
15.3,,91,Yes
2.6,72.9,63.6,Yes
8.9,46.5,55.1,No
11.2,105.7,85.1,Yes
15.2,73.5,53.8,Yes
10.5,62.8,72,Yes
13.2,56.3,85.7,Yes
9.9,56.2,62.3,No
9.8,110.2,,Yes
10.4,93,78.2,No
9.1,45.2,84.2,Yes
1.6,46,65.3,Yes
6.2,,61.7,No
11.2,54.7,64.7,Yes
8.8,70,66.4,Yes
9.2,106.1,59.8,Yes
8.4,96.4,91.4,Yes
5.7,40.8,68,Yes
7.5,54.8,65.3,Yes
8.5,79.9,76.7,Yes
10,97.6,58.7,No
12,58.6,61.3,Yes
9.1,,72.5,No
4.9,,64.4,No
3,110,76.3,Yes
23,87.4,60.3,No
4.4,71.1,71.2,Yes
7.4,,77.1,nan
12.6,53.8,80.3,Yes
11.8,24.5,35.3,No
12.6,80.4,69.5,No
7.8,88.3,77.7,No
11.2,89.3,50.6,No
10.3,62.7,81.1,nan
-1,100.6,68.2,Yes
11.2,106.7,58.5,Yes
,61.7,,Yes
9.9,98.6,77.4,Yes
9.9,77.8,32.7,No
15.3,64.5,89.3,nan
14.8,99.6,35.8,Yes
17.9,50.9,48.4,No
1.2,45.3,86.4,Yes
14.5,67.1,78.9,Yes
13,70.4,58.2,Yes
,42.1,80.4,Yes
11.3,84.8,70.1,Yes
,59.4,68.5,No
5.9,48.8,21.7,No
12.2,88,49.6,Yes
14.4,66.4,59.5,No
4.6,96.2,29.7,nan
9.3,84.2,76.6,No
11.5,71,64.1,nan
6,97,,No
5.6,83.4,57.3,Yes
9.3,74.6,43.8,Yes
14,85.2,50.2,nan
13.2,85.9,69.6,No
5.7,53.1,81.6,Yes
13.3,122.2,65.4,No
5.8,76.4,79.9,Yes
,76.8,64.9,No
8.2,39.9,74.5,Yes
15.6,77.6,90.8,Yes
,78.4,73.2,Yes
10,52,54,No
7.9,54.2,69,No
8.1,57,66.5,Yes
10.5,69.1,59.6,No
4.7,79.3,53,Yes
8.3,70.5,98.5,Yes
8.9,81.1,61,No
3.2,88.5,29.9,No
5.8,85.9,55.5,Yes
12.1,82.3,53.5,Yes
10,80.7,61.3,Yes
8.5,80.8,42.5,No
5.4,72.1,56.8,Yes
17.9,61.8,68.8,Yes
5.8,73.1,44.9,No
11.3,88.1,82.6,Yes
7.6,87.9,65.6,nan
10.2,85.2,67.6,nan
12.3,65.5,59,Yes
3.1,,68.3,Yes
10,70.7,76.5,No
16,62.9,68.6,No
18.8,92.9,82,No
9.3,38.2,67.1,No
10.2,115.4,77.6,Yes
21.1,116.5,71.4,Yes
15.7,76,33.7,No
6.9,83.1,51.8,Yes
6.9,92,52.6,Yes
14.8,59.8,53,Yes
4.9,86.4,48.8,No
15.4,101.4,82,Yes
11.7,38.9,87.7,No
12.6,46.2,40.4,Yes
8.7,90,76.9,No
6.9,69.6,74,Yes
17.3,67.3,98.4,No
8.8,68.5,,Yes
7.9,52.5,41.8,Yes
9.6,66.8,41.7,No
11,48.6,81.8,Yes
4.8,101.2,52.3,No
7.2,77.7,75.8,No
6.9,77.1,64.6,Yes
14.2,88.3,78.3,No
5.6,130.8,41.8,No
1.2,54,66,Yes
0.2,38.2,76.8,Yes
2.6,74.4,75.4,Yes
16.8,38.5,79.4,Yes
10.1,68.2,39.8,Yes
12.5,92.5,63.3,Yes
12.7,105.6,64.6,No
10.3,43.7,87,Yes
9.6,56.1,106.2,No
15.2,82.3,86.6,No
,90.1,78.4,Yes
17,91.2,71.7,Yes
13.1,104.5,65.5,No
6.9,89.6,84,Yes
7.5,72.6,68,No
,96.2,57.9,Yes
16.1,76.4,64.1,Yes
8,80.5,54.5,Yes
6,65.1,37.1,No
11.6,78.1,39.3,No
9.5,42.4,,Yes
11.5,95.7,34.3,No
19.4,54.8,47.7,No
14.6,57.2,72,Yes
10.1,28.5,53.7,No
3,58.5,46.5,No
7.5,55.8,48.3,Yes
13.6,79.3,82.9,No
4.1,49.1,77.4,Yes
20.7,66.1,52.5,Yes
10.1,61.4,72.4,Yes
,39.8,66.6,No
6.7,79.8,77.3,No
12.5,70.6,84.2,No
,75.8,39.1,No
,91.6,71.3,Yes
16.6,75.2,65.6,Yes
14.9,68.3,81.4,No
,93.5,39.2,No
11,68.5,45.7,No
16,64.9,66.4,Yes
13,88.4,60.9,Yes
5,59.4,70.3,Yes
6.7,98.3,40.4,Yes
7.7,78.2,82.9,Yes
7,106.4,67.7,nan
,73.8,67.7,Yes
0.4,94,62.8,No
13.3,,47.8,Yes
3.5,100.6,53.3,No
5.2,88.8,89.6,Yes
0,62.1,66.1,Yes
7.3,92.3,65.1,No
17.6,49.7,77.8,Yes
11.3,65.1,53.2,No
4,58,71.4,No
15.1,93.4,,nan
16.2,100,60.8,Yes
10.5,66,,No
20.2,49.6,74.9,No
14.1,55.5,73.3,No
13.4,76.8,53.6,Yes
6,75.6,72.1,No
13.1,68.2,48.1,No
11.1,58.4,54.6,No
12.6,107.6,70.7,Yes
6.6,62.6,68.8,Yes
10.6,58.3,48.8,Yes
5.9,97.9,70.3,No
-0.7,69.4,62.2,No
15,85.2,80.9,Yes
2.5,57.5,71.3,Yes
10.5,85.1,48,Yes
11.7,89.7,67.7,Yes
11.6,52.7,53.5,Yes
8.6,,,No
11.4,56.9,70.8,No
12.4,64.4,72.4,No
13.7,107,50.6,Yes
18.7,80.1,55.9,No
11.2,114,65.7,Yes
10.3,104.7,58.4,Yes
5.5,97.6,58.7,No
,104.1,49,Yes
13.3,98.2,70.6,Yes
9,109.1,55.2,No
12.7,85.9,60.1,Yes
8.5,,65.6,No
13.4,88.2,27.4,Yes
14.6,66.2,41,No
14.5,91.9,88.8,Yes
10.6,100.2,41.6,Yes
4.8,63,78.8,nan
6.9,,78.3,Yes
13,64,64.7,Yes
22.2,102.1,87.4,Yes
8.3,,77.3,No
12.3,52.9,68,No
-1,54.2,70.8,nan
5.1,56.9,79.3,Yes
6.6,60.7,71,No
-0.4,47,77.8,No
16.8,87.1,89.1,Yes
-1.2,71.2,83.8,Yes
8.7,85.7,,Yes
4.1,29.1,52.2,Yes
,96.4,65.7,No
16.9,73.4,96.1,No
11,85,47.3,Yes
5.2,105.4,61.8,Yes
7.1,82.4,63,Yes
6.2,117.2,52.3,No
9.8,37.4,66.8,Yes
10.9,68.6,56.4,No
19.5,38.9,64.2,Yes
0.4,81.3,62.5,Yes
9.8,76.5,65.5,nan
8.4,53.2,50.6,nan
14.7,118.5,57.4,Yes
11.8,67.8,62.6,Yes
13,30.9,64.5,Yes
11.7,88.6,65.1,Yes
5.3,88.9,73.9,No
16.1,65.4,48.5,Yes
14,90.8,61,No
14.6,56,51.1,No
16.3,66.7,49.5,Yes
12.1,82.9,70.2,No
17.4,93.5,66.2,Yes
11.9,70.5,56.9,No
8.9,65.4,56.1,Yes
10,74.2,45.4,No
9.9,34.1,80.8,Yes
7.4,,62.9,No
,35.4,40.7,No
11.5,58.2,66,Yes
10.5,46.6,53.6,No
11.9,85.6,55.9,Yes
24.9,60.4,79.8,Yes
4.3,99.8,61.4,No
5.8,38.1,89.9,Yes
3.1,70.1,110,Yes
8.8,76.7,85.6,No
11.2,84.8,49.1,Yes
7.7,118.1,86.1,Yes
7.3,35.7,56.4,No
10.7,59.8,72.5,No
7.5,114.9,85.7,Yes
11.6,56.6,48.2,Yes
15.6,83.8,66.8,No
13.4,56.2,66.8,No
14.4,47.1,51.9,Yes
15.4,58.7,37.8,No
11.4,114.6,75.7,Yes
9.2,51.7,43.8,Yes
6.1,69,74.8,No
8,69.9,62.1,No
7.4,93.3,85.1,No
,97.6,48,No
11.7,77.2,,Yes
13.5,11.2,96.4,Yes
,57.2,54.4,No
17.2,51,89.6,Yes
7.9,98.2,53.2,No
4.5,56.6,,Yes
7.8,108.7,52.2,Yes
22.4,83.2,72.8,Yes
8.1,97.7,46.1,No
8.4,120.1,56.9,No
9,56.1,57.4,Yes
9.3,42.6,54.3,nan
6.1,,87,No
10.7,94.1,53.4,Yes
15.4,61.7,66.8,No
11.6,75.7,92.8,No
4.4,99.3,68.7,Yes
8.3,97.4,,Yes
7.2,,95.4,No
10.3,80.4,81.7,No
16.7,56.3,84.3,Yes
9.3,46,85.2,Yes
9.6,102.2,63.6,nan
18.9,32.3,42.9,No
14.4,78.8,79.8,No
12.9,67.6,39.5,No
19.8,86,43.5,Yes
12.4,61.3,64.9,Yes
0.1,97.8,80.6,No
14.2,70.6,54.8,Yes
2,104,55.9,Yes
12.3,79.4,,No
1.4,54,78.9,nan
7.7,85.9,71.7,No
8.2,,87.2,No
6.1,72.9,74.1,No
8.3,60,48.2,Yes
15.2,92.2,46.9,Yes
6.4,55.7,62.7,No
12.7,57.8,60.8,No
5.2,85.5,96.6,Yes
9.1,70.8,63.3,Yes
11.6,,91.2,No
5,55.8,70.7,No
3.4,83.1,77.4,Yes
12.5,69.6,20.8,Yes
15.6,73,100.5,Yes
9.6,80.2,53.7,Yes
-1,84.1,81.7,No
10.8,77.3,41.3,No
10.3,8.4,89.9,No
11.2,73.9,41.5,Yes
-2.6,64.7,50.2,Yes
4.7,75.6,58.1,No
5.8,96.4,59.2,Yes
10.8,,60,No
10.9,76.4,70.6,No
13.2,84.5,48.9,No
11.3,68.8,69.9,No
3.5,48.8,90.8,nan
17.2,50.9,49,No
16.4,74.3,63.4,Yes
3.7,62.6,77.7,No
11.7,36.4,39.3,No
7,59,45.6,No
10.7,49,73,No
15.3,90,59.9,No
20.7,45.3,68.3,Yes
13.8,103.4,71.2,Yes
11.5,118.2,39.9,Yes
8.3,60.2,91.1,No
10.9,62.7,63.4,No
,93.9,64,No
9.8,96.7,62.1,Yes
5.6,65.2,73.3,Yes
1.9,66.2,76.3,No
12.6,66.4,21.2,nan
11.2,58,77,Yes
6.8,93.2,45.9,Yes
15.1,78.1,57,No
7.9,60.5,48.8,Yes
9.3,76.3,56.6,Yes
9.9,67.4,59.6,Yes
8.2,,61.6,Yes
11.2,70,40,No
15.8,89.8,65.1,Yes
4.3,83.7,71.9,nan
12.4,72,63.6,Yes
10.9,83.8,56.3,No
10.8,79.2,50.8,Yes
14.4,124.7,24.5,No
10.2,73.1,72.4,Yes
,22.9,68.9,Yes
13.6,118.8,58.6,No
7.5,64.8,39.7,Yes
11.5,76.7,61.9,No
8.7,64.1,56.3,Yes
9.3,63,85,Yes
8.4,52.6,81.8,Yes
12.4,35,53,No
10.4,60.7,76,No
12,,48.2,No
9.9,42.1,84,Yes
2,85.1,67.7,No
10.2,121.4,96.1,Yes
10.3,80.7,54.4,Yes
11.2,47.2,,No
,83.1,86.9,Yes
4,94.2,,Yes
,101.1,44.4,Yes
8.6,78.8,76.3,Yes
10.9,87.1,50.1,No
,92,59.7,Yes
10,87,52.7,No
7.8,81.4,93.5,Yes
5.2,,65.7,Yes
12.4,94.1,70.2,No
7,64.3,65,Yes
10.8,127,53.4,Yes
12.1,62.2,73.9,Yes
,91.1,78.8,Yes
,49.4,55.6,No
22.1,65.5,66.3,No
7.4,63.2,80.7,Yes
13.1,47.7,47.3,Yes
19.7,63.5,62.5,Yes
13.9,82.2,77.3,Yes
-1,70.1,49.7,No
9.7,98.9,66.9,Yes
5.8,,56.9,Yes
14.4,88.9,54.3,Yes
12.8,63.1,54.5,nan
7.4,97.6,44.9,Yes
4.8,90.7,31.6,No
3.4,95.3,50.6,Yes
14.9,71.8,71.1,Yes
10.6,101.6,50.2,No
11.1,41.8,58.2,Yes
5.9,83.9,44.3,No
2.7,77.8,67,No
14.8,91.7,91,Yes
,73.5,73.4,No
14.5,55.3,61.1,No
8.1,53.2,71.1,nan
8.8,74.8,82.7,No
13.6,69.8,80,Yes
13.7,92.1,81.9,No
14,94.1,68.6,Yes
8.5,76,91.7,No
13.1,75.5,59.7,Yes
15.5,96.3,86.7,No
9.5,70.1,75.6,Yes
7.4,70.9,55.2,No
16.7,48.5,200,No
6.7,92.6,68.1,No
13.1,73.2,40.7,Yes
9.7,97.7,68.2,Yes
0.8,50.9,50.4,Yes
15.6,65.2,77,Yes
-3.8,93.9,45,No
,81.5,93.7,Yes
12.6,51.3,,Yes
12.6,93.5,39.1,nan
6.8,48.9,76.6,No
10.7,91.6,40.9,Yes
-2.7,55.4,73.8,No
,99.2,52.7,Yes
11.2,77.3,99,No
9.8,81.9,63.9,Yes
10.1,73.4,32.6,Yes
12.5,76.8,62.2,Yes
9.9,76.7,50.1,Yes
0.6,89.1,86.8,No
21,73.7,,No
16,104.2,58.6,Yes
3.6,60.3,71.3,Yes
,92.2,77.9,No
8.8,86.3,76.8,No
15.4,99.7,31.4,nan
-0.8,77.4,85.5,Yes
7.5,81.6,37.6,No
1.2,81.4,81.3,No
8.6,50.7,56,No
7.6,82.9,59.9,Yes
10.4,140.4,60.7,Yes
7,107.2,66.5,No
6.2,59.4,84,No
13.1,39,84.5,No
12.3,76,67.8,No
12.8,,77.5,Yes
9.1,74.2,61.6,No
7.1,112.8,59.7,No
9.4,59.4,78,Yes
12.5,79.5,80.6,No
-0.9,72.8,56.1,No
,89.6,89.4,No
,91,84.8,No
10.3,98.8,38.5,No
,72.5,52.3,No
-2.8,100.2,55.5,Yes
7.8,81.9,59.5,Yes
18.9,102.2,48.7,Yes
10.1,105,62.6,Yes
8.5,75.4,68.1,nan
10.1,61.5,90.9,No
11.8,79.1,81.1,No
13.3,94.8,100.6,Yes
8.9,44.9,45.6,No
12.1,65.1,67,No
18.4,88.7,62.9,Yes
15,23.2,63.1,Yes
21.7,54.3,56.4,nan
6.7,62.7,58.3,Yes
18.4,73.3,59,Yes
6,68.6,76,Yes
11.8,68.9,69.9,Yes
13.7,48.4,54.9,nan
7.4,110.4,79.1,Yes
10.4,62.8,41.7,No
14.6,36.9,77.2,No
6.4,97.7,72.5,No
18.3,59.5,49.8,No
3.1,50.8,68.3,No
19.7,88.6,49.2,Yes
15,64.6,71.8,No
9.6,78.4,41.1,No
8,62.3,72,No
7.5,65.7,33.5,Yes
9.3,55.1,72.1,Yes
9.8,50.7,,nan
16.3,144.4,68,Yes
19.8,58.4,79.6,No
11,45.7,47.1,No
5.8,97.6,,Yes
7.3,80.3,43.6,No
9.1,75.3,57.3,No
4.8,65.2,46.7,No
4.1,66.9,,Yes
20.5,69.1,48.3,No
11.5,97.7,82.4,No
5.8,70,86.8,Yes
14.1,97.9,43.2,No
4.1,73.9,72.6,No
4.5,70.9,71.4,No
6,54.6,50.3,No
18.3,117.9,99.3,No
8.7,75.3,62.5,Yes
-2.2,75,65.9,No
16.1,112.2,37.7,Yes
8.5,83.3,73.6,No
0.8,85.5,37.2,No
8.4,76.2,,Yes
12.6,59.5,56.6,No
12,99.3,54.6,No
19,46.7,54.4,Yes
5.7,55.5,85.7,No
10.2,59.5,79,No
6.5,80,77.5,Yes
2.3,74.7,64,Yes
14.4,37.7,50.9,No
12.3,121.3,56.1,No
11.4,90.2,54.7,Yes
12.1,65.2,69.9,No
6.6,83.7,69.7,nan
5,83.9,65.2,Yes
10.2,,79.1,No
15.8,82.9,60.9,Yes
18,83.1,72.1,No
14,96.8,46.1,Yes
10.1,76.4,,Yes
11.3,,79.6,No
,70.8,53.2,No
4.9,66.3,78.4,Yes
10.1,59.6,77.7,Yes
3.3,58.9,39.8,No
9.4,65.7,80.2,Yes
18.2,70.3,49.1,No
14.1,95.1,74.1,No
5.4,67.4,91.6,No
9.6,68.3,70.4,No
5.8,69.2,,No
9.7,74,77.2,Yes
15.2,109,63.3,Yes
13.3,67.4,62.7,nan
22.4,86.2,71,No
16,82,64.4,Yes
11,76.2,39.4,No
13.4,55.8,59.4,nan
9,85.5,53,Yes
4.4,36.5,77.2,Yes
,54.6,53.9,No
15,64.2,71.4,No
8.8,70.5,66.8,Yes
11.4,76.7,60.4,No
16.2,102.8,55.3,No
14.2,87.6,66.3,Yes
2.7,78.4,66,Yes
11.2,68.3,53.5,No
9.2,68.5,61.1,No
15.6,52.3,,Yes
15.2,32.9,72.3,Yes
16.6,49.5,65.4,No
4.4,98.4,68.3,No
6.1,60.8,66.4,Yes
15.6,64.5,59.5,Yes
7,95.4,57.1,Yes
2.4,,84,No
12.7,63.3,53.1,No
7.3,53,90.1,No
18.9,80.9,90.5,Yes
11.5,86.1,55.1,No
10.8,86.5,73.6,No
8.2,105.2,73.4,Yes
18,86.1,76.3,Yes
11.8,80,71.4,Yes
8,,50.5,Yes
6,,87,Yes
9.6,119,90.2,No
5.1,109.8,57,Yes
15.1,,53.9,Yes
1,60.9,34.6,Yes
9.3,61.8,72.3,Yes
13.1,69.2,61.4,Yes
11.7,98.9,47.4,No
6.4,25.7,67.4,No
13.3,115.2,52.5,No
5.6,75,71.6,No
9.9,98.5,54.7,No
13.3,50.4,52.9,No
12.3,89.5,66.4,No
6.6,82.7,59.5,Yes
16,86.3,43.3,No
10.4,61.2,82.6,Yes
13.7,67.3,59.3,Yes
17.6,50.3,77.9,Yes
15.6,90.3,69.3,No
15.6,101.9,36.7,No
11,80.6,72.8,Yes
,21.4,59.2,Yes
11.1,102.1,61.6,No
4,77.4,98,No
11.5,21.9,72.2,nan
11.3,40.9,62.8,Yes
12.9,53.9,58.6,No
9.4,75,94.3,Yes
6.2,,64.9,No
13.3,57.2,80.3,No
3.4,93.3,70.2,Yes
17.3,98.7,67.4,No
,94,80.3,Yes
11.2,42.3,68.7,Yes
12.8,93.9,64.7,No
13,65.4,72.8,No
3,,,No
14.1,80.2,71.9,Yes
11.5,99.3,66.8,Yes
,86.1,57.5,No
6.3,83.7,70.3,No
8.3,67.6,55.6,Yes
3.5,99.1,52.3,No
18.6,93.6,,Yes
17.4,68.4,77.2,No
12.3,66.2,77.3,No
8.9,60.8,84.1,No
9,91.4,75.4,Yes
13.8,79.7,41.9,Yes
18.8,80.8,79.5,No
7.1,67.8,58.9,nan
4.4,104.2,57.2,No
17.7,,73.9,No
1.1,90.6,80.1,No
5,94.6,72.3,Yes
,68.7,62.6,No
2.2,46,78.4,Yes
15.6,82.7,68.6,No
14.3,98.9,71.1,No
7.1,110.4,50,Yes
16.4,88.1,45.7,Yes
17.2,62.7,60,No
9.4,88.9,50.2,No
7.7,85,85.2,Yes
21.3,81.4,42.9,No
13.6,57.3,54.4,No
11.3,87,39.1,Yes
16.8,84.4,70.9,Yes
11.5,123.6,55.5,Yes
7.5,76.8,90,Yes
10.4,108.9,70.7,Yes
15.2,,60.7,Yes
0,76,68.7,No
,99.7,71.6,No
16.9,59.3,76.8,Yes
7.4,71.2,80,Yes
17.7,64.3,59.2,No
,71.8,52.2,No
9.7,34.9,70.7,No
7.2,111,90.8,Yes
8.6,68.9,84.1,No
23.3,,93.6,No
19.4,79.9,89.3,No
10.6,69.6,47.8,Yes
7,49.5,64.4,Yes
10.6,56.7,63.3,Yes
11.2,70.3,66.7,Yes
3.8,65.5,67.7,No
10.4,,81.4,No
16.6,61.3,39.3,Yes
1,,77,Yes
14.1,92.5,73.9,Yes
16.9,,74,No
7.2,57.4,56,Yes
18.5,79.3,74.1,No
6.5,,57.3,No
12.2,67.7,69,Yes
8.5,93.4,62.6,No
8.5,78.7,53.9,Yes
6.9,150,40.3,No
13.5,59,77.9,No
14.2,41.8,57.9,Yes
9.7,71.4,61.8,Yes
3.2,48.4,71.7,No
12,39.8,46.4,Yes
12.1,33.9,74.3,Yes
8.9,114.7,69.1,Yes
19.3,,45.1,No
2.2,68.7,,No
-1.1,76.2,79.2,No
6.3,77.4,82.9,Yes
13.6,87.4,78.7,No
4.7,74,53.5,No
5.1,65.9,56.4,Yes
14.8,79.4,48.1,Yes
12.3,79.2,76,Yes
11.9,76,46.2,Yes
13.9,87.8,91.1,No
7.9,62.5,64.1,No
8.1,71,60.5,Yes
14,48.5,57.8,nan
3.3,70.1,54.6,Yes
-0.7,62.2,64.7,No
7.8,96.1,,No
,45.8,79.7,No
11.3,65.5,77.6,No
14.3,64.5,68.3,No
-0.1,88.4,77.7,Yes
11.6,49.5,52.3,No
13.3,75.1,48.3,No
3.2,76.6,72,Yes
14.3,93.5,63,nan
,57.9,66.1,No
25.4,48.9,,Yes
-0.9,84.5,65.8,No
16.8,47.1,48,No
-1,64.5,81.2,Yes
1.9,70.2,64.3,Yes
7.4,87.3,86,Yes
11.4,44.2,67.6,No
15.2,69.1,53.7,No
18.6,75.5,76.7,No
17.1,57.8,48,No
5.2,67.8,60.6,No
,92.8,62.4,No
12,64.9,30.9,Yes
6.7,,86.9,nan
8.9,92.7,73.1,No
6.5,70.6,43.6,Yes
10.2,101.8,69.8,No
6.4,42.2,48.2,nan
4.9,69.5,69.7,Yes
12.4,90.5,51.2,No
13.1,60.6,66,Yes
9.1,70.3,71,Yes
16.8,100.3,68.8,No
,59.5,60.2,No
8.5,84.7,55,Yes
13.3,89.9,60.9,Yes
9.3,76.5,80.2,Yes
10.4,75.8,72.2,No
-2.6,54.5,76.5,No
10.1,89.6,64.5,Yes
0.9,49.9,80.3,Yes
3.9,82.8,87.3,nan
3.3,64.6,44.6,No
4.8,67.1,49.1,Yes
7.3,71,,No
7.6,85,90.9,nan
13.3,106.2,48.4,Yes
11.1,150,44.6,No
0.5,60.6,53.6,No
10.4,46.2,57.7,No
11.6,98.2,67.3,No
8.4,78.5,76.6,No
9.7,,62.2,No
11,76.2,91,Yes
13.8,90.3,64.3,Yes
2.1,66.8,54.7,Yes
8.8,61.7,50.7,Yes
17.5,,58.5,No
17.1,53.4,67.8,No
14.3,68.1,63.1,No
,96.5,59.1,No
18.3,64.8,60.3,Yes
19.6,80.2,53.2,Yes
9.4,97.5,68.4,Yes
5.2,82.6,,Yes
8.6,114.5,60.3,No
25.5,76.4,70.6,No
,71.9,57.7,Yes
7.6,67.4,90.5,No
2.9,114.8,56.4,Yes
10.6,99.4,58.9,No
4,45.8,41.1,No
9.5,117.2,36.9,No
0.2,85,61.8,Yes
13.1,77.6,56.6,No
16.1,85.4,72.5,Yes
8.1,55.8,72.9,Yes
9.3,78.9,68,Yes
9.2,68.8,72.2,No
10.9,67.8,74.3,No
9.8,94.2,71.2,Yes
13.8,69.7,56.4,nan
16.2,77,52.7,Yes
5.9,81.6,,No
8.5,,59.1,Yes
14.5,100.4,67.7,Yes
2.9,75.3,80,No
0.1,,60.1,No
11.1,113.1,67.7,No
12.5,23.4,94.6,No
6.4,92.3,69.9,nan
7.1,72.1,72.6,Yes
6.2,86.4,89.9,No
5.7,75.8,62,Yes
13.5,100.6,74.7,No
4.1,83.4,,No
8.7,46.6,59.6,No
5.5,,59.7,No
2.7,70.7,72.1,No
14.4,,96.2,No
7.4,101.1,53.2,No
10.9,61.6,81.7,Yes
2.5,30.8,77.8,Yes
6.3,83.6,68.5,Yes
13.8,75.8,69.1,No
22.9,77.9,75.8,Yes
0.1,53,65.4,No
9,98.9,58.6,Yes
12.1,58.7,81.8,No
6.9,81.2,63,No
14.2,80.5,67,Yes
5.7,86,,No
-1,60.1,,No
7.4,56.5,43.6,No
16.1,92.1,67.2,Yes
6.6,,43.6,Yes
8.2,81.7,38.9,Yes
14.7,97.5,43.2,No
4.9,81.8,71.8,No
10.3,67.6,50.5,Yes
0.9,,63.1,No
4.6,84,55.4,No
11.9,84.5,71.4,No
5,57.3,38.5,No
7.3,55.4,64.2,Yes
12.5,92.6,58.8,No
7.1,72,76,No
14.1,36.1,74.1,Yes
11.1,47.6,32.9,No
12.2,48.6,82.6,No
16.2,96.3,80.5,Yes
11.6,74,71.9,Yes
17.7,75.7,44.1,Yes
14.6,67.9,72.7,Yes
7.4,53.8,75.5,Yes
16.5,90.2,,Yes
11.3,88,79.2,Yes
8,60.9,90.3,Yes
11.4,103,59.1,Yes
15.6,89.9,51.6,Yes
12.3,57.9,61.9,No
19.1,69.3,72.9,Yes
15.4,67.6,64.8,No
12.6,81.2,,No
4.9,46.4,82.5,No
9.1,60.9,62.4,Yes
10.4,90.9,74.1,Yes
13.5,43.3,74.7,No
13.2,71,62.3,No
10.8,50.5,74.3,Yes
,93.3,91,Yes
13.6,81.9,78.7,Yes
5.7,45.6,40.7,Yes
18.5,54.2,62.4,Yes
-0.2,75.3,,Yes
17.3,28.9,83.1,Yes
9.8,53,65,No
15,58.5,62.8,Yes
11.8,100.7,42.5,Yes
,63.5,110.9,nan
12.8,88.2,66.6,No
14,65.5,,Yes
8.4,89.9,42.3,No
15.2,44,,Yes
4.6,60.5,64.2,No
10,72.8,66.9,Yes
14.2,78.6,44.1,No
15,81.5,40,Yes
12.3,78.9,90.4,Yes
8,85.1,47.5,Yes
14.5,74.8,72.9,Yes
6.7,78.5,60.8,No
18.8,54.7,79.9,Yes
9.6,42.6,67.9,Yes
2.3,52.6,66.4,Yes
4,41.3,67.1,No
10.2,79.5,53.4,No
10.7,93.8,47.6,No
19.8,56,61.3,Yes
4.8,95.2,42,No
10.2,84,,Yes
4.7,63.9,67.2,No
7.5,68,60.9,Yes
18.4,97.3,79.6,No
4.3,28.5,77.7,No
12.9,97.2,72.7,No
12,92.9,72.5,Yes
9.9,63.2,53.1,Yes
12.6,73.1,,Yes
4.2,107.5,55.8,Yes
18.3,48.8,73.7,Yes
19.6,71.4,106.3,Yes
10.2,87.9,28.9,No
,79.2,76,Yes
8,76,66.1,No
12,111.3,55.7,Yes
17.2,52.8,76.2,nan
7.7,53.7,46.1,No
3.1,24.7,95.8,Yes
1.9,53.4,,Yes
20.3,61.7,56.7,Yes
7.4,81.4,36.1,Yes
9.1,94.2,55.6,No
4.4,55.7,86.5,No
14.7,72.1,93.8,No
6.1,102.9,,Yes
7.5,71.3,,Yes
11.5,85.4,58.8,Yes
4.7,97.4,60.7,No
9.1,56.4,51.9,Yes
17,52.3,86,No
12.1,107.4,54.4,No
10.7,86.6,70.9,No
11.1,48.5,67.6,No
8.1,53.9,104.3,No
20,71,65.5,No
5.9,102.9,57.4,nan
11.1,94.6,54,Yes
10.6,96.3,,No
15,66.3,95.3,No
15.5,74.8,92.1,No
9.8,59,57.6,No
11.5,,77.2,Yes
11.6,52.5,49.4,Yes
-1.4,57.6,64.7,Yes
2.1,60.5,44.4,Yes
7,72.1,65.7,Yes
7.2,83.4,49.8,Yes
4,108.3,64,Yes
13.7,67.7,84.9,No
10,86.8,52.3,Yes
8.9,71.4,58.9,nan
3.7,94.3,79.4,No
9.8,49.9,59.3,No
-3.1,64.3,46.9,Yes
9.2,88.3,58.8,No
10.3,86.6,65.4,No
11.2,87,74.3,Yes
2.2,103.2,38.1,nan
11.1,40.3,73.5,Yes
4.8,49.9,67.9,No
5.9,86.2,33.4,No
13.6,91.3,61,No
20.1,88.1,66.6,No
10.3,129.2,51.9,Yes
5.9,56.7,49.2,No
10.9,82.4,64.2,Yes
14.7,73.6,64.6,Yes
13.1,87.4,33,No
23.7,82.5,54.6,No
6.4,64.6,52.8,nan
11.3,82.8,44.9,No
17.7,76.7,77.9,No
17.4,77.6,79.1,Yes
0.2,97.7,43.2,No
10,124.6,62.3,No
17.4,36.7,,Yes
24.5,100.8,79.9,Yes
13.5,87.8,78.1,Yes
8.2,60.2,59.7,Yes
5,67.7,66.3,nan
21.1,,81.4,Yes
13.6,76,58.8,No
5.8,,51.2,Yes
9,61.3,81.9,Yes
11.6,59.8,49.3,No
12.7,55.7,39.1,No
5.5,,69.3,Yes
6.9,72.4,75.7,Yes
1.7,82.1,83.3,No
15.2,58.5,75,Yes
8.3,90.1,76.8,Yes
12.3,56.8,48.2,No
17.1,90.4,70.7,No
11.1,57.7,73.6,No
9.4,115.3,55.8,Yes
11,88,65.1,No
10.3,91.8,82.5,Yes
16.2,71.6,78.2,Yes
11.6,87.1,83,No
7.3,50,57.2,Yes
15.2,55.5,87.9,Yes
,68.9,56.9,No
,105.4,43.1,Yes
17.7,95.1,63.2,Yes
11.8,,63.5,No
11.4,55.3,52.2,Yes
15,73.3,70.8,Yes
7.2,100.1,101.6,Yes
14.8,79.9,72.5,Yes
8.1,24.3,77.9,No
2.6,51.5,76.1,No
,89.4,56,No
12.8,79.1,49.3,Yes
5.3,,62.8,No
18.1,97.2,65.2,No
15.9,68.1,84.5,No
16.7,89,53.7,Yes
10.6,107.8,65.5,Yes
11.3,79.5,65,Yes
,57.1,60.7,No
15,66.5,73.2,Yes
11.9,56.9,68.6,No
12.8,30.2,85.6,No
18.4,59.2,67.3,Yes
7,87.7,36,Yes
9.4,75.2,49.8,Yes
11.6,102.2,57,Yes
5.3,77.9,,No
9.1,92.7,49,No
12.5,39.8,79.7,Yes
8.4,66.2,42.1,Yes
16.5,69.6,72.6,No
2.4,58.5,45.6,No
15.6,105.5,64.7,nan
13.3,36.4,64.9,Yes
7.2,72.7,68.9,No
5.4,97.7,43.3,Yes
-0.4,90.3,80.1,No
6,67.4,58.2,Yes
15.2,,51.3,Yes
9.7,96.8,71.9,No
15.8,64.6,64.7,No
6.9,58.4,54.2,Yes
13.5,95,58.8,No
6.4,81.1,22.2,Yes
5.2,68,62,Yes
,81.5,58.7,Yes
,83.9,58.2,Yes
2.3,73.9,53.6,Yes
9.1,78.1,74.2,Yes
10.5,31.7,71.4,No
16.3,72.9,69.2,nan
14.7,62.2,49.3,No
16.1,59,55.2,No
13.6,,22.9,No
11.7,,71.3,No
3.9,69.1,,No
10.7,78.3,33.8,No
13,60.3,79.9,No
17.3,85.4,82.5,No
13.4,89.7,51.5,Yes
16.2,89.5,104.5,No
4.8,93.7,50.9,Yes
8.4,,57.9,No
12.1,69.6,61.3,No
15.8,79.9,,Yes
9.3,66.5,52.4,Yes
9.6,51.8,57.7,No
13.4,65,44.8,No
4.4,107.7,66.7,No
18,,85.1,No
5.6,59.1,61.9,No
0.4,64.1,75.3,Yes
10.1,86.1,59.6,Yes
18.5,82,87.6,Yes
12.9,89.1,66.1,Yes
13.8,125.7,49.1,No
10.2,91.4,66.4,Yes
9.2,93,61.8,Yes
2.3,132.2,61.4,Yes
-1.3,84.8,70.9,No
11,67.2,41.7,nan
16.6,68.9,62.2,No
11.7,96.1,81.2,No
13.1,50,84.6,No
17.9,36.1,,No
11.6,58.6,40.3,No
9.4,91.4,,Yes
5.9,86.9,51.3,No
20.1,71.8,58.6,No
12.6,96.4,52.7,No
5.3,87.2,63.8,No
4.1,81.9,56.1,No
16.3,74.7,77.6,No
4.8,92.9,75.5,nan
19.3,90.1,45.4,No
,,42.1,Yes
17.1,91.3,47.8,Yes
12.4,61.9,55.1,No
10.6,79.7,73.7,Yes
9.1,83,69.7,Yes
19.5,68.3,88.7,Yes
13.5,77.7,55,Yes
5.5,87.2,48.7,Yes
1.4,53.4,64.5,Yes
10.9,78.7,,Yes
10,119.3,66.3,Yes
-1,58.5,56.2,No
9.7,95.6,94.3,Yes
7.1,73.1,61.8,Yes
,98.7,95.3,No
13.6,60.5,71.4,Yes
17.5,75.1,,Yes
14.5,119.2,71.3,No
6.4,71.5,41.9,Yes
11.8,87.7,85.5,No
10.3,86.9,76.8,No
3.3,34.4,66.2,Yes
12,83.9,44.1,No
19.3,50.2,39.6,Yes
10.2,87.7,61,No
2,77.4,78.2,Yes
10.2,52.7,66.3,Yes
3.9,51.2,69.9,No
14.3,73.5,87.7,Yes
12.6,124.6,77.9,Yes
9.1,107.5,75.3,Yes
8.3,82.2,75.4,No
8.9,85.3,71.4,Yes
10,87,74,Yes
6.1,,72.6,Yes
3.1,61.1,73.5,No
15.7,92,118.4,Yes
8.1,63,63.4,Yes
10.8,103.8,31.4,Yes
11.4,47.9,48.9,No
11.6,57,81.8,No
4.1,103.3,70.9,No
1.6,69.3,60.7,Yes
7.1,72.5,71.3,Yes
12,,79,Yes
6.4,98.2,73.2,Yes
8.2,87.2,86.4,No
20.6,,93.3,Yes
0.8,91,78.9,No
6.2,83.2,64.1,No
19.5,96.7,85.3,No
9.8,132.1,54,Yes
6.5,85.1,47.5,Yes
15.8,57.8,47.4,nan
10.3,95.8,61.2,No
8.3,72.1,200,Yes
11,81.7,70,Yes
6.7,82.3,74.6,nan
4.9,63.4,92.6,No
9.4,67.6,59.8,nan
4.9,28.8,82.1,No
10.1,73,69,No
11.8,,75.6,No
14.3,75.3,93,No
15.6,65.8,77.3,No
8,82.5,53.7,nan
12.5,56.1,48.3,Yes
12.5,53.8,43.2,No
11.6,,38.6,No
7.6,86.6,58.5,No
4.9,85.2,68.2,Yes
12.5,69,65.4,Yes
1.5,96.9,55.8,No
8.7,52.5,37,Yes
-2.8,69.1,84.5,No
3.3,90,54.5,No
5.6,92.2,72.8,No
15.5,59.6,49.6,Yes
13.4,117.9,40.7,No
7.2,72.4,,No
13.6,76.8,73.4,No
14.4,94.6,39.6,Yes
9.2,106,60.3,Yes
3.1,76.2,63.2,No
9,98.5,58.7,No
9.5,65.9,46.3,Yes
3.8,108.4,62.8,No
11.8,75.8,54.5,Yes
11.4,81.3,43.2,Yes
12.2,68.1,82.6,No
11.4,79.3,79.7,Yes
13.6,,55.4,Yes
9.1,,56.1,No
11,75.3,63.5,No
8,53.9,,No
7.1,63.6,84.7,No
16.7,33,43,No
-0.2,50.2,79.3,Yes
14.4,74.7,66.8,Yes
6.9,94.2,62.4,Yes
6.2,67.9,46.9,Yes
11.3,74.4,62.6,No
2.6,98.2,63.2,Yes
5.9,91.7,59.8,Yes
5.8,91.4,62.4,Yes
8.9,77.4,81.1,No
6,65.2,69.7,No
18,82.9,,No
19,100.7,43.6,No
-0.1,111.1,59.7,nan
12.7,123.1,57.5,nan
14.3,105.6,73.5,Yes
12.7,75.9,68.6,Yes
6.7,51,76.5,No
8.8,87,89.1,Yes
6.3,96.9,68.4,No
7.9,,64.5,Yes
4,45.4,61.1,Yes
9.4,65.9,38.8,No
2.5,59.6,46.2,nan
9,42.8,40.7,No
3.8,82.6,56.9,Yes
11,99.8,59.1,No
6.6,71.2,90.9,No
11.5,41.8,66.5,No
15.4,79.1,67.3,No
17.9,52.8,53.7,Yes
-2.6,54.8,62.9,Yes
5.8,94.2,31.9,No
8.5,99,74.6,No
12.3,69.2,58.8,Yes
1.7,89.6,46.7,Yes
5.1,53.5,62.4,No
10.7,85.6,75,Yes
10.4,67.3,76.6,No
11.9,48.5,92,Yes
12.2,56.9,63.2,No
11.7,83.2,47.9,No
11,45.4,70.2,Yes
10.3,69.4,79.7,No
,,72.4,Yes
-1.2,65.1,67,No
17.7,44.2,76,No
-1,69.5,59.8,Yes
4.6,88.6,66,No
8.9,49,69.1,Yes
13.4,98.7,25.3,Yes
-5,90.3,55,No
9.9,82,46.1,No
14,86.5,44.1,Yes
15,77.5,43.9,No
6.5,81.7,66.5,Yes
8.5,76.4,73,No
6.9,92.7,47.9,nan
8,100.9,48.7,No
4.8,58.6,71.1,No
5.6,61,79.9,Yes
12.2,67.2,71,Yes
10.7,62.8,79.6,No
,97.7,62.2,Yes
,45,76.7,Yes
13.5,85.9,60,No
14.4,102.7,,Yes
1.3,63.4,,Yes
5.7,104.4,,No
8.8,98.1,90.7,No
9.9,68,67.7,No
6.6,91.4,89.8,No
14.6,58.5,72,Yes
19.9,53,63.5,No
10.9,65.7,58.2,No
10.4,102,92.9,Yes
14.2,65.8,62.7,Yes
0.7,75.8,64.9,Yes
10.1,54.9,78.9,Yes
14.9,92.3,70.7,nan
6.8,91.6,60.6,No
3.9,60.9,79.1,No
9.1,28.7,41.3,Yes
9.7,67.8,63.7,No
5.5,83.9,65.5,Yes
20.5,74.7,62.8,Yes
7.6,76.6,77.5,Yes
4.2,82,52.5,Yes
9.5,64.8,63.2,No
14.5,49.9,102.6,Yes
10.1,89.8,75.8,Yes
12.4,57.3,79.9,Yes
,51,63.4,Yes
17.4,85,,Yes
12.8,,41.3,No
15.2,58.6,81.9,Yes
11.8,106.6,61.3,Yes
14.1,106.8,54.8,Yes
5.6,,53.8,Yes
7.5,90.2,63.8,No
16.7,98.1,79.7,Yes
17.8,114.3,46.6,nan
4.3,,87.5,Yes
11.2,80,49.9,No
7.8,92.5,59.7,No
6.5,65.7,56.7,No
11.4,77.9,65.6,No
15.7,78.8,55.2,Yes
,72.2,56.3,No
8.4,68.7,46.8,No
12.6,,67,Yes
8.2,55.9,44.9,Yes
12.1,78,60.6,Yes
17,49.2,50,No
-0.4,34.8,48.9,Yes
14,98.9,53.8,Yes
2.3,100.7,52.1,Yes
16.1,65.3,71.6,Yes
6.8,76,56.6,No
3.9,69.2,84.7,Yes
13.5,69.2,54.7,Yes
11.8,65.2,62.3,Yes
5,84.2,56.9,nan
3.7,67.4,63.2,Yes
9.1,83.3,64.6,nan
4,108.4,64.2,Yes
4.7,82.8,74.6,No
10.6,77.5,,No
5.2,63.6,68.7,Yes
12.1,74.7,82.9,Yes
17.5,41.6,60.5,No
9.3,105.8,84.2,nan
10.7,55.8,67.5,Yes
20.1,36.6,24.7,Yes
4.1,72.9,67.9,No
16,82.1,86.2,Yes
15.4,101.5,73.9,No
14.3,,63.3,Yes
16.5,93.5,56.9,Yes
11.4,93.6,89.5,Yes
7.1,91.6,66.2,No
15.5,52.3,47.4,No
15.7,85.2,66.8,Yes
15.5,47.3,52.2,No
10.2,114.9,29.8,Yes
6.4,89,65.2,No
11,62.5,65.8,Yes
14.7,82.5,59.8,nan
15.1,54.8,59.9,No
7.9,43.9,67,No
11.6,,54.8,Yes
3.5,55.4,48.2,No
14.9,71.4,,Yes
,79.1,59.1,No
13.9,71.4,68.9,Yes
4.3,54.4,31.3,No
15.2,76.2,72.3,No
11.6,78,60.5,Yes
6.1,92.4,56.1,No
13.5,123.9,,No
7,35.5,82.4,Yes
13.7,,73,Yes
8.6,79.5,49.5,No
1.4,95.2,83,No
,81.9,,Yes
7.8,97.5,60.4,No
16.8,45.4,68.6,Yes
,68.6,33.5,Yes
18.1,104.2,68.7,Yes
18.3,57.8,52.4,nan
7.3,17,58,No
9.1,58.7,47.2,No
7.9,83.7,81,Yes
6.6,73.6,59.7,Yes
0.8,49.3,65.1,Yes
9.9,60.6,89.4,Yes
3.6,48.4,79.3,No
9.8,50.7,65.8,No
20.6,57.4,54.2,Yes
,77.1,54.1,Yes
11,27.2,71.5,Yes
14.5,102.3,51,Yes
11.4,72.9,36.7,No
11.5,52.9,53.3,Yes
8.2,,71.1,No
8.8,62.3,,Yes
5.2,75.1,80.5,Yes
14.2,78,55.2,Yes
1.3,71.1,62.1,Yes
14.9,59.9,53.5,No
3,,62.9,Yes
14.8,33.5,48.1,No
8.2,50.7,84.5,Yes
3.8,61.5,79.6,No
12.9,48.2,44.9,Yes
14.6,70.6,80.5,Yes
7.8,48.2,86.1,No
13.6,109.3,73.7,Yes
,45.8,83.1,No
3.4,105.2,66.4,No
16.5,34.9,74.6,Yes
8.9,115.1,72.3,nan
0.7,86.7,51.1,No
6.5,90.8,78,No
5.4,47.7,70.5,No
9.2,68.5,49.1,No
8.1,69.9,40.6,Yes
10.9,73,69,No
9.7,100.5,62.8,Yes
16.8,88.8,46.3,nan
12.1,71.7,83.3,No
12.3,95,71.9,No
,98.7,71.9,Yes
8.1,63.6,67.3,No
3.7,63.1,46.6,No
16,,48.9,No
10.7,70.2,83.4,Yes
10.7,62.1,68.3,Yes
6.8,71.9,49.2,Yes
6.9,96.5,63.6,No
14.2,89.4,72.4,Yes
14.9,72.5,57.1,nan
13.9,,68.1,Yes
14,80,80.5,No
12.8,72.2,91.2,Yes
10.7,69,38,No
9.1,78,78.6,No
16.1,66.7,72.5,Yes
8.1,76.4,69.9,No
11.8,74,51.8,No
6,46,71.5,Yes
6.7,64.4,57.2,No
8.8,69.8,71.5,nan
6,112.2,71.8,Yes
14,71.8,84,nan
3.3,80.5,77.1,No
10.5,118,36.4,Yes
10.7,43.4,65.7,No
0.9,44.3,84.8,Yes
7.8,59.4,42.8,No
11.3,68.3,63.2,No
12.1,70.4,70,No
9,64.8,,No
13.4,50.3,70.2,No
9.5,94.5,55.6,No
10.1,65.9,67.5,No
,98.7,68.4,nan
14.6,54.7,61.2,No
6.6,114.2,64.9,No
7.6,41.7,49.3,nan
6.7,74.7,63.2,No
8.3,,56.4,No
17.1,75.7,70.6,Yes
12.9,55.4,,No
4.3,32.1,,Yes
7,59.4,53.2,Yes
11.9,106.9,,No
5.5,55,63.8,No
6.4,85.2,66.9,No
16.7,75.1,63.5,Yes
,65.9,67,Yes
14.8,115.9,56.7,No
16.3,68.7,52.9,Yes
6.3,78.4,44.4,Yes
5.6,76.7,59.5,Yes
8.6,106.5,55.6,Yes
4.6,45,99.5,No
10.6,119.9,95.4,Yes
,105.4,72.2,Yes
11.8,83,51.5,No
17,87.4,63.7,nan
14.1,70.4,69,No
12.4,78,32.1,No
0.2,,64.6,No
12.2,56.8,45,Yes
18.6,105.4,60,No
-5.1,79.5,52.2,No
13.4,77.8,63.5,No
9.2,57.7,58.3,No
5.8,98.4,68.1,No
14,74.1,76.2,No
18.5,,73.4,Yes
13.9,53.3,92.8,No
8.1,71.8,58,Yes
5.3,51.6,86,Yes
10.7,81.9,49.8,No
14.4,90.5,38.6,No
8.1,67.1,73,No
8.5,79.7,87.6,Yes
24.1,99.4,52.8,No
15.4,71.5,72.9,Yes
,72.9,53.1,Yes
2.7,75.1,81.4,No
6.5,66.2,80.7,No
10.4,68,70.4,No
5,59.6,48,Yes
18,83.6,71,Yes
,73.6,39.8,Yes
7.3,87,65,No
18.9,95.4,52.9,Yes
10,54,66.5,No
22.9,58.3,65.5,No
10.7,88.8,,Yes
12.9,69.9,41.9,nan
17,76.6,47.3,Yes
16.4,76.7,91.7,Yes
12.6,56,77.6,No
9.3,85.1,69.4,No
12.6,80,41.9,Yes
5.9,54.8,69.6,No
10.8,71.7,70.3,No
4.5,72.8,58.4,No
1.1,90,47.3,Yes
10.3,98.5,55.1,Yes
16.3,74.8,80.1,No
14.6,41.4,76.4,Yes
9.6,89.5,79.7,No
18.7,119,73.5,Yes
7.2,89.4,51.2,Yes
0.4,69.5,39.9,No
-0.9,83,64,Yes
4.1,91,79.5,Yes
14.1,77.3,80.1,Yes
6.8,101.3,49.5,No
12.3,52.4,70,Yes
18.2,66.9,54.1,Yes
,84.2,60.9,Yes
12.4,89,45.9,No
12.7,64.1,75.6,Yes
,65.9,72.6,No
16.8,61.7,47.2,No
8.6,60.1,60.3,No
8.1,,41.7,No
20.6,74.2,,No
12.6,100.9,45.3,Yes
14.6,,65.2,Yes
16.8,71.9,57.3,Yes
6.7,89.7,65.6,No
16.2,81.9,56.9,Yes
7.5,53,76.7,Yes
7.3,98,59.6,nan
8.6,76.9,81.4,No
6.9,113.3,,No
,,73.8,No
11.3,98.2,63.9,No
7.5,67.8,46.5,Yes
13.4,70.3,88.2,No
8.6,84.9,91.4,No
8.4,41,63.8,Yes
10.2,34.6,61.6,Yes
12.3,61.5,79,Yes
11.9,49,64.5,Yes
8.2,29.9,75.4,No
14.2,89.9,68.7,No
8.9,59.2,67.5,No
6.7,,55.2,Yes
2.7,77.8,55.9,nan
14.9,85.1,80.8,No
10.1,80.7,86.7,No
11.1,79,67.4,No
15.2,84.4,84.1,Yes
7.6,65,53.3,Yes
3.1,60.7,73,No
,28.7,61.2,Yes
11.5,87.8,65.4,Yes
8.7,,61.4,No
17.4,114.7,61.8,Yes
-2.4,89.8,25.8,No
15.6,94,45.7,No
14,89.1,38.6,nan
12.3,85.6,57.8,No
-6.7,84.5,49.1,No
16.4,86.4,39,No
4.9,78.5,49.7,No
7.5,62.7,,No
9.1,51.4,109.6,No
,,62.8,Yes
13.2,100.8,59.4,Yes
14.5,72.5,44.1,Yes
14.1,78,48.6,nan
11.3,48.6,78,Yes
12.1,65.9,86.3,nan
4.5,50.4,51.1,Yes
6.2,51.8,67.4,No
14.5,77,103.3,Yes
14.2,73.8,93.4,No
13.6,90.8,68.7,Yes
7.4,90.3,50.7,Yes
,57.5,49.9,No
4.2,36.3,32.9,nan
15.4,56,64.7,Yes
8.7,60.8,91.3,No
18.4,86,54.5,Yes
2.4,,60.7,No
18.8,74.1,63.9,nan
8.2,89.8,65.2,No
8.1,126.2,51.4,Yes
11,72.6,62.7,Yes
6.5,70.3,69.7,No
9.6,58.2,72,Yes
6.3,81.4,70.1,No
6.5,97.7,53,No
12.4,65,64,No
5.5,67.2,69.7,Yes
6.2,64.6,80.6,nan
3.1,52,72.9,Yes
7.5,77.7,49.3,nan
16.6,78.4,66,No
5.8,74.2,71.1,No
6.3,111.8,72.2,Yes
11,83,74.2,No
8.1,52.7,73.2,Yes
21.1,87.6,41.6,Yes
9.2,68.2,49.8,Yes
11.7,68.4,82.7,Yes
14.7,71.5,50.4,Yes
14.6,69.3,69.4,Yes
11.2,80.4,55.7,Yes
9.2,117.3,79.8,No
,67.6,81.3,Yes
9.5,76.8,51.2,No
7.8,79.7,75.5,Yes
6.8,64.7,78,Yes
1.4,67,73.8,Yes
14.1,94.9,61.5,No
-1.7,64.8,39.2,Yes
10,57.2,82.5,Yes
9,110.7,55.7,Yes
21.2,50.9,61.6,Yes
0.8,92.7,72,No
5.5,71,49.8,No
9.3,50.7,48.3,No
9,67.5,52.2,Yes
7.3,70.5,51.1,Yes
,42.4,48.6,nan
3.7,83.6,64.9,Yes
11.8,81.5,,Yes
-1.6,68,54.6,nan
9.9,84.5,65.9,Yes
7,79.1,23.9,No
15.1,100.9,69.4,Yes
18.8,53.4,66,No
8.3,69.1,81.4,No
17,95,70.6,No
8.4,85.8,73.1,No
5.2,29,54.5,No
18.7,41.6,38.6,Yes
12.6,75,64.8,Yes
10,107.8,41.9,No
13.4,66.4,65.9,No
11.4,88,72.3,No
9.7,76.7,63.4,Yes
3.4,86.6,,No
8.6,96.4,91,No
13.1,93.9,,No
9.4,93.2,80,No
14.5,62.7,88.2,No
11.9,72,84.4,No
5.6,85.4,75.1,Yes
3.4,84.6,91.2,Yes
9.2,,70.4,No
7.4,39.6,80.1,No
11.7,98.9,68.2,Yes
6.4,40.9,,Yes
6.9,60,67.8,Yes
15.3,78.9,43.5,No
10.7,74.4,66.6,No
6.5,103.4,59.4,No
10.1,51.6,78.3,No
16.9,67.7,85.3,No
11.5,35.6,48.9,No
13,77.6,71,No
6.2,70.8,,No
15.1,50.2,84.9,nan
21.6,101.2,78.5,No
6,96.6,81.8,No
4.1,76.4,70.9,No
10.9,97.8,46.8,nan
14.4,73.2,54.2,Yes
9.5,89.3,71.5,Yes
4.7,92.3,46.1,No
9.5,53.6,57.4,No
13,83.6,59.6,nan
8,78.4,63.5,No
13,54.5,70.8,Yes
15.8,,69.8,Yes
11.2,85,74.2,Yes
,69.4,51.1,Yes
14.1,45.7,59.1,Yes
5.7,86.6,71.9,nan
5.2,93.7,47.9,No
8.7,51.6,76.3,Yes
7.5,,,Yes
6,105.4,45.4,Yes
,56.8,77.6,No
20.9,109.1,68.5,No
8.2,68.5,92.1,Yes
10.5,73.6,82.2,No
9.1,47.1,40.7,No
15.5,47.8,61,No
16.5,61.9,67.3,Yes
1.1,92.7,69.1,No
12.4,121.8,51.1,Yes
3.5,127.1,66.3,Yes
18.8,72.5,60.8,No
12.2,67.9,52.3,Yes
5.9,55.3,57.6,No
,97.3,57.9,No
8.6,60.5,92.6,No
12.6,70.3,82.6,nan
15.2,84.9,69.4,No
4.3,84,39.7,Yes
19.2,62.8,86.1,No
18,73.1,34.6,Yes
5.6,63.3,45.7,No
,58.4,42.2,Yes
18.6,54.5,50.9,No
16.2,45.6,90.2,No
8.3,82.2,76.7,No
14.1,70.2,68.9,Yes
,52.3,65.1,Yes
10.5,50.4,50.9,Yes
6.8,50.1,77.3,Yes
10.9,62.8,86.9,No
11.2,97.5,78.5,Yes
7.4,61.4,74.3,Yes
12.2,,80.1,No
3.7,106.2,66,No
6.7,78.4,35.2,Yes
,59.7,82.1,Yes
1.2,73.2,49.3,No
14.5,,65.4,Yes
-0.1,109.6,,No
1.3,40.4,64.6,Yes
7.5,97.3,89.6,nan
11.4,40.1,67.3,No
16.6,91.2,52.5,Yes
10.3,66.8,63.8,No
8.8,111.5,57,Yes
12.9,88.5,81.3,No
5.6,86.5,62.3,No
10.7,56.2,75.8,No
4,111.1,70.9,No
10.4,131.3,37.4,No
9.4,115.2,53.9,Yes
6,54.9,65.7,Yes
10.8,71.2,59.7,No
,51.2,67.4,No
15.9,62.8,73.4,No
2,80.7,,No
9.6,,70,Yes
6.2,85.7,66.8,Yes
14.3,40.6,74,Yes
13.8,74.3,55.8,Yes
12.5,85.4,68.5,No
6.5,94,71.3,No
14.4,83.6,66.5,Yes
2.3,84.8,64.7,No
1.3,70.2,75.3,No
3.6,80.4,50.2,No
,126.7,52.5,No
13.4,99.1,61.9,nan
-4.9,82.3,,No
16.6,89.6,43.7,No
10.7,76.5,80.2,No
2.2,76.4,86.2,No
10.5,94,68.2,nan
15.5,63,,No
13,72.4,40.1,No
15.5,47.6,96.6,Yes
3.2,90.5,46.9,No
7.9,96.4,57.4,Yes
5.4,87.1,37.6,No
18.6,70.3,,No
13.2,74.1,75.2,No
24.2,77.9,56.2,Yes
7.7,96.9,77.8,nan
6.4,95.7,59.8,Yes
9.3,46.3,83.3,Yes
16.9,57.4,60.1,Yes
8.2,83.7,79.4,No
10.6,48.2,50.1,No
10.5,93.4,53.2,Yes
10.2,69.5,50.6,No
6.7,89.1,,No
9.3,75.7,,Yes
9.1,73,,Yes
10,53.3,50.3,Yes
14.7,64.1,94,No
18.8,72.7,62.9,Yes
5.8,72,59,No
8,89.5,76.2,No
5.9,62.1,58.1,Yes
10.9,74.4,69.5,Yes
7.3,105.1,,Yes
11.2,91.4,74.1,No
15.5,77.1,64.5,No
-2.6,,66.6,No
12.5,47.5,70.3,Yes
7.7,87.7,72.9,No
12.3,89.8,70.1,nan
5.5,36.1,67.3,No
,89,50.9,Yes
14.6,63.8,73.4,No
12.8,,46.8,Yes
14,92.8,65.4,No
6.3,89.6,67.2,No
6.9,73,43,Yes
13.8,88.8,54,Yes
6.2,67.7,,Yes
17.2,59.2,52.7,No
8.4,100.2,73.7,Yes
12.5,101.5,47.1,Yes
20.5,,44.1,Yes
6.5,64.3,76.2,Yes
10.3,92.8,81.7,Yes
15.3,61.1,200,No
14.8,91,70.9,No
8.4,54.5,85.1,Yes
7.4,69.3,,No
8.8,94.6,66.1,Yes
17.2,55.6,61.6,No
8.6,63.2,53.8,No
10.4,82.5,42.3,Yes
7.9,39,51.9,Yes
13.5,,82.3,No
10.8,98.2,89.4,Yes
5,92.3,48.8,Yes
5.2,74,76.1,Yes
0,75.4,61.4,Yes
5.8,104.8,87.8,No
14,102.4,64.5,Yes
16.6,73.1,55,Yes
13.4,62.4,68,No
12.8,92.1,42.7,No
9.4,97.6,67.2,Yes
13.9,102.6,60.5,Yes
11.4,86.7,60.5,No
19,67.9,55.5,Yes
9.5,41.6,53.1,No
16.7,113.8,69.4,No
14.4,107.1,66.2,Yes
13.7,,61.8,No
-0.1,78.8,70.5,nan
14.6,70.6,63.6,No
9.4,76.3,61.4,Yes
7.8,67,54.6,Yes
2.6,88.8,81.2,No
10,52.3,99,nan
10.2,67.1,29,Yes
3.5,92.5,61.3,Yes
2.6,35.5,62.4,Yes
12.4,81.2,67.4,Yes
14.4,64,106.7,No
11,107.3,65.8,Yes
15.8,81.6,59.8,Yes
9.6,59.3,74.2,No
9.7,104,77.5,Yes
5.4,75.4,55.9,Yes
2.2,77.6,63.7,Yes
19.3,92.7,64.3,No
15.7,62.9,89.2,Yes
3,103.9,67.1,No
10.8,86.5,71.8,No
9.5,62.2,56,Yes
8.6,66.4,71.9,No
8,49.9,,Yes
11.9,81.2,61.1,Yes
14.1,71.4,56.3,No
12,81.3,68.2,No
9.4,41,62.7,No
9.2,64.5,50.5,Yes
14.7,55.4,51.4,No
12.3,84.9,68.1,No
10.4,63,66.4,No
9.8,84.4,74.4,Yes
11.7,64.3,66.9,Yes
7.7,107.5,48.6,Yes
14.1,76,73.6,No
4.6,,52.1,Yes
7.9,72.7,80.5,nan
13.1,93.5,79.4,Yes
4.3,59.5,56.1,Yes
2.1,74.2,52.5,No
10.3,65.7,47,Yes
,112.4,45.5,Yes
3.5,51.2,89.4,Yes
13.8,,52.9,No
9,47.5,59.1,No
,89.7,102.2,Yes
4,62.6,82.3,Yes
9.5,80.1,80.4,No
12,71.6,75,No
4.1,58.4,80.6,Yes
15.2,76.6,29.7,No
12.6,66.7,63,Yes
2,86.4,54.7,Yes
9.8,54.9,,Yes
11.9,84.4,43.1,Yes
7,92.3,62.6,Yes
2.6,72.8,43.9,No
11.4,48.5,61.6,Yes
21.1,109.6,58.2,No
8.1,84.3,89.3,No
17.8,60.6,74.7,Yes
6.2,84.9,78,Yes
11.1,41.5,48.7,Yes
13.9,98.5,84.2,No
10,117.5,73.9,Yes
8.5,91.5,63.6,No
13.6,54.9,43.3,Yes
19.5,35.2,70.9,Yes
11.5,102.3,60.4,No
7.4,72.1,54.8,Yes
9.1,67.2,68.6,Yes
22.6,98.3,59.3,No
10.7,,63.3,Yes
7,90.2,46.6,Yes
4.3,75.5,41.6,Yes
,79.9,86.8,No
11.8,107.6,46.9,No
13.3,,47.6,No
8,63.4,55.8,No
9.9,71,77.6,No
4.1,50.9,55.1,Yes
10.7,93.7,62.6,No
12.4,91.1,,Yes
7.3,74.8,82.2,No
18.5,56.5,33.4,Yes
5.8,,68.4,No
11.4,58.3,93.8,Yes
14.2,70.4,60.8,Yes
9.6,37,51.1,Yes
9.1,124.9,32.4,Yes
2.9,83.3,70.3,Yes
16.8,85.9,78.8,Yes
9.2,72,,Yes
12.7,89.8,87.1,No
13.4,69,76.5,No
6.9,71.8,40.6,No
9,103.1,83.1,Yes
16.7,97,52.3,No
4.4,74.8,58.9,Yes
20.6,115.4,75.8,Yes
6.3,73.4,70.1,No
4.1,64.9,52.2,Yes
10.7,77.5,70.5,No
21,81,24.2,Yes
0.4,51.2,78.2,Yes
9.3,84.7,57.8,No
12.4,117.3,94.7,nan
10.2,94,60,No
11.9,88.3,83.4,No
6.4,84.6,78.7,Yes
7,55,76.8,No
9.3,55.1,77,No
4.4,78.3,72.4,Yes
9.8,66.4,74.7,Yes
8.1,46.1,76.1,Yes
7.6,68,,No
11.6,84,55.3,Yes
0.9,86.6,57.7,nan
8.9,58.3,60.3,Yes
,,68,No
4.6,83.3,76.4,No
16.4,49.6,66.2,Yes
10.3,59.6,79.3,No
7,74.7,65.2,Yes
3.4,56.8,97.7,No
10.7,68.4,66.1,Yes
17.3,124.9,64.2,No
8.1,44.9,55,nan
9.6,103.5,82,No
15.1,81.8,80.8,No
11.7,50.5,88.9,Yes
2.1,88.6,84.6,Yes
10.5,75.9,65.7,No
17.6,99.1,47.4,Yes
9.8,88.2,,Yes
-3.7,78.9,80.7,Yes
11.9,68.9,63.9,Yes
9,98.4,200,No
0.9,67.2,60.4,No
1.6,47,84.2,Yes
14.9,37.1,59.7,nan
6.3,50.3,75.3,Yes
5.5,91.1,78.6,Yes
9.8,67.7,,No
6.8,59.6,55.4,No
10.5,66.3,60.9,No
9,91.6,41.2,Yes
4,87.7,59.3,No
7.4,78.2,39,No
12.2,63,80.5,No
10.2,67.2,45.8,No
9.6,72.4,49,No
,57.1,60.6,Yes
13.7,72.8,57,Yes
14.3,56.1,94.2,nan
9.2,82.3,82.7,Yes
11.1,84.6,61.4,Yes
7.8,97.3,88.4,Yes
13.9,80.2,71.7,Yes
9.4,79.6,64.5,Yes
11.1,58.3,51.3,No
10.8,74,56,Yes
9.9,54.5,97.8,Yes
24.7,40.9,72.1,Yes
6.7,69.7,61.4,No
6.6,64.9,66.2,Yes
13.5,87.2,67.1,Yes
7,55.8,64.2,No
8.5,131.3,28.1,Yes
,65.4,77.7,No
12.5,73.6,91.7,No
12.5,63.7,69.3,Yes
8.4,90.6,71.8,Yes
,70.7,52.6,Yes
0.7,55.4,,Yes
,38.3,70.7,No
9.2,86.5,200,Yes
4.1,88,62.4,No
1.3,81.9,80.8,No
8.5,70.7,67.7,No
13.5,68.6,73.5,No
16.4,90.6,57.1,No
7.3,,78,Yes
13.7,97.5,49.5,Yes
13.2,73,65,Yes
16.1,72.3,70.6,No
8.2,82.4,58.7,Yes
1,,65.6,Yes
10.4,98.5,75.2,Yes
4.9,74,75.5,Yes
6.4,67.5,64.7,No
8.5,50.8,58.9,Yes
8.3,88.8,,No
10.7,39.3,96.6,No
13.5,109.1,73.7,Yes
,91.9,90.4,Yes
12,60.1,68.3,Yes
10.1,99.6,69.8,No
14.7,86,31.3,Yes
9.1,84.4,62.5,Yes
9.6,69.7,79.8,Yes
8.1,86.1,69.1,Yes
9.2,46.7,63.8,No
6.1,76.3,65.8,Yes
5.6,61.4,,Yes
13.9,69.2,,Yes
4.6,61.2,80.5,Yes
8.4,62.2,89.4,No
15.1,100.8,75.3,Yes
8.2,46.3,51.8,No
14.1,83.2,74.4,Yes
7,52.4,,No
4.7,101.4,88,Yes
2,83.6,62.7,No
16.6,46.9,32.8,No
4.3,81.7,50.5,Yes
13.7,61.1,62.2,No
5,79.5,65.2,Yes
16.6,48.4,77.1,No
21,99.6,63.6,Yes
1.6,35.1,56.9,Yes
4.6,58.8,52.8,No
13.9,53.4,62.7,No
12.6,82.6,67.7,Yes
13.9,,68.9,No
7.1,71.3,75.2,No
,62.2,69.3,Yes
10.6,47.6,,No
3.9,70.4,45,Yes
8.7,48.9,59.1,Yes
4,38.4,59.7,No
18,87.5,86.5,No
6.7,50.2,51.9,No
12.5,104.1,73.1,Yes
7.6,103.4,89.1,Yes
6.9,92.7,75.4,Yes
0.4,52.3,79.5,nan
13,117.4,87,Yes
16.5,28,71.6,No
5.4,57.3,77.3,nan
2.3,91.7,66.3,No
14,90.1,93.4,Yes
1.8,60.5,,No
16.1,59.3,54.4,No
5.5,70.7,52.6,Yes
4.5,73.3,57.7,No
11.2,65.6,41.9,Yes
4.8,108.2,,Yes
6.5,61.3,87.3,No
,104.3,,Yes
-2.1,83.1,66,Yes
18.2,,49.4,No
10.2,45.1,56.6,No
3.5,95.6,72.7,No
4.9,94.9,59.2,Yes
15,61.7,65,Yes
13,92,45.7,Yes
16.9,45.4,50.2,No
6.6,65.5,56.7,nan
11.5,98.3,81.7,Yes
12.1,71.4,68.4,No
13.5,69.7,53.7,Yes
15.6,103.1,59.7,No
6.4,,86,No
9.4,71.4,75.8,No
6.9,73.7,50,Yes
,59.1,67.3,No
13.5,102.5,67.1,No
1.7,56.8,76.5,nan
15.5,57,47.8,Yes
4.3,25.6,58.1,Yes
8.5,97.2,80.4,Yes
16.2,68.4,76.6,No
11.6,68.4,56.2,No
,70.7,72,Yes
4.1,98.9,58.2,No
4.8,107.3,70.8,No
14.7,40.4,76.7,Yes
7.1,65.7,54.2,Yes
7.5,52.3,59.6,No
14.8,70.5,66.5,Yes
4.8,73.2,57.6,No
11.3,40.6,55.9,Yes
10.2,82.4,70.4,No
10,66,81.2,Yes
7.4,90.6,56.3,Yes
7.1,75.6,,No
,40.7,52.4,nan
12.4,87.3,63.6,Yes
6.7,48.2,85.2,Yes
14.8,50.4,59,Yes
8.9,68.7,84.9,Yes
4.7,69.3,57.7,Yes
,39.9,45.3,No
7.9,72,90.6,Yes
15,73.2,62.9,No
8.2,72.4,79.2,No
8.6,41.2,,Yes
17.1,77.9,74.7,No
12.5,87.4,61.6,Yes
18.3,48.1,71.4,No
16.3,53.5,61.4,No
5.6,90.7,44.1,Yes
14.9,106.6,59.5,No
17.6,71.7,77,No
17.7,66,81,nan
14.9,79,81,Yes
14.8,102.1,64.8,No
8.5,58,84,Yes
5.8,65.3,50.3,No
8.2,64.8,104.9,Yes
1.7,46.7,64.6,No
16.7,92.1,66.4,No
8.6,80.2,47,Yes
16.5,34.7,58,nan
3.8,74.8,75.7,Yes
15.4,108.2,72.8,No
7.5,80.5,43.5,Yes
3.6,107.1,69.7,No
18.1,63.8,40,Yes
15.5,94.3,83.4,No
11.1,101.3,83.7,Yes
10.2,73.5,49.5,Yes
12.2,66.8,68.2,Yes
11,97,43.8,No
6,85.8,58.3,No
7.9,94.1,68.8,Yes
19.8,83.3,66.6,Yes
23.4,73.4,200,No
17.8,73.2,67.7,No
12.4,67.9,70.5,No
8.3,83,55.7,No
6,71.5,62.3,Yes
6.3,80.1,65.6,Yes
7.2,59.1,62.3,Yes
20.8,58,105.6,Yes
19,86.7,66.4,Yes
13.7,82.8,44.3,No
5.2,66.4,48.7,nan
14.5,102.5,68.7,No
8.8,58.6,63.2,Yes
-0.8,83.7,62.4,No
11.4,84.2,41.6,No
5.8,76.1,44.5,No
6,100.3,48.2,Yes
8.7,150,50.3,Yes
7.5,52,,Yes
9.8,29.5,75.5,Yes
9.6,65.2,67.6,Yes
0.6,55.3,77.8,nan
,66.3,85.1,Yes
5.1,111.4,68.6,nan
5.2,128.9,200,Yes
8.4,56,,Yes
,79.5,44.9,No
17.3,79,56.7,No
11.3,81.9,61.6,nan
12.8,47.6,67.8,No
11.4,99.7,82.8,Yes
11.2,93,,Yes
11.5,65.4,44.8,Yes
0.3,99.6,88,nan
8.8,46.2,80.1,Yes
15.8,41.1,110.1,Yes
29.7,80.3,42,nan
4,83.6,67.3,nan
12.1,71.7,43.1,Yes
7.1,97.1,89.7,Yes
,61.9,37.1,Yes
3.2,99.1,50.7,Yes
13.1,90.8,69.4,No
3,112.3,67.1,Yes
8.4,39.5,64.4,No
9.8,65.3,71.8,Yes
15.3,56.9,80.8,nan
4.6,90.5,71.4,nan
13.3,106.5,58.9,No
10.1,67.6,52.5,No
11.4,87,69.5,Yes
14.8,103.9,71.7,Yes
3.6,81.5,74.1,Yes
14.1,,60.5,No
7.2,35.3,39.3,No
15.5,106.3,74.4,Yes
11.7,69,57.3,No
9,128.4,67.3,Yes
7,58,66,Yes
14.1,84.5,44.8,Yes
16.3,91.5,64.6,No
7.3,25,70.1,No
4.3,110.5,77.1,No
13.5,89.9,36.8,Yes
2.8,45.1,41.8,Yes
3.5,82.4,56.5,Yes
4.7,82.3,60.3,No
7.9,72.3,39.9,Yes
3.3,63.1,55.2,nan
0.3,73.6,45.6,Yes
4.3,92.2,47.8,Yes
13.2,91.4,65.7,Yes
3.6,75.2,56.5,Yes
8.3,79.6,47,Yes
19.7,72.5,76.5,No
9.8,55.5,53.5,No
,73.9,85.3,Yes
5.3,60.3,37.5,No
20.8,55.1,74.6,No
7.3,26.6,64.4,Yes
8.9,66.8,60.4,No
16.6,90.7,61.5,Yes
9.1,99.5,64.3,No
10.2,83.9,,No
8.6,49.1,84.1,Yes
,71.9,62.7,Yes
11.9,51.9,83.3,No
12.8,113.2,60.3,Yes
6.8,67.3,66.2,Yes
6.2,65.1,61.5,No
7,93.5,38.7,No
3,74.2,52.9,No
2,96.4,88.5,No
11.5,52.5,52,Yes
14.7,76.8,76.9,No
14.4,85.1,32.4,No
-1.9,22.6,58.9,No
8.8,61.3,71.4,Yes
4.5,,64.1,No
10.7,76.1,70.5,No
7.9,68.8,27.6,Yes
13,80.9,49.5,Yes
9.9,70.3,55.5,nan
0.5,97.9,49.7,Yes
5.2,117.2,63.1,Yes
10,45,37.7,No
10.5,75.5,59.8,Yes
3,96.7,94.1,No
,60.9,59.4,No
10.3,80.6,40.3,Yes
3,67.4,80.1,No
1.7,54.9,56,No
7.8,54.7,41.7,No
7.6,25.6,61.9,No
5.6,78.3,56.7,No
6.5,79.6,66.7,Yes
,56,65.3,Yes
6.4,69.4,72.7,Yes
10.4,46.2,,Yes
8.1,85.7,98.9,Yes
10.8,67,54.7,Yes
14.4,90.4,44.4,No
14.2,68.6,50.8,Yes
16.4,55.2,81.8,Yes
14.2,64.3,39.6,No
11.2,105.2,79.2,No
7.8,,97,No
8.1,44.9,,No
5.6,93.1,58.3,No
10,52.8,74.8,nan
13.5,59.8,78.2,Yes
6.4,79.2,58.4,Yes
9.8,84.8,48.6,Yes
6.6,60.4,63.9,Yes
11,87.2,78.2,No
7.3,98.7,84.9,Yes
,89.6,66.4,No
6.6,55.7,61.8,Yes
12.5,66.1,63.2,No
9.5,92.5,,No
7.9,106,67.8,No
11.3,49.6,75.7,No
7.9,81.1,82.3,Yes
15.6,89.7,61.1,No
5.1,47.1,55.4,Yes
,95.4,67.8,No
3,117.3,53.4,Yes
8.3,88.3,57.4,Yes
1.6,86.3,34,Yes
13.7,60,80.3,Yes
13.8,65.2,51.7,No
13.9,62.1,83.3,No
-1,57.3,50.7,Yes
5.6,70.2,44.5,No
6,81.2,39,No
,,31.6,Yes
17.2,68.1,88.3,No
10.6,81.4,76.6,No
7.4,32.7,67.5,No
16.8,94,85.8,No
6.5,79.3,51.3,Yes
11.1,79.5,49.9,No
16.8,98.1,67.3,Yes
5.8,93.8,56.7,No
14.1,87.1,83.6,No
12.6,80.6,111.2,No
9.8,74.8,81.5,Yes
5,63.4,69.8,No
6.4,55.8,65.8,No
11.4,82.7,89.9,No
2.9,,66.2,No
10.7,77.8,73.6,Yes
12.7,48.1,50,Yes
14.9,21.9,57.4,Yes
3,76.1,72.5,No
16.6,38.3,82.8,nan
18.5,81.4,62.2,No
12.1,114,72.2,Yes
4.8,81.6,49.7,Yes
8.4,66.3,71.4,No
9.8,54.1,81.5,No
,63.5,65.7,Yes
10.1,,62.8,Yes
11.4,96.5,58.1,No
9.5,77.8,,Yes
11.3,69.2,85.3,Yes
7.7,88.5,56.9,No
8.3,104.5,64.5,Yes
7.1,81.3,51.1,No
19.6,78.8,64.3,No
17.3,41.8,80,No
12.8,47.8,48.2,No
16.6,45.2,50.7,Yes
14,71.2,87.6,No
,58.3,57,Yes
2.5,65.1,77.7,Yes
8.7,58.1,57.9,Yes
8.3,59.8,53.6,Yes
4.3,37.9,98.7,No
2.6,79.4,62.1,No
12.5,89,75,No
11.6,76.4,63.2,No
4.2,82.3,62.2,No
,84.3,83.9,No
15.8,83.5,59.4,Yes
5.6,,50.6,No
10.9,98.8,60.8,No
9.1,106.6,65.9,No
12.5,36.5,57.9,Yes
5.7,84.3,55.2,Yes
10.5,50.8,46.1,Yes
10.8,103.1,57,Yes
11.2,76.3,43.2,No
10.4,,50.4,No
11.7,77.3,76.8,Yes
21,79.2,80.9,Yes
22.8,107.9,65.6,Yes
6.8,99.8,42.4,No
-1.6,107.1,57.8,No
13,71.1,82.2,No
10.9,32.5,71.8,Yes
15.3,89.9,47.3,No
11.4,52.7,77.1,Yes
10.3,67.8,59.3,No
15.6,73.8,55.6,Yes
16.3,75,69.9,nan
3.1,87.9,63.6,No
5.9,56.5,91.3,No
9.5,87.5,75.5,No
10.5,71.2,63.9,No
8.9,127,74.5,No
12.2,43.2,51.5,Yes
15,77.5,88.3,No
18.6,87.3,70.8,No
12.9,66.8,99.1,No
5.7,63.5,54.1,No
9.3,101.5,34.2,Yes
9.6,91.8,61.5,Yes
12.6,59,32.8,Yes
,45.3,99.6,No
20.3,86.8,64.1,No
7.7,81.5,45.4,nan
11.9,86.4,56.1,Yes
21.8,72.4,40.5,Yes
7.1,92.2,50.9,No
10.7,,,Yes
5.3,105.6,72.5,No
10.4,58.6,,No
,125,69.8,No
15.2,88.2,65.2,Yes
10.7,46.5,43.2,No
5.3,83.7,69.4,No
14.2,79.6,100,No
10.9,72.7,79.3,nan
14.8,70.9,70.6,No
4.3,89,61.5,No
11.8,89.1,53.7,No
13.9,63.3,116,Yes
7.9,64.3,76.8,No
3.7,63.5,65.5,Yes
9.8,71.5,61.7,No
16.1,92.7,51.8,Yes
15.6,99.1,88.4,No
7.9,70.7,68.9,No
3.6,97,73.8,Yes
7.8,83.8,46.8,Yes
7.7,77.7,73,Yes
12.2,112.4,64.6,No
9.5,81.6,70.7,Yes
6.2,72.3,60.4,Yes
15.5,91.7,63.4,Yes
10.7,50.4,72.6,Yes
12.2,70.6,50.9,No
1.4,80.2,50.2,No
-2.1,89.4,38.6,No
2.8,79.8,67.1,Yes
7.6,49.2,71.4,No
12.9,57.3,50.4,No
-1.7,66.4,45.8,No
18,,63.8,No
10.9,49.1,74.8,No
16.8,103.2,39.8,No
5.6,81.3,58,nan
12.5,80.7,81.8,No
10.4,71.5,53.4,Yes
14.1,46.1,56.2,No
8.8,76.8,200,No
12.4,90,62.4,Yes
15.5,71.9,71.3,No
6.7,96.4,77.6,Yes
11.2,,87.3,Yes
0.6,88.9,81.9,Yes
13.5,72.8,92.9,Yes
19.8,82.6,94.5,Yes
3.8,92.4,74.3,No
9.5,53.4,67.2,Yes
14.4,,61.5,nan
10.2,96.1,54.6,nan
10.8,118.8,39.1,No
8,76.4,57.4,No
7.9,33,82.4,No
9.6,39.4,53.2,Yes
10.2,57.3,86.2,No
4.1,100.6,64.6,Yes
9.7,118.9,81.6,Yes
17.8,66.9,80.9,nan
7.9,76.1,55.2,No
-1,23.4,91.4,Yes
9.2,88,93.4,nan
6.4,77.7,73.7,Yes
3.3,70,31.6,No
10.7,55.7,52.4,No
6.4,68,42,Yes
6.9,48.1,62.8,No
10.8,57.8,55.4,Yes
2.3,49.6,71.6,Yes
1.3,54.7,46.4,nan
13.4,51.9,29.6,No
0.3,86.5,79.6,Yes
5.1,52,80.7,Yes
1,74,,Yes
,53.2,56.9,Yes
12.1,53.9,58.9,Yes
10.6,,56,No
22,94.6,84.2,No
,71.3,67.3,No
5.3,60.1,38.3,Yes
4,54.9,75.8,No
23.5,,66.9,Yes
15.3,60.6,66,No
12.9,46.3,74.9,No
10.4,,36.1,No
11.4,60.8,64.7,Yes
2.6,59.4,72.7,No
10.8,99.8,,No
10.4,70.1,58.2,No
5.5,71.4,58.3,Yes
7.3,100.6,78.3,Yes
17.6,,48.6,No
9.4,65.3,,No
20.4,44,57.7,Yes
1.3,,86.5,Yes
7.4,87.1,66.8,Yes
2.3,26.5,64.6,No
4,,33.5,Yes
5.9,81.2,44.6,Yes
11.6,75.7,75.8,No
11.3,50.2,62.1,No
6.6,90.4,74.1,Yes
-1.1,108.7,77.1,No
17.4,66.9,82.8,nan
8.6,68.7,48,Yes
4.4,75.5,,No
11.4,67,70.1,Yes
11,71.4,71.6,No
8.4,95.6,37.6,No
10.7,73.7,74.4,No
4.2,80.8,52.4,No
13.8,115.7,66.8,Yes
5,104.3,92.8,No
7,54.1,70.8,No
13.2,109.9,68.2,Yes
16,102.5,71.1,Yes
17.9,104.9,53.8,Yes
15.3,62.5,41.7,Yes
8.4,79.2,74.2,Yes
2.3,67.2,66.8,Yes
17,77.4,84.5,Yes
16.9,110,51.3,No
6.6,77.8,45.8,Yes
14.6,40.6,75.7,No
8.3,67.5,55.1,nan
17.5,61.9,41.7,No
7.4,110.8,56.3,No
19.9,58.7,49.3,No
13.9,66.9,42,Yes
19,67.5,71.4,No
7.7,107,73.6,Yes
12,94.2,,No
5.2,86.4,92.7,Yes
14.2,79.7,61.2,No
14.5,79.3,74.6,No
22,76.5,41.9,No
12.4,116.1,47.7,Yes
13.6,49.7,81.1,No
7.6,19.7,82.7,No
12.7,,200,Yes
8.1,103.1,,No
10.6,78.7,,No
10.9,35.4,73.3,No
8.2,89.9,49.9,No
10.3,53.7,103.6,No
8.1,49.3,113.9,No
8.1,55.4,55.7,No
15.4,42.8,63,No
10.9,79.1,76.9,No
11.7,62,79.3,Yes
2.7,48.4,57.5,nan
12.1,122.6,75.9,Yes
12.7,64.4,62.6,Yes
8,76,47.8,No
20.4,106.1,60.3,Yes
,,,No
13.9,113.2,71.2,No
13.6,61.1,52.7,Yes
12.7,95.9,60.9,Yes
10.9,84.8,77.5,No
12.8,94.9,73.9,Yes
14.3,91.9,64.9,Yes
6.4,59.6,63.9,Yes
11.5,131.5,83.1,Yes
9.1,29.8,82.7,No
4.5,57.7,58.6,No
13.6,88.6,21.3,No
7.2,80.8,40,nan
2.5,77.7,42.9,Yes
7.3,89.3,63.2,No
6,58.1,73.9,Yes
15.1,91.8,75.9,Yes
10.8,72.4,51.4,Yes
16.9,103,56.4,Yes
6.7,,63.3,Yes
14.4,,63.2,No
24.2,87.7,57.7,Yes
11.8,93.1,103.3,No
14.3,75.7,69.7,Yes
13.5,69.3,48.6,Yes
2.9,59.5,64.9,No
12.9,84.7,58.5,No
11.5,37.1,60.8,Yes
8.7,81.2,51.7,Yes
5.6,82.7,52.4,Yes
13.5,112.5,36,No
5.1,61.8,61.4,No
20.7,78.8,65.4,Yes
10.6,78.2,56.3,No
3.9,52.9,78.5,Yes
7.4,74.9,64.3,No
8.6,48.2,65.6,Yes
22.1,94.3,68.6,Yes
5.6,86.8,64.5,No
9.4,83.6,65.8,Yes
7.3,62.3,44.1,nan
12.5,103.4,81.8,No
,53.3,44.7,nan
4.3,76,78.8,Yes
9,51.6,70.1,Yes
8.5,71.3,56.8,No
7,100.4,,nan
7.3,84.4,60.6,Yes
15.9,56.6,79.8,Yes
8.4,64.6,54.2,Yes
4.3,67.4,64.8,No
7.7,58.3,53.8,Yes
10.3,80.5,50.4,Yes
3.3,118.7,63.3,No
18.1,63.8,85.9,No
14.3,113.6,72.3,No
17.2,74.9,62.8,Yes
12,81.4,63.3,Yes
-0.5,80.2,41,Yes
17.7,41.1,52.2,No
,84.1,53.4,Yes
,26.4,67.4,Yes
10.8,79.2,79.7,Yes
16.9,78.3,62.6,nan
15.3,44.3,68.2,No
14.5,76.3,65.6,Yes
8.4,69.1,67.2,Yes
8.4,71.9,65.2,No
11.7,72.1,70.9,Yes
9.3,,54.4,Yes
14.4,76.5,78.3,Yes
14.2,92.3,49,Yes
13,70.2,41.4,No
-2.6,74,67.9,Yes
10.6,88,63.9,No
9.5,120.4,60.1,nan
10.8,71.1,59.1,No
6.2,41,74.9,No
3.4,57.1,,Yes
-1,87,50,Yes
8.2,,72.8,Yes
12.9,56.1,77,Yes
6.6,74.1,52.9,Yes
17.1,75.4,84,Yes
15,59.6,61,No
11.5,105.7,59.7,Yes
8.9,,67.7,No
14.3,81.9,66.2,No
12,66.6,77.2,Yes
11.2,94.1,100.6,No
15.2,85.3,49.7,No
17.1,66.3,59.5,Yes
3.7,94.4,59.8,Yes
4.7,82.4,93.9,Yes
6.1,41.8,39.9,No
2.5,55.2,62.4,No
9.7,48.4,72.9,Yes
13,95.6,81.3,Yes
9.9,61,60.1,No
7.3,87.5,84,No
15.6,118.4,52.5,Yes
10.7,90.9,58.1,No
11.7,66.6,38.4,Yes
15.8,60.1,77.4,Yes
9.4,68.9,51.5,Yes
20.3,54.4,,Yes
7.8,52.1,87,No
20,,50.5,No
5.1,85.6,82.5,nan
12.6,64.6,80.8,Yes
6.8,70.5,63.3,No
15.6,84.4,64.1,No
7.6,89.5,55.9,No
,36.4,63.5,Yes
6.7,40.5,55.4,No
14.7,,89.4,Yes
6.7,52.7,67,No
18.4,92.1,80.2,Yes
5,65.7,54.5,Yes
3.3,111,85.4,No
14.8,65.2,78.1,Yes
7,81.2,72,No
10,61.7,74.1,No
8.4,84.8,65.8,No
3.4,85.2,76.1,Yes
9.6,92.8,76.5,Yes
16.3,72.3,74,No
15,100.4,74.2,Yes
11.2,81,67.9,No
15.6,62.1,42,No
4.7,62.3,62.8,No
8.4,89.6,53,No
12,100.3,45.1,No
9.3,52.6,70.9,No
,90,89.8,No
4,45.3,31.1,Yes
-0.4,,51.1,Yes
14.1,84.8,64.7,No
11.2,58,72.3,No
14.5,104.3,60.2,Yes
7.8,87.2,73.1,No
,51.4,83.4,No
10,88.1,69.1,No
14.3,48.6,71,No
8.8,75.1,41.5,No
14,92.5,31.4,No
5,89.2,56.1,Yes
9.2,73.3,65.9,Yes
9.6,68.1,68.6,Yes
16.1,51.8,68.4,Yes
11,78.7,56.4,No
18.7,91.1,70.2,Yes
3.3,116.3,64.2,Yes
10.6,65.9,66.6,Yes
10.9,91.9,67.4,Yes
13.1,90.3,56.4,Yes
5.9,65.5,59,nan
18.4,89.4,93.7,Yes
10.1,58.7,76.5,No
4.6,80.1,61.3,nan
9.9,70.8,66.6,No
8.4,83.9,60.1,No
23.9,85.5,67.5,Yes
15.2,64.4,67.7,No
10.2,74.8,55.6,Yes
9.4,72.4,70.5,Yes
14.8,53.2,67.9,No
15,67.6,56.8,No
-4.6,63.4,77.3,No
13.2,52.5,55.5,Yes
10.1,58.9,50.4,No
3.4,69.8,77.1,nan
14.4,76.1,50.8,Yes
21.2,50.1,73.1,No
12.8,99,91.9,No
15.5,87.3,81.3,No
19,73.3,57.2,No
5.8,50.6,55.3,Yes
0.7,70.7,79.2,Yes
13.3,69.5,68.4,Yes
,53.4,40.6,Yes
,51.8,74.9,nan
9.6,90.3,61.7,No
13.6,68.5,66.8,Yes
9.3,92.7,67.7,No
6.1,74.7,69.9,nan
8.9,90,,Yes
9.9,,88.3,No
0.4,84.3,43,No
9.3,98.7,72.3,No
,77,41.5,No
13.3,45.1,85,No
2.2,48.3,82.1,Yes
15.1,61.9,54.2,No
8,89.8,63,No
7.3,67,78.1,Yes
11.5,79.1,62.3,Yes
5.7,85.7,56.6,Yes
11.4,,65.7,Yes
6.3,29.2,86,Yes
7.2,51.3,,No
12,110.3,52.3,Yes
4.3,81.5,56,No
3.7,21,93,Yes
11.2,76.4,85.3,No
,111.1,51.7,Yes
10.8,80.5,63.7,Yes
11.6,75.9,78.1,Yes
10.3,38.4,77.2,Yes
13,69.6,67.1,No
10.5,42.1,65.6,Yes
0,50.6,94.6,No
1.3,46,62.9,Yes
19.6,109.8,,Yes
10,89.6,67.5,Yes
14.8,103,69.5,No
8.3,48.5,63.4,No
9.7,78.8,46.3,No
7.7,54.8,70.7,Yes
22.3,57,50.4,No
11.3,150,65,Yes
7.3,78.6,57.9,No
1.7,80.7,80,Yes
19.9,,41.6,Yes
9.2,77.6,47.6,No
13.7,82,66,No
14.3,61.5,65.1,Yes
7.7,69.6,61.5,Yes
13.4,42.1,70.2,Yes
7,31.9,67.8,No
5,115.2,78.4,No
15.8,79.1,67.3,nan
9.2,67.8,91.2,No
12.6,91,48.7,Yes
12.1,57.6,89.2,No
13.2,77.2,65.4,Yes
2.2,97.1,37.7,No
7.1,53,28.8,Yes
8.4,65.2,56.5,No
5.8,47.4,75.3,No
12.1,91.7,78.7,Yes
15.9,79.1,51.5,Yes
16.7,98.4,55.5,Yes
8.3,91.9,83,No
11.5,69.8,41.2,Yes
12.2,83.2,53.2,No
13.1,83.4,74.9,Yes
5.6,89.7,53.5,No
19.1,104.3,70,Yes
14.6,53.2,60.7,No
14.8,37.5,56.1,No
16,54,50.5,Yes
12.7,84.5,,Yes
4.9,83.3,99.3,No
9.3,63.6,55.5,No
1.7,69.6,68.1,No
12.1,58.3,71.5,Yes
9.2,72.9,105.2,No
9.8,61.1,88.2,No
16,107.7,39.7,No
7.7,101.5,73.9,Yes
8.7,89.5,76.8,Yes
10.1,75.6,83.8,Yes
0.8,,42.6,No
8.7,77,64.1,nan
-2.4,78.2,59.5,No
7.1,40.4,71.3,Yes
14.3,80.2,58.9,No
12.2,49.2,59.8,Yes
7,66.9,43.9,No
10.2,78.4,76.2,Yes
4.6,57,62.7,nan
10,84.6,60.6,Yes
24.7,96,60.4,Yes
19.2,57.3,58.9,No
10.3,77.3,78.6,No
10.8,50.1,72.6,Yes
5.1,51.7,34.8,No
6,81.2,,No
11.8,89.3,37.2,No
7.4,44.8,28.4,Yes
14.5,116,82,No
,65.1,75.4,Yes
11.7,79.1,88.2,Yes
10.5,64.3,59.9,No
1.6,69.3,79,Yes
,,,No
,105.1,35.6,Yes
7.9,42,81.8,No
14.8,63.7,57.8,Yes
15.1,134,71.5,No
7.7,66.3,57.7,No
8,83.5,42,No
6.5,97.7,69.8,No
4,92.1,89.1,Yes
6.8,18.6,46.7,Yes
1.9,81.7,68.2,No
13.4,110,83.8,No
12,75.6,27,No
12.8,54.2,49.9,Yes
5.2,54.6,64.9,Yes
4,71,58.1,No
10.3,88.5,55.3,Yes
10.3,132.8,,No
9.3,69.2,66.2,No
,86.2,51.4,No
18.6,44.1,45.9,No
12.1,41.3,46.9,nan
19.9,65.1,83.4,Yes
16.3,83.9,52.7,No
18.5,73.3,71.9,No
4.6,76.1,,No
13,69.5,,No
,74.4,53.2,No
1.7,69.1,56.3,No
17.5,,65.7,Yes
8.5,45.2,67,No
4.7,102.2,46.5,No
7.9,58.5,85.3,No
6,70.2,86.4,No
6.5,98.8,65.7,Yes
8.9,69.6,69.6,nan
18.7,92.5,52.4,No
6.7,57.2,41.8,No
18.3,106.1,64.1,nan
14.2,79.5,59,nan
12,,89,No
13.7,71.7,101.3,nan
10.1,90.3,52.4,Yes
16.4,79.7,66.9,Yes
12.8,11.1,77.7,Yes
1.7,66,71.8,No
11.5,81.4,71,Yes
13.9,55.6,,No
8.6,64.9,85.8,Yes
10.6,67.2,70.2,No
6.9,106.9,98.6,Yes
3.1,87,77.9,No
2.2,81.6,54.3,No
2.3,51.7,79.8,Yes
13.3,61.3,54.3,No
-2.5,92,67.2,No
6.7,88.2,77.4,No
,46.6,55.6,No
8.6,103,76.9,No
0.7,57.8,68.4,Yes
12,82.2,47.4,Yes
3.6,129.7,38.2,No
,66.6,38.9,Yes
6.9,78.4,60.1,Yes
9.5,63.8,55.9,No
,78.5,90.2,No
11.2,103.5,62.1,Yes
10.2,71.1,55.4,Yes
7.9,69.1,67.9,No
11.7,97.1,66.3,No
12.3,49.7,56.5,No
6.2,76.7,65.5,No
,60.4,61.2,No
16,70.2,57.8,No
13.5,57.3,57.6,No
14.7,46.4,73,No
10.9,30.8,55.6,Yes
5.3,65.9,42.8,No
6,79.6,63,No
11.6,91.3,63.6,No
14.7,48.3,54.4,Yes
23.9,78,101.6,No
14.9,86.2,76.3,Yes
4.1,82.2,61.6,No
6.2,80.2,54,No
21.4,31.8,45.5,No
8.9,72.6,47.2,Yes
10.2,73.4,60.6,No
5.2,85.9,77.4,No
17.8,102.7,77.9,No
12.5,69.8,69.6,Yes
6.1,68.1,75.3,Yes
5,77.6,68.8,No
11.5,75.4,73.7,No
10.2,83.6,64.1,Yes
14.2,85.6,53.9,nan
12.7,71.5,64.1,Yes
8.7,85,56,Yes
7.3,70.6,69.7,Yes
9.2,,49.2,No
7.2,51.9,65.1,No
9.3,28.3,89.1,No
10.1,108.3,95.4,No
,100.7,79.4,nan
13.2,95.7,83.6,Yes
8.1,70.7,51.9,Yes
5.8,94.5,56.4,Yes
8.2,93,71.2,Yes
,45.9,,No
10.4,59.3,87.6,Yes
12.1,85.7,50.3,No
14.5,65.2,68.1,No
-1,60.9,78.3,No
11.4,91.5,86.3,Yes
4.7,58.4,61.5,Yes
8.7,124.6,63.2,No
5,106.9,69.2,Yes
18.5,70.7,48,No
19.9,100,63.6,Yes
13.3,78.7,,Yes
14.3,66.7,59.7,No
11.3,114.6,91.7,No
11.8,82.8,72.7,Yes
,57.1,44.2,No
9.6,84.2,56.6,Yes
5.6,108.5,36.1,No
11.4,75,62.4,No
9.7,79.2,50.8,Yes
19.7,69,65.7,Yes
14.6,82,61.7,Yes
11.4,55.4,71,No
8.7,59.1,86.3,No
18.4,68.2,,Yes
9.9,78.4,89.5,No
11.7,97.2,63.4,Yes
10.2,72.1,60.6,Yes
8,91.5,53.5,No
10.2,66.2,55.7,Yes
0.2,86.8,71.3,Yes
2.3,99,45.5,Yes
11.7,72.7,59.4,Yes
17.8,82,46,No
11.7,63.3,65.5,No
6.4,86.7,49.6,Yes
2.8,19,44.3,Yes
13.9,42.5,63.1,No
7.2,86.5,41.8,Yes
13.2,42.3,,Yes
11.9,65.2,57.3,Yes
12.4,103.1,66.5,No
10.2,92.3,37,No
11.9,122.9,85,Yes
9.4,76.5,47.6,Yes
6.8,73.3,91.8,No
5.2,75.2,58.5,No
-1.9,56.5,84.5,No
9.1,70.7,79.3,No
17.6,,58.2,No
13.7,98.5,75.4,Yes
11.1,89.8,60.2,No
6.3,51.8,61.5,Yes
15,61.7,76.1,Yes
9.4,82.8,41.7,No
17.9,80.4,56.1,No
5.1,54,71.9,Yes
,76.3,78.6,No
5.8,86.4,67.6,Yes
2.6,,54.9,Yes
5.3,108.7,72.1,No
10.5,80,60,Yes
6.4,50.2,98,No
-1,53.7,67.7,No
15.4,100.1,40.2,No
1.6,107.2,57.7,No
12.9,74.3,51.5,Yes
10.2,82.6,44.2,nan
20.6,76.9,47.1,nan
15,69,62.4,No
7.5,45.2,52.5,No
6.5,84.5,69.1,No
17.5,110.6,69.1,Yes
2.6,78.4,61.7,Yes
11,69,64.5,nan
9.3,66.4,92.2,No
8.3,84.9,87.6,No
11.8,98,67.7,nan
10.9,85.7,67.9,No
12.3,37.6,72.7,Yes
10.7,109.8,70.9,No
12.1,,71.3,No
10.5,71.4,200,No
6.7,64.4,65.8,Yes
10,66.1,76.2,No
6.4,92.3,61.8,No
6.1,35.5,52.1,Yes
8.3,85.3,63.3,Yes
9.4,80.6,,No
,80.3,44.1,Yes
14.6,51.7,56.8,Yes
7.5,40.9,75.8,nan
,119.9,71,nan
10.6,77.7,69.3,Yes
7,113.7,88,Yes
10.4,93.1,67.3,No
15,77.2,67.2,Yes
10.9,79.6,82.6,No
11.1,96.6,64.8,No
6.5,98.9,72.3,Yes
19.8,84.5,37.9,Yes
6.8,96.9,72.7,Yes
1.7,97.8,59.8,No
14.3,81.6,63.8,Yes
9.4,62.9,87.2,Yes
8.5,84.9,70.7,Yes
7.3,60,71,Yes
19.4,67.4,57.8,Yes
11.8,83,62.2,No
12.7,73.4,85.4,No
10.8,101.3,,No
11.4,61.8,90,No
17,32.4,52,Yes
8.7,101.2,42.3,No
,76,61.5,No
14.3,76.9,79.5,Yes
12.5,59.2,68.6,No
10.5,,46.2,No
12.4,58.6,57.7,Yes
8.1,86.4,74,Yes
10.1,71,79.7,Yes
9.3,68.3,54.4,No
7,41,84.6,Yes
15.9,111.2,75.5,No
2.9,73.8,54.6,No
21.8,121.8,92.9,No
14.4,82.3,56.9,No
1.1,106,59.6,nan
,60.6,77.8,No
9.2,44.7,61,Yes
12,71.3,88.1,No
5.1,,81.9,Yes
10.2,88.4,71.1,No
9.4,82.9,77.6,No
,120.8,57.5,No
5.6,82.8,59.6,Yes
14.6,68.8,44.6,Yes
1.5,70.3,70.6,No
12.4,58.9,97.6,No
,80.9,56.3,No
8.9,96.6,36.8,nan
10.3,,75.9,No
15.8,69.1,69.9,Yes
6.5,73.9,73.2,Yes
7,62.2,59.8,No
7.5,94.4,38.9,Yes
15.8,50.3,50.9,No
16.5,60.6,36.1,No
3,-8.2,78.8,Yes
15,51.4,73.5,Yes
14.1,63.2,60.6,Yes
17.8,64.8,48.5,Yes
11.9,49.1,60.5,No
9.8,52.4,39.2,Yes
15.7,100.2,56.7,No
13.5,59.4,98.4,nan
,38.8,67.9,No
14.8,54.1,,No
10.8,54.4,37.7,Yes
4.1,73.6,62.2,Yes
7.1,82.2,48.6,Yes
2.8,47.9,56.2,No
8.9,,64.9,Yes
14.6,103,58.2,Yes
10,95.3,48.4,No
15.1,86.6,56.9,No
11.7,83.2,50.5,Yes
8,68.7,69.5,Yes
10.4,103.4,78.6,Yes
12.4,83.6,82.9,Yes
10.7,58.9,67.6,No
10.8,72,64.4,No
6.2,61.5,42.2,Yes
7.8,72.2,63.8,No
21.3,99.3,68.4,Yes
16.1,71.5,,No
2.6,59.1,47.4,nan
-1.8,95.8,200,Yes
10.4,100.5,52.7,Yes
14.5,59.3,78.3,No
7.4,104.6,77.1,No
,94.3,33.2,No
10.3,64,77.6,Yes
9.2,99.4,62.1,No
13.8,50.4,40.2,No
7.3,65.4,55.9,No
8.6,53.1,79.7,Yes
13.4,55.5,200,Yes
9.8,92,55.3,No
19.5,74.7,66.5,Yes
13.5,52.8,62.9,No
13.1,63.2,,Yes
,61.7,46.5,No
14.4,80,68.1,Yes
8.4,120.5,74.5,No
11.4,79.1,58.9,No
5.4,80.4,68.6,Yes
15.2,105.8,53.3,No
11.5,64.1,93.1,No
19.9,101.7,64.7,No
22,66.5,37.5,No
13.8,67.8,49.6,No
10.3,68.4,60.4,Yes
5.3,72.9,80.5,No
14.5,71.5,74.8,No
11.1,82.2,55.1,No
12.7,66.5,41.3,nan
18.6,77,61.5,Yes
,42.8,54.8,Yes
5.4,90.6,61.9,No
8.8,97.6,64,No
14.1,79.4,69,Yes
12.8,90,62.8,Yes
5.5,58.3,32.6,No
13.8,105.4,68.8,No
4,,71.5,Yes
5.8,42.9,56.2,No
9.4,99.3,44,nan
7.2,89.4,73,Yes
14.4,112.4,60.8,Yes
11.4,108.3,52.7,No
18.8,101.8,66.6,No
8.8,84.5,80.7,Yes
9.4,89.3,57.4,Yes
,53.4,61.1,Yes
9.5,69.5,60.1,No
17.5,134.7,46.3,Yes
12.7,40.4,63.6,Yes
-1.8,81.2,89.4,No
15.9,74.2,38.3,Yes
14.6,92.1,61.5,Yes
14.8,79,77,Yes
0.4,99.3,47.5,Yes
6.7,75.3,67.8,No
7.1,90.5,78.2,No
5.8,82.3,,No
18.7,69.2,88.2,No
9.9,66.3,63.2,No
9.8,100.6,58.5,Yes
12.8,87.5,42.1,Yes
12.8,94.9,55.2,No
-6.7,100.1,38.8,Yes
6.8,64.6,,No
2.9,69.6,67.5,Yes
,68.2,66.7,No
8.6,95.6,39.8,Yes
10.1,76.8,67.9,No
-0.4,78.7,45.4,No
8.5,53.9,67.2,No
15.6,91.5,72.5,Yes
17,92.1,33.2,No
13.6,86.2,64.4,Yes
3.3,78.3,74.4,Yes
16.3,95.9,47.6,No
13.6,74,59.7,Yes
9.4,103.4,77,Yes
-0.1,89.3,59.3,Yes
14.8,49.8,80.4,Yes
7,72.3,86.3,No
11.7,81.5,,Yes
10.3,61.1,56.9,No
17.7,96.6,48.9,No
9.4,35.5,74.1,No
,91.1,62.7,Yes
17.9,,63.3,Yes
6.7,35.3,93.8,Yes
,,62.5,No
9,66.3,54.1,Yes
5,103.4,16.3,No
,58.3,48.5,No
13.5,91,60.3,Yes
16.8,95,78.4,Yes
17.4,67.1,85.8,Yes
8.5,101,66.4,Yes
5.1,66.7,58.8,Yes
8.4,101.7,57.1,No
4.1,127.1,70.4,Yes
8.9,93.6,53.2,No
8.3,,77.9,Yes
13.6,65.5,82.5,Yes
-1,112.1,83.3,Yes
6.3,92.8,43.1,Yes
6.4,65.8,,No
15.9,105,61.8,No
4.4,77.2,38.6,No
11.1,88.5,64,No
9.4,66.8,59.2,Yes
15.2,56.2,58,Yes
,57.3,89.1,Yes
10.6,67.4,42.1,Yes
7.2,85.3,63.9,Yes
0.7,,67.7,Yes
,59.2,25.3,Yes
12.7,56,65.8,No
2.1,100.3,68.3,No
3.8,72.6,77.5,nan
11.3,35.8,23.2,No
11.7,74.8,64.2,No
5,66.7,57.6,No
7.1,79.1,70.2,No
0.8,63.7,70.1,No
16.9,100.7,68.8,Yes
3.5,71.9,66.9,No
12.7,70.8,63.9,No
9.8,68.7,66.8,No
16.4,,37.2,Yes
6,82.9,110.8,Yes
10.3,67.2,74.8,No
1.5,75.5,90,Yes
0.3,69.9,65.1,Yes
13,92,73.2,nan
1.1,49.2,40.8,Yes
8.9,68.2,90,No
15.1,71.1,85.2,Yes
13.7,102.9,50.8,Yes
6.7,98.5,55.9,No
2.1,82.8,,Yes
12.5,55.1,,Yes
16.7,76.1,61.7,Yes
6.7,112.6,75.4,No
6,72,68.7,Yes
7.4,,69.1,Yes
12.9,78.7,65.5,Yes
,58,85.7,Yes
3.8,58.8,77.7,Yes
2.5,58.8,,No
21.7,69,78.8,No
9.1,83.8,52,Yes
11.3,78.4,56.9,No
6.5,85.1,78.2,Yes
12.4,,73.6,No
14.8,126.9,68.9,Yes
11.5,76.9,72.1,No
18.7,93.5,89.6,Yes
8.4,,64.2,No
8.7,96.5,65,Yes
11.2,95.8,85.6,Yes
12.3,64.4,49.2,No
11.1,114.6,58.1,No
3.6,105.6,75.2,No
11.6,94.3,,No
8.1,88.7,65.8,Yes
7.1,83,47.4,Yes
10.2,79.1,68.9,Yes
5.2,90.8,41.2,No
4.3,80.1,45.2,No
-3.1,82.6,69.6,Yes
18.7,75.5,78.2,Yes
12.8,72.3,65.6,No
9.4,113.3,85.7,Yes
6.7,,71.1,No
-4.4,69.3,56.7,Yes
6.4,80.8,85,Yes
13.6,53.3,73.3,Yes
,96.3,72.3,Yes
13.2,77.8,86,No
10.8,71,59.4,No
16.5,68.9,75,Yes
8.4,45.9,,Yes
15.4,114,65,Yes
8.1,81.5,49.3,Yes
5.6,,69.2,Yes
5,72.5,200,No
4.7,86.8,63.8,No
13.3,92.4,70.3,No
6.3,87.5,31.7,Yes
4.8,,71.8,No
13.6,42.3,45.3,Yes
11.6,122.8,80.5,No
14.8,63.1,78.9,No
12.6,128.4,51.7,No
6.2,65.6,56.9,Yes
10.4,105.2,85.6,No
10.6,89.4,85.1,No
5.4,90.3,71.7,No
4.5,65.1,57.3,Yes
6.6,69.5,37.6,No
20.2,69.8,76.1,nan
7.9,80.5,56.1,No
16.2,73.3,74.7,No
7.7,66.9,77.4,No
14.4,58.7,61.8,No
14.5,60.7,68.2,Yes
14.8,85.7,84.7,Yes
11.9,61,61.6,No
16.9,53,56.5,Yes
11.9,77.8,71.1,No
18.6,31.4,61.8,Yes
1.9,74.9,66.8,Yes
11.7,76.6,,Yes
11.4,86.3,47.7,Yes
5.3,81.8,73.6,No
12.9,49.4,55.7,Yes
2.5,71.3,60.1,Yes
6.7,88.1,65.7,nan
0,83.4,63.2,No
17.8,59.4,39.9,nan
8.8,83.3,85.7,Yes
20.8,93.3,82,No
14,55.5,62.8,Yes
12.2,35.8,79,No
7.1,110.5,59,No
,81.3,50.3,Yes
,65.9,65.8,No
9.6,65.2,47.5,No
3.3,77.9,74.1,No
2.4,95.8,,Yes
5.2,44.8,41,No
19.1,67,10.6,No
21.1,108.1,63.1,Yes
11,91.5,,No
10.7,89.8,85.1,No
8.3,83.2,39,Yes
5.3,81.2,80.1,No
16.9,65.6,,No
19.4,63.8,64.1,Yes
,91.1,65.1,No
9.6,64.2,64.8,Yes
7.8,80.7,34.5,No
7.9,78,75.7,No
,118.8,77.5,Yes
3.4,71.8,79.4,No
12.3,98.4,72.3,No
13.6,89.1,61.9,No
,72.7,43,No
14.5,50.1,71.7,No
10.7,73.9,65.6,No
16.1,93,65,No
2.4,50.5,71.6,Yes
8.3,91.7,64.3,No
9.6,101.9,58.3,No
-3.4,76.9,47.3,No
4.6,93.3,,Yes
5.9,77.8,87.1,Yes
,86.4,48.5,Yes
6.5,104.9,80,No
5.9,43.9,75.7,nan
14.1,59.7,39.3,No
1.9,100,74.1,Yes
-0.4,150,65.3,No
8.2,46.8,63.7,Yes
2.8,106.2,94.9,Yes
3,23.6,79.1,Yes
12.9,87.5,51.1,Yes
14.4,79.4,74.6,No
13.9,60.3,51.2,Yes
15.5,61.6,,No
16.2,62.3,67.4,nan
-0.6,70.9,82.6,No
12.3,114.7,42.7,No
7.4,,57.4,Yes
6.3,103.7,82.6,No
12.8,,50.9,No
1.3,79.6,65.5,Yes
1.2,53.6,60.3,No
13.2,69.4,84.1,Yes
12.4,64,69.8,Yes
10.7,84.8,60.5,Yes
5.6,60.9,52.5,No
13.7,58.3,96.6,No
13.4,82.9,63.9,Yes
10.4,73.9,61.6,Yes
4.1,61,72.5,Yes
7.9,58.1,75.8,Yes
14.2,61,44,Yes
16.6,91.3,62.1,nan
8.4,83.4,48.9,Yes
8.8,59.9,56.5,No
9.2,60.7,84.1,No
11.4,52.1,82.3,No
7.1,67.1,73.8,Yes
-4.5,77.5,43.9,No
16,57.4,67.8,No
19,118.7,56.4,No
,87.5,79.9,No
4.7,74.4,56.5,No
9.3,76.7,52.6,Yes
9.1,47.2,70.4,Yes
15,51,83.2,No
10.3,101.5,81,No
6,107.7,84.5,Yes
3.4,30.7,84.6,Yes
14.3,84.4,89.5,Yes
13,102.6,67.7,Yes
15.3,68.2,58.3,No
5.2,105.4,52.6,Yes
19.2,90.3,82.9,Yes
1.3,,62.4,No
,70.1,51.4,No
0.5,76.8,72.8,Yes
6,66.1,43.3,Yes
17.8,80.9,48.8,Yes
,80.1,68.3,Yes
7.3,66.3,78.2,No
7.4,36.1,60,Yes
10.5,71.1,61.5,Yes
12.6,54.6,76.8,No
16.3,52.6,77.4,Yes
7.7,61.2,33.9,No
1.9,91.5,87.2,nan
10.8,52.8,,No
7.7,57.3,53.8,No
3.5,,58,Yes
11.5,,44.5,No
8.9,52.5,103.2,No
11.5,91.2,45.4,Yes
5.5,72.4,42.5,Yes
12.4,76.3,61.1,No
3.4,70.5,44.3,nan
5.9,83.5,66.8,No
8.8,88.7,,No
18.7,72.5,67.5,Yes
13.9,45,70.1,Yes
15.4,80.9,60.6,Yes
17.1,68.2,49.4,No
28,92.1,60.6,Yes
10.2,57.1,80.8,Yes
17.1,68.7,85.4,No
15.1,45.4,65.6,No
15,90.7,78.2,Yes
18.9,99.5,53.4,Yes
,65.2,55.8,nan
7.5,71.1,41,Yes
,58.8,81.6,No
9.1,60.7,,No
11.6,88.9,45.1,Yes
17.8,64.9,72.5,No
7.6,84.5,85.2,No
8.5,74.7,59.4,No
10.9,90,38.4,Yes
8.9,67.2,60.1,Yes
0.4,96.7,68.6,Yes
7.1,,73.9,No
13.4,41,76.7,Yes
17.2,73.2,66.1,No
4.2,73.1,61.1,Yes
4.2,60.7,75.3,No
10.2,83.2,45.2,No
-0.4,97.4,50.5,No
7.8,35.5,54.1,Yes
1.3,34,58.4,No
16.8,108.1,44.3,Yes
6.2,70.2,79.6,Yes
18.3,76.8,46.8,No
15.6,53.6,24.7,No
6.8,75.9,79.8,No
4.6,,72.7,Yes
9,84.9,64.1,Yes
9.5,78.9,72,Yes
11.7,39.6,66.6,Yes
6.1,89.9,82.5,No
13.7,75.2,53.5,No
11.3,62.8,91,nan
8.3,87.9,79.2,No
6.4,58,55.9,Yes
9.1,86.2,53.5,Yes
,99.3,67.2,Yes
10.3,78.1,48.1,No
10.4,66.5,61.9,No
11.3,63.6,85.2,No
18.8,,67.7,Yes
9.3,66.4,96.4,No
15,122.3,53.5,Yes
11.1,46.7,71.8,No
8.8,72.4,,No
9.4,80.5,61.9,No
9.7,78.1,72.5,Yes
-1,63.8,54,Yes
,99.6,200,No
2.7,88.3,58,Yes
13.3,89.8,56.9,No
14.5,61.6,49.9,Yes
13.7,,86.7,Yes
10.8,84.8,60.4,No
13.8,53,77.5,Yes
13.6,88.3,76.4,Yes
13.9,,80.4,No
5.7,96.3,45,Yes
4.5,66.4,59.8,Yes
8.1,111.3,75.3,No
,83.2,55.8,No
8.8,,87.3,Yes
0.6,61.1,46.6,No
18.6,80.1,77.3,Yes
8.6,64,58.3,Yes
10.9,44.2,,Yes
16.2,71.1,69,Yes
-1.7,,52.3,Yes
7.4,73.7,77.3,Yes
8.1,69.1,39.1,No
,68.9,59.8,Yes
9.1,119.8,58.2,Yes
17.2,87.2,71.5,No
13.4,43.2,24.7,No
14.8,64.1,68.5,No
10.2,67,70.6,No
3,60.6,53.1,Yes
-0.4,,60.4,Yes
2.4,63.5,65.5,nan
11.8,64.7,79.2,No
10.2,78.1,32.5,Yes
,44.2,64.1,No
8.2,32,72.2,No
20.1,99.9,74.4,Yes
5.9,91.7,61.7,No
14.6,82.4,73.6,No
,81.1,63.9,Yes
9.7,71.2,81.9,No
15.9,135.3,52.5,Yes
17.3,78.9,55.1,No
8.8,127.2,71.9,nan
14,116.3,74.7,No
11.8,84.2,72.5,No
10,70.8,58.6,No
,75.3,58.9,Yes
6.6,67,64.8,No
8.5,84.2,48.5,Yes
7.1,88.5,52.8,No
14.5,50.5,86.9,Yes
9.5,127.3,62.5,Yes
3.5,59.4,57.1,No
6.4,21.3,56.3,nan
-6,73.4,69.4,No
7.5,52,96.6,Yes
10.2,73.9,82.3,nan
9.3,76.4,45.4,No
19.9,83.9,84.2,No
12.9,95.1,52.5,No
12.7,54.9,,No
1.8,67.7,58,No
8.2,88.6,47.4,No
,61.9,84.3,No
6.1,37.5,56.3,No
6,87.4,33.5,Yes
1,63.7,52.3,Yes
3.6,62.4,68,No
14.4,77.4,39.2,No
9.3,75.1,69,Yes
,94.9,51.7,No
10,,81.7,No
,120.2,71.8,No
10,46.7,,nan
12.7,67.2,41.8,No
5.8,57.6,,No
6.9,76.1,56.3,No
11.8,,61.6,No
19.5,78.3,,Yes
17.1,80.2,69.4,Yes
12.9,101.1,59.3,Yes
10.8,78.1,87.1,Yes
17,102.8,63.6,Yes
14,40,200,No
-1.5,31.3,88.3,No
4.7,77.5,75.7,Yes
11.7,81.5,71.6,Yes
1.1,64.3,73.7,Yes
5.5,74.8,64,No
6.5,96.5,65.6,No
8.7,88.4,41.2,Yes
8.6,68.4,54.4,Yes
8.6,79,64.3,No
14.1,90.2,72,Yes
8.7,50.4,58.5,No
8.1,58.9,100.8,Yes
3.3,93.5,76.8,No
15.1,40.4,68.7,No
6.6,53.2,43.3,Yes
4.6,50.7,64.1,Yes
11.1,93.4,200,Yes
6.2,53.3,63.6,No
7.4,90.8,63,nan
11.3,67.9,,Yes
8.4,110.6,54.5,No
21.6,77.6,46.2,No
9.6,96.3,97.8,Yes
13.1,84.2,50,No
0.3,150,58,Yes
5.7,74.7,68.8,No
4.6,75.2,34.2,Yes
5.2,65.8,88.3,Yes
12.1,92.8,82.5,No
15.2,125.2,42.4,No
11.7,77.3,,No
8.9,89.3,79.3,No
6.8,85.6,,Yes
15.6,22.8,80,No
20.4,84.8,,Yes
10.7,,,No
14.7,50,,Yes
11.7,39.2,46.9,Yes
,83.5,58,Yes
4.2,107.9,66,No
7.6,,67.2,No
12,68.4,,No
16.1,121.2,73.9,Yes
5.9,92.9,43,Yes
-0.2,50.7,51.8,No
7.5,60.7,81.1,No
15.1,118.6,53,No
2.1,61.7,69.1,Yes
4.1,64.3,89.5,Yes
10.8,88.4,64.7,Yes
9.4,69.7,85.2,Yes
13,83.9,44.7,nan
3.9,80.8,56.2,No
8.4,,68.3,Yes
16,99.2,49.5,Yes
4,49.5,58.1,Yes
17.4,77.3,67.2,Yes
4.7,63.4,67.5,Yes
14.2,107.8,60.3,Yes
8.1,71.5,37.5,No
4.3,113.5,55.3,Yes
7.5,,44,nan
12.7,77.2,63.9,No
10,96.8,64.4,Yes
15.6,55.9,63.1,Yes
17.2,105.2,50.9,No
4.1,75.5,39.9,Yes
3.7,83.2,86.4,Yes
3.5,85.9,65.3,No
5.5,73.5,60.3,Yes
15.5,58.8,64,No
12.8,76.9,44.9,No
7.3,34.8,84.3,Yes
9.9,48.8,54.3,No
,72.2,63.3,No
19.5,105.9,72.3,No
11.3,105.3,75.8,No
-3.3,94.6,64.6,No
11.5,44.2,49.5,Yes
14.7,81,74,No
11.1,57.8,77.8,Yes
13.6,73.7,82.6,Yes
11.8,94.1,73.1,nan
3.8,88.2,96.4,Yes
5.6,100.7,67.2,Yes
8.4,46.8,,Yes
15.3,54.5,83.4,No
6.2,105.1,89.2,Yes
12.3,105.4,85.8,Yes
11.5,74.7,63.8,Yes
17.9,74.5,76.5,No
9.8,98.5,80.9,nan
1.2,85.6,65.9,No
13.2,87.1,52.3,No
20.7,56.5,50,Yes
,98,,Yes
6.1,71,78.1,Yes
4.6,47.2,58.1,Yes
5.2,59.4,53.5,No
20,63.1,57.3,Yes
8.4,104.6,67.2,Yes
6.7,61.1,76.7,nan
9.2,82.7,70.6,Yes
8.4,32.8,65.1,Yes
17.8,93.7,85.8,No
4.9,59.2,105.8,Yes
15.9,82.8,65.2,No
10.6,82.8,89.1,No
16,87.7,54.7,Yes
17.9,81.6,82.1,No
10.4,113.3,52.7,No
,79.2,59.7,Yes
10.3,120,64.4,No
9.5,,36.2,Yes
1.7,80.5,37.7,Yes
17.8,92.8,52.2,nan
11.2,78.9,84.9,No
4.2,84,61.4,Yes
-0.3,81.9,78.7,Yes
-1.6,80,40.3,No
13.9,117.4,70.4,Yes
6.9,120.4,71.6,No
7.7,81.5,50.6,Yes
12.4,100.2,92.9,Yes
7.4,99,46.1,No
12.7,,61.4,No
10.5,85.9,101.8,No
9.6,88.3,50.7,Yes
2.1,86.4,55.7,Yes
5.9,60.6,,No
13,73.7,45.1,Yes
6.6,51.1,72.8,Yes
16,86.5,38.3,No
21.7,83.6,65,Yes
13.3,89,86.7,Yes
,59.5,74.6,No
13.6,94.3,64.4,No
,84.4,60.2,Yes
11,119.7,63.7,No
20.1,91.1,60.7,Yes
7.4,63,71,Yes
4.8,48,74.7,No
4.3,79.4,67.2,No
8.9,54.4,,Yes
5,,72.7,No
18.4,55.7,46.3,No
11.1,63.4,30,Yes
14.9,104.1,67.6,No
8.5,55.7,200,Yes
4.3,66.5,68,No
3.5,46.4,90.1,Yes
5.5,40.9,61,Yes
11.7,69.4,69.7,Yes
12.6,79.1,52.3,No
13,52,72.4,Yes
2.6,44.6,53.3,No
10,37.6,80,Yes
4.9,77.9,66.8,Yes
12,93.7,62.8,Yes
12.4,46.4,40.4,nan
4.1,,44.4,Yes
14.8,96.6,73.7,nan
21.7,70.7,82.4,Yes
14.2,73,68.6,Yes
9.2,82.6,61.6,No
8.4,66.1,65.7,Yes
9,59.4,,Yes
6.2,81.1,54.5,Yes
11.3,47.4,44.7,Yes
4.3,42.8,44.9,Yes
0.6,61.2,54.7,No
,89.2,66.4,Yes
10.1,98.2,45.1,No
7.1,,63.9,No
3.6,91.6,53.7,No
11.4,102.6,39.9,Yes
5,75.8,55.4,No
9.3,87.7,68.6,Yes
18.8,112.3,55.5,No
13.3,60.9,87.2,Yes
3.2,70.2,74.4,No
3.6,107,80.8,No
10.8,56.2,111.6,Yes
3.1,78.1,56.4,No
0,62.4,,No
12.7,102.3,53.2,Yes
11.6,51.3,66,No
12.3,73.7,70.9,Yes
11.3,54.1,67.8,Yes
9.7,45.7,58.3,No
6.7,37,71.2,Yes
,71.7,82.1,Yes
17.6,84.7,53.7,No
7.5,75.4,51,No
4.9,79.7,94.5,No
4.3,66.3,48.1,nan
5.7,,77.7,No
11,89.6,62,Yes
-0.7,77.5,87.3,No
12.2,79.1,60.7,Yes
13.2,65.7,71,No
1,113.9,45.3,Yes
5.1,91.2,54.8,No
10.4,72.9,68.7,Yes
9.3,71.5,55,No
12.6,67.2,45.7,No
9.3,69,96.9,Yes
,79.9,64.7,Yes
8.4,40.9,82.2,No
5.1,70,93.6,Yes
4.7,72.4,57.2,Yes
13.7,74.8,63.7,nan
10.1,78.5,66.2,Yes
13.2,75.6,72.1,No
13.1,83.1,81.8,Yes
-0.1,72.3,79.6,Yes
4.3,94.8,75.8,No
4.9,88.2,60.2,Yes
5.9,119.9,64.9,No
7.9,89,46.2,No
15,60.1,75.7,No
16,71.9,99.7,No
8.5,64.9,68.9,No
8.7,75.2,86,Yes
6.5,97,77.6,Yes
10.4,68.5,56.8,Yes
11,63.6,51.7,Yes
14,85.3,47.9,Yes
14,58.7,66.8,No
-1.5,57.5,73.3,Yes
9.2,82.6,74.1,No
16.9,39.2,48,No
7.8,65.3,83.5,No
15.7,92.1,56.7,No
8.5,38.3,66.8,No
10.9,39.8,55.4,Yes
4.3,46.3,47.3,Yes
4.5,20.4,46.1,Yes
13.6,112.9,75.7,Yes
14.4,77.4,64.8,No
10.1,61.6,48.5,Yes
3.9,49.2,55.7,No
10.2,119,86.3,No
16.3,,78.2,No
,72.4,74.2,Yes
8.4,99.4,96.7,Yes
1.7,82.8,87.5,Yes
14.2,65,65.5,No
8.6,62.9,56.9,Yes
14.7,63.2,103.8,Yes
11.4,54.7,83.1,nan
5.6,97.2,,No
10.3,64.6,45,Yes
16.5,102.1,31.3,Yes
9.3,58.4,45.8,nan
4.8,63,57.8,No
2.1,66,,No
6.1,57,79.8,Yes
7.9,63.3,69,Yes
14.1,86,74.2,Yes
4.4,99,53.3,No
17.8,81,45.4,Yes
3.3,,61.5,No
21.7,63,79.8,Yes
18.6,63.4,65.7,nan
10.7,109,75.6,No
1.8,94.7,65.6,Yes
9.7,99.3,45.5,nan
8.1,60.8,69.3,Yes
3.6,49.5,59.2,Yes
11.5,86.5,81.3,Yes
5.9,65.8,41.3,nan
,80.8,88,No
9,83.2,46.5,Yes
7.1,67.1,60.8,Yes
20.4,95.1,42.7,No
7.3,45.8,80.2,Yes
12.2,77.2,48.3,Yes
10.7,88.6,56.8,No
11.8,109,80.6,No
12.1,77.7,,No
14.4,100.1,63.8,Yes
11.3,98.8,73.8,Yes
11.1,121.7,70.3,Yes
10.3,81.5,68.2,No
,116,56.2,No
5.4,91.2,59.1,No
9.7,44.3,71.5,No
11.2,75.6,,No
12,56.7,68.8,Yes
10.9,105.6,36.2,No
8.8,78.4,64.6,Yes
9.7,48.6,73,Yes
7.2,92.7,74.9,Yes
11.6,101.4,,Yes
8.9,66.9,69.8,nan
10.9,66.1,55.9,Yes
15,79,86.2,No
6.5,38.8,59.9,No
13,89.2,84.1,Yes
10.2,108.8,63.3,No
20.1,62,47.6,No
,111.9,61.5,No
13.5,94.9,50,nan
10.1,73.5,60.9,No
3.1,87.7,49.6,Yes
7.4,107,61.6,Yes
14.4,77.8,79.8,Yes
7.8,82.9,86.5,Yes
-1.1,64.3,55.8,Yes
9.8,72.6,75.9,No
4.5,89,,No
10.7,,47.5,Yes
17.8,64.9,39.3,Yes
13.8,98,44.3,No
17.7,84.7,64.3,No
7.2,65.4,32.4,No
9.3,110.1,82.2,Yes
4.8,117.3,31.5,No
6.6,95.3,64.9,No
5.4,51.1,69.8,Yes
3.5,83.1,75.4,Yes
16.8,86.8,81.9,Yes
-0.5,43.3,89.6,nan
16.9,98.8,70.9,No
16.2,79.2,56.1,Yes
12.5,97.5,67.8,No
4.4,68.9,71,No
2.1,84.7,68.6,Yes
7.3,85.6,57.8,Yes
13.1,78.8,83.1,Yes
10,84.8,59.2,Yes
4.8,72.3,63.2,Yes
15.7,51.3,52.4,No
18.4,34.2,78.9,Yes
8.9,62.7,97.9,Yes
10.5,90.8,83,No
2.5,54.2,48.9,Yes
7.9,96.2,52.9,No
12.6,102.8,41.6,Yes
11.8,84.5,69.6,No
7.5,71.7,72.2,No
8.6,95.5,54.9,No
7.8,98.1,56.7,No
8.6,70.5,36.5,No
,76.7,63.3,No
0.2,58.7,54.6,nan
9.6,80.7,54.7,Yes
11.7,33.7,,No
7.1,69.1,75,No
7.6,57.9,64.6,No
7.7,73.2,68.4,Yes
7.6,59.1,57.4,Yes
10,36.7,79.5,No
10.6,61.9,60.9,Yes
-0.5,65.5,48.7,No
13.3,96.3,89.5,No
8.6,62.2,53.2,No
19.7,58,95.8,No
4,51.2,78.6,No
5.7,97.9,200,Yes
9,70.5,50.6,No
12.1,80.4,87.1,Yes
0.2,44.1,100.9,Yes
5.9,39.9,49.8,No
13,57,63.8,Yes
5.3,107.5,51.5,No
16.9,53.2,59.8,No
7.7,62.5,62.4,Yes
5.5,75.3,84.4,No
13.1,62.5,43.6,No
18,84.6,75.8,Yes
12.1,58.4,76.4,Yes
16.3,53,51.3,Yes
,129.4,65.4,No
5.4,56.3,56.4,No
14.7,90.9,66.8,Yes
2.4,56.2,92.7,nan
12.1,44.2,51.9,No
9.6,73.2,69.5,No
16.2,48.2,51.2,No
15.9,67.1,75.9,No
12.8,59.1,69.8,Yes
11.5,100,73.9,Yes
12.5,44.2,57.1,No
10.3,88.5,47.9,No
9.7,80.7,41.2,Yes
-1,70.4,65.1,Yes
17.8,59.8,73.1,No
9.3,78.4,70.9,No
11.2,79.5,76,Yes
10.4,,,No
1.9,69.6,63.6,Yes
8.3,52.1,29.8,Yes
18,92.6,63,No
6.3,74.9,,Yes
20.6,62.7,67.8,No
15.9,55,95,No
12,93.4,71.5,Yes
12.8,102.7,,Yes
5.4,86.5,75.7,Yes
8.7,,77.5,nan
17.2,98.4,,Yes
6.9,67.8,77.8,nan
15.3,117.7,57.4,No
3.1,53.8,85.1,Yes
4,70.1,88.4,Yes
19.5,59.6,70.9,No
9.9,76.3,59.6,Yes
7.3,109.6,46.9,No
16.8,70.2,70.8,nan
16.2,83.4,64.7,nan
14.6,16.8,55.3,No
7.2,83.6,50.2,Yes
8.6,95,49.2,No
11.6,77.5,65.9,No
13.5,,72.2,Yes
7.5,51,72.8,Yes
10.9,63.9,113.1,Yes
11.3,50.8,75.9,No
16.4,106.5,81.7,No
13.8,84.4,65.1,No
2.5,103.9,44.1,Yes
8.9,69.2,58.7,Yes
5.4,59.7,91.9,Yes
12.8,60.9,52.6,No
14.6,65.8,66.2,Yes
10.5,,65.7,Yes
8.7,99.4,88.2,No
10.3,93.3,73.2,No
11,80.4,74.2,No
6.8,41.8,62.8,No
3.9,80.9,31.5,Yes
-0.3,68.8,59.1,No
16.3,103.1,64.7,No
12.5,92.9,67.6,No
11.8,77.8,54.8,Yes
16.3,33,43.9,Yes
3.7,72.3,76.5,Yes
1.3,61.9,60.2,Yes
11.9,83.1,64.9,nan
11.5,52.2,39,No
1.3,,61.4,No
11.8,30.6,75.7,Yes
8,47.3,69.7,No
6,57.4,58.8,No
8.3,64.1,56.9,Yes
-2.2,,62.2,nan
7,41.9,,Yes
6.5,62.2,70.3,No
12.8,62.7,73.4,Yes
9.2,88.8,77.3,No
13.2,71.2,66.7,Yes
-2.7,55.7,90.9,Yes
5.8,53.4,74.9,Yes
12.8,63.9,53.8,No
8.5,42,70,No
14.2,107.5,73,No
1,74.9,76.4,Yes
13.7,56.7,58.6,No
6.8,53.9,35.7,No
6.3,50.9,86.7,No
15,82.4,63.5,Yes
15.8,41.9,33.5,No
15.2,71.4,60.9,Yes
20.2,86.5,76.1,No
16.3,63.3,48.9,No
6,54.8,48.7,Yes
,91.8,61.3,nan
8.2,52.4,66.6,Yes
20.1,,56.3,No
15.5,77.3,59.5,No
9.1,62.9,77.2,Yes
14.4,51,65.2,No
3.8,63.8,42.8,No
11.3,81.8,82.8,No
,60.4,62.2,Yes
1.6,84.1,,No
13.9,69.9,62.2,No
14.5,62.9,45.1,Yes
12.3,60.5,65.1,Yes
9.1,79.6,73.2,nan
3.7,97.5,56.4,Yes
4.2,77.4,60.4,No
5.2,55.7,56.1,Yes
8.8,96.9,75.9,Yes
15.4,57.3,61.3,No
15.3,109.6,56.3,Yes
1.8,71.8,67.2,No
6.5,57.4,60.8,No
6.4,86.2,62.9,No
-2.7,68.8,200,No
12.8,83.9,74.3,No
8.8,76.8,58.9,Yes
9.4,47.4,60.6,Yes
16.7,73.6,67.8,Yes
10.4,85,94.4,Yes
,77.3,77.5,No
12.9,100.1,54.9,Yes
15.3,81.2,46.2,No
11.5,70.2,69.9,Yes
13.4,,56.2,Yes
9.3,65.2,61.5,Yes
9.6,82.2,62.3,No
10.6,82.2,63.3,No
6.2,50.2,61.8,No
7.2,90.5,57.8,Yes
16.9,119.7,32.9,No
20,85.9,67.8,No
18,34.4,74.3,No
3.4,,50.9,Yes
2.9,49.4,75.8,Yes
4,69.2,69.6,No
10.7,88.7,66.8,Yes
-4,60.6,67.8,Yes
7.1,112.7,76.1,No
17,17.4,73.2,No
14.9,70,41.3,No
7.5,82.6,84.4,Yes
7.8,50.6,73.3,No
12.8,53.2,50.1,No
14.7,90.1,38.2,No
7.3,113.6,46.9,Yes
,115.9,83.7,Yes
7.2,68.1,,No
3.3,102,76.8,Yes
8.9,73.6,95.4,Yes
,93.3,47.7,Yes
3.7,70.8,47.1,Yes
13.2,52.3,64.7,No
12.4,107,69.5,No
13.5,112.3,76.5,Yes
6.2,66.6,51.1,Yes
0.1,93.7,55,No
12.3,72.1,85.7,No
6.7,118.6,200,Yes
5.5,45.1,69.7,No
3.7,71.4,58.3,No
8.6,46.1,84.7,Yes
17.9,43.3,80.9,No
7.5,72.7,,No
4.6,66,40,Yes
,54.8,79.1,Yes
10.9,91.7,73,No
-0.6,101,66.4,Yes
13.3,85.3,82.6,No
20.6,37.5,71.8,Yes
-3,81.8,60.5,No
3.8,81.6,80,No
-4.2,58.2,68.3,No
9.6,81.9,78.8,No
15,,67.1,No
10.5,58.6,73.4,nan
17,51.3,87.2,nan
14.2,91.7,86,Yes
18.5,100.9,57,No
15.8,72.2,78.9,No
8,94.7,55.9,Yes
10.3,105.5,76.9,Yes
5.7,77.6,63,Yes
8.8,73.5,42.4,Yes
10.3,84.4,69.3,Yes
9.6,,80.8,Yes
,85.9,74,Yes
8.3,78,52.1,Yes
5.3,48.9,69,Yes
5.7,49.1,63,No
13.3,55.3,77.2,No
3,85.3,80.5,Yes
9,68.3,45.6,No
16.6,74.5,66.5,Yes
11.5,102.3,51.5,No
9.6,83.9,68,Yes
9.8,62.1,44.2,No
4.9,55.3,64.1,Yes
5.7,81.1,69.3,No
9,55.6,30.7,No
11.4,100.1,61,Yes
14.7,,42.5,No
10.5,77.6,77.5,No
16.8,55.9,35.9,Yes
18,87.4,59.7,Yes
14,97.6,84.7,Yes
16.1,72.3,49.3,Yes
5,,54,No
4.3,66.9,63.9,Yes
,,65.8,No
3.3,,30.1,No
8.5,67.6,61.1,Yes
13.9,85.8,75.4,Yes
17.1,,97.3,Yes
8.7,80.6,53.6,No
6.8,88.9,60.6,Yes
11.6,57,71.1,No
4.6,60.9,52.8,Yes
9.1,86.4,87.2,Yes
,78.2,64.5,Yes
9.9,98.4,68.3,No
10.4,80.4,73,No
,112.2,,No
6.4,88.9,69.1,No
6.3,,55.5,Yes
1.9,108.8,51.9,Yes
11.7,62.2,71.9,No
14.5,104.6,81.9,Yes
14,93.8,65,No
,92.4,88,Yes
,98.7,61.5,Yes
13.7,68.8,39.2,Yes
13.2,81.6,47.5,No
11.1,66.6,87.9,nan
18.7,121.2,91.7,No
9.9,59.9,70.4,Yes
8.7,49.4,55.7,Yes
8,,60.4,Yes
2.2,73.9,64.4,Yes
13.3,73.8,65.2,Yes
9.5,92.8,73.4,No
12.5,75.6,70.1,No
19.2,65.1,47.1,No
8,84.7,48.1,Yes
-1.7,98.3,,No
12.4,79.1,59,Yes
10.8,92.4,63.8,Yes
6.3,76.7,65.3,Yes
,69.8,56.9,No
13.9,89,67,No
5.3,79.6,75.3,Yes
8.5,95.1,63.1,No
,105.8,85.6,nan
6.4,72.7,88.4,Yes
10.3,87.9,52.3,No
-3.1,96.4,71.1,No
2.6,83.2,61.4,Yes
10.8,85.2,53.6,No
16.1,77.9,64.4,Yes
3.2,80.1,33,nan
10.4,85.4,76.7,Yes
8.1,62.8,78,Yes
14.8,,68.4,Yes
3.9,73.2,79.5,No
12.2,71.6,54.5,nan
6.7,107.4,,No
11.1,80.9,57.8,Yes
10.3,86.2,46.7,Yes
8.7,66.8,65.2,Yes
12.4,63.1,86.6,Yes
10.2,58.3,69.4,No
9.3,49.8,61.1,Yes
8.2,89.5,81.7,Yes
10.4,81.1,90.4,No
11.1,,71.7,Yes
5.1,86,55.3,No
8.3,79.9,66.8,Yes
4.7,35.4,67.3,No
,113.2,62.2,No
7,75.8,84.3,No
13.9,33.3,77.7,Yes
13.4,79.5,47.7,No
5.4,58.8,46,Yes
10,58.1,57,No
13.2,80.3,50.1,No
9.1,63.3,58,Yes
6.4,95.5,65,No
4.5,,62.3,No
14.3,83,67.6,No
14.5,86.3,60,No
9,80,44.1,No
13.8,79.3,50.5,Yes
-4.8,77.8,49.2,Yes
16.6,104.9,53.1,Yes
9.2,91.9,71.1,No
10.7,61.2,59,No
8.4,52.8,51.1,No
17,59.1,,Yes
4.7,,,Yes
17.4,52.9,68.9,No
12,61.9,101.1,Yes
13.1,48.1,56.1,Yes
8.4,93.6,70.6,No
3.5,88.3,81,No
14.7,92.6,88.5,Yes
11.6,65.5,61.2,Yes
16.8,39.8,38,Yes
9,58.3,60.4,Yes
7.9,48.1,70.3,No
16.9,47.8,104.6,No
19.6,97.7,44.2,No
10,150,64.2,Yes
6.2,80.8,54.8,No
14.1,97.1,,No
8.7,54.6,55.7,No
,87.3,42,Yes
8.7,45.9,34.1,Yes
17.8,80,68.9,nan
6.5,96.4,66.2,Yes
12.4,52.2,72.8,No
7.6,91.6,67,Yes
8.6,79.5,69.6,Yes
7.9,65.9,71.9,No
13.7,,52.5,No
14.6,79.8,65,Yes
12.8,84.9,72.6,Yes
9.5,68.7,50.7,No
10.7,55.4,38.6,Yes
14.5,90.2,70.2,No
14.6,98.7,62.2,No
-3.5,94.1,85.1,No
8.6,106.8,74.9,Yes
8.9,62,60.2,No
13.3,46.7,44.7,No
9.7,83.2,85.2,No
13.6,66.9,,Yes
4.6,94.8,84.3,Yes
11.3,54.3,79.5,Yes
14.5,55.7,46.7,No
2.6,76.4,71.9,No
22.6,78.5,,Yes
16,88.5,66.7,Yes
10,73,60.1,Yes
,36.7,58,Yes
9.1,144,53.5,Yes
10.4,75.7,63.4,Yes
12.2,132.8,,No
17.5,72.5,37.6,Yes
-1,53.9,56.7,Yes
12.8,68.7,56.2,Yes
3.5,97,98.6,Yes
7.9,87.4,85.5,No
,81.2,61.9,Yes
13.5,73.8,64.5,Yes
6.2,77.6,80.8,No
7.8,72,64.8,Yes
17.3,98.9,62.2,No
15.8,93.3,61.2,No
11,56.2,62.8,Yes
-1.2,45.5,48.2,No
22.6,50.5,82.2,Yes
9.9,67.9,61.1,No
8.4,79.4,83.9,No
7.4,73.9,81.2,No
11.9,87.6,72.1,No
,74.7,83.5,No
14.8,106.9,61.9,Yes
5.4,85.2,56.7,Yes
8.4,75.4,55.3,Yes
20.2,44.8,66.1,Yes
11.1,82,75.5,No
9.1,85,70.8,Yes
5.3,60.7,93.8,No
12.5,51.9,72.6,No
15.2,96.9,56.7,Yes
14.4,55.6,67.4,No
8.7,78.3,78.5,Yes
11.8,,57.9,No
18.4,83.9,55.5,nan
15.4,55.8,82.2,No
6.1,72.6,76.6,nan
-2.7,55.7,65.6,No
11.5,76.5,200,No
14,85.1,60.7,Yes
4.6,92.9,69.5,Yes
10,104.9,76,Yes
8.7,69.7,80.6,Yes
10.5,69.4,67.6,No
7.3,100.5,46.9,No
16.5,86.5,,No
10.7,99.7,82.7,No
5.6,114.1,79.6,Yes
14.6,58.1,85.5,No
3.7,91.2,77.3,Yes
16.4,63,66.7,No
15,150,48.5,No
16.9,51.2,53.3,Yes
9.2,93.4,59.2,No
7.5,63.9,76.7,No
,86.1,88.8,No
9.6,100.4,,No
6.7,62.1,58.2,Yes
7.2,45.6,63.1,Yes
8.2,69.8,200,Yes
4.1,67.3,90,Yes
13.4,49.3,43.2,No
9.7,34.8,62.4,Yes
8.5,99.3,85.8,Yes
,104.8,70.9,No
4.2,63,73.5,Yes
19.7,69.1,68.7,No
6.9,91.2,39,Yes
13.1,91.5,71.7,Yes
10.8,110.6,74.3,Yes
-3.9,87.4,56.6,No
19,54.5,,Yes
13.4,90.8,58.1,Yes
6.2,61,85.6,No
9.9,73.7,64.4,Yes
4.3,97.3,,Yes
19.1,56.9,69.5,No
5.5,73.5,75.8,No
7.4,50.5,66.6,Yes
6.4,55.2,75.8,Yes
10.4,,75.6,nan
16.9,107.6,46.7,Yes
18.9,75.7,74.8,Yes
8,127.9,58.2,No
11.9,94.1,62.6,No
10.4,94.6,,No
5.1,53.1,58.9,No
22.1,71.9,85.9,nan
16.8,52.1,44.4,Yes
10.9,68.8,24.1,Yes
17.9,65.9,56.6,No
16.1,74.2,62.2,Yes
10.4,91.5,52.9,Yes
11.6,69.8,50.8,No
17.6,91.9,,No
5.3,45.7,66.7,No
18.4,84,102.9,No
8.9,66.3,53.2,Yes
17.6,80.1,70.8,No
10,92.3,73.3,No
11.7,46.2,,No
9.8,104.4,48.9,Yes
7.3,71.1,63.6,No
8.6,112.2,73.3,nan
16.9,76.4,55,Yes
-1.6,101.4,61.4,Yes
3.8,76.2,63.1,Yes
6.4,80.3,53.1,nan
4.6,77.3,84.4,No
,70.6,67.4,No
16.3,69.9,62,Yes
13,,77.2,No
6.8,,67.3,Yes
16.7,79.7,83,Yes
2.1,,51.8,No
20.7,44.6,74,Yes
6.6,93.1,64.6,No
8.7,60.1,85.1,No
7.9,42.1,79.5,nan
4.6,112,69.4,Yes
19.6,103.2,69.5,Yes
13.9,74.8,63.8,No
16.1,96.4,82,Yes
3.9,68.4,57,No
10.9,65.6,64.1,No
12.6,63.1,74.5,No
11.4,62.2,53.9,No
4.2,69.8,,nan
15.4,60.7,78.6,No
10.6,18,43.5,No
5.2,71.3,79,Yes
0.7,55.6,60,No
13,80.9,46.8,Yes
22.3,70.2,85.5,No
4.9,87.7,38,nan
10.9,75.3,81.8,No
15.6,49.7,108.3,Yes
3.7,49.7,90.6,No
7.6,,60.4,Yes
5.7,57.7,88.1,Yes
14.9,60.9,82.1,Yes
16.6,93.4,52.6,Yes
10.8,78.7,50.4,No
5.8,37.8,68.7,Yes
7.8,57.5,73.2,No
6.8,,80.6,Yes
5.1,54.9,79.9,Yes
9.5,76.6,68.3,Yes
12.9,58.2,57.5,No
12.5,72.3,78.7,Yes
10,63.6,81.9,Yes
10.3,77.2,67.1,Yes
9.6,103.8,62.2,Yes
3.5,92.9,57.8,Yes
10.8,53.4,42.8,Yes
,125.2,54.1,No
3.3,98.6,86.7,Yes
11.9,61.3,65.6,Yes
6.9,57.7,56.1,Yes
11.1,81.8,,No
14.2,,59.5,Yes
5.2,110.3,71.6,Yes
10.5,85.2,59.7,No
0.9,61.7,64.2,No
17.7,,34.4,No
3.2,87.5,50.2,No
7.4,48.2,69.6,Yes
16.7,104.9,62.8,Yes
8.8,64.1,,No
4,94.2,68.8,No
13.6,99,86.1,No
13.5,136.1,21.4,No
6.8,68.9,64.1,Yes
7.4,69.4,74.6,Yes
7.8,68.4,66.2,No
9,78.5,61.1,Yes
0.5,62.1,58.4,No
9.1,99.2,55.3,Yes
18.9,95.2,58.4,Yes
5.5,69.9,51.2,Yes
7.1,60.8,61,No
4.1,66.3,52.5,Yes
13.1,65.6,,Yes
16,84.9,52.1,Yes
15.9,78.9,,Yes
3.8,91.4,79.3,Yes
12.5,104.7,82.7,Yes
17.2,81,64.5,Yes
12.5,86.9,48,No
12.4,,39.5,No
7.6,86.4,77.6,No
11.1,65.2,63.6,Yes
16.2,73.6,58.3,Yes
11.6,41.7,74.8,Yes
3.8,85.9,104.5,Yes
7.7,64,65.6,No
16,57.2,81.6,No
11.6,57.7,,Yes
10.6,97.9,79.5,No
7.2,69.8,66.5,No
15.9,90.3,78.6,No
18.3,82.7,74.3,No
16.3,79,55.4,Yes
17.2,67.3,44.2,No
8.2,84.9,31.2,Yes
7.5,66.5,71.2,Yes
9.2,78.1,85.3,Yes
10.2,97.1,73.8,Yes
17.2,,85.7,Yes
15.8,66.3,90.1,No
12.7,82.4,72.7,Yes
2.8,86.7,31.5,No
1.6,79.7,47.5,No
11.2,90.3,54.8,Yes
14.4,90.5,44.2,No
9.6,111.8,40.2,Yes
19.6,118.1,64.4,No
4.6,71.7,47.5,No
4,108.2,53.1,Yes
6.7,83.8,69.1,No
6.5,71.5,51.9,No
12.6,87.1,66,Yes
7.9,70.3,60.9,No
2.3,74.1,81.1,No
14.5,53.1,55.3,No
1.2,76.6,44.7,Yes
4.6,93.7,60.3,Yes
1.9,89.4,97.3,Yes
11,82.3,88,Yes
10.9,,89.7,Yes
19.6,117.7,71.3,No
14.6,85,67.8,No
17.2,107,49.9,No
11.4,82,71.9,Yes
5.1,76.8,44.6,No
10.6,94.2,62.1,Yes
,73.6,71.1,Yes
13.5,27.8,55.9,No
7.6,69.8,,Yes
12.4,44.9,57,Yes
5.3,67.2,26,Yes
4.8,64.1,76.5,No
4.4,64.2,74.5,Yes
10.1,54,,Yes
4.1,51,63.7,No
7.9,62.1,102.3,nan
14.5,67.6,75.7,Yes
,,55.7,No
7.5,80.2,70.3,No
10.4,89.1,73.7,Yes
11.2,54.8,60.2,No
7.5,57.5,62.5,Yes
13.9,108.3,38.9,Yes
13,90.1,62.6,No
15.7,59.5,45.7,No
9.6,49.9,,Yes
7.4,65,58.5,No
6.6,69.9,72.1,No
11.5,88.6,35.4,No
8.1,29,59.9,Yes
7.2,55.7,43.1,Yes
7.8,111,96.9,Yes
6.6,75.3,42.9,Yes
11,76.2,63.6,No
2.9,63.7,46.5,No
11.5,90.8,70.6,Yes
13.4,38.9,30.8,Yes
,66.5,86.2,Yes
19.6,33.4,101.6,nan
10.1,74.6,82.2,Yes
2.2,66.1,66.8,No
8.6,42.4,59,Yes
10.3,95.2,49.7,No
12.2,88.8,45.9,Yes
8.7,95.6,55.5,Yes
4.9,44.9,73.2,No
4.5,,57,Yes
6.7,99,62,Yes
7.2,91.2,68.9,No
4.3,103.1,79.4,No
6.3,,93.1,Yes
,72.8,40.6,Yes
18.2,87.3,94.6,Yes
13.8,48,85.6,No
16.5,78.9,76.7,Yes
14.9,125.7,60.1,Yes
14.2,67.8,58.5,Yes
8.3,42.9,80.8,No
10.7,83.2,59.6,No
7.9,57,35.6,No
8.9,72.9,,Yes
,96.8,55.8,No
13.6,,80.9,nan
12.1,65.2,44.4,Yes
9.2,91.8,101.7,No
10.3,,64,Yes
12.2,78.9,39.3,Yes
13.3,67.3,65.5,No
2.4,27.8,71.5,Yes
4.6,50.8,83.7,nan
15.5,,66,No
9.7,89.9,67.4,Yes
7.9,75.4,66.2,Yes
8.7,69.1,46.9,Yes
8.7,91.2,65.4,Yes
12.8,80.5,64.6,No
4.5,94.9,54.5,No
10.1,86.5,36.6,No
11.2,60.8,59.2,Yes
12,88.4,74.1,Yes
11.1,94.2,87.1,No
12.6,103,61.9,Yes
,64.5,62.8,No
5.3,67.7,60.8,Yes
22.3,92.6,69.6,No
8.5,91.8,57.7,No
9.1,64.8,73.4,No
13.4,61.6,30.5,Yes
18,66.3,73.2,No
7.3,76.6,58.4,Yes
5,57.2,63.2,Yes
3.8,83.4,40.9,No
18,40.5,64.5,Yes
4.8,58.4,72.9,No
9.9,78.7,81.9,Yes
5.1,56.6,65.2,Yes
2.8,66.6,69.9,Yes
8.5,72.5,74.3,No
5.3,117.4,53.6,No
6.5,48.9,84.3,No
20,79.7,44.6,Yes
12.1,54.5,77.2,Yes
14.7,53.8,48,No
14.1,57.5,44.2,Yes
9.5,71.9,52.4,Yes
7.8,103.7,73.9,No
11.2,98.5,49.4,No
10.8,65.8,77.9,No
7.2,69.7,65.5,Yes
10.6,86.8,47.6,No
6.5,76.2,61.2,No
9.1,62.3,76.6,No
8.3,88.2,84.4,No
3.7,107.4,76,No
-1.8,96.2,79.4,Yes
5.3,102.1,65.2,Yes
19,72.2,58.7,Yes
8.5,53.3,61.9,No
13.9,35,86.4,Yes
-0.6,33.6,52.2,No
5,70.9,65.8,No
3.2,85.1,70.9,Yes
9,91.9,61.5,No
22.1,79.9,84.8,Yes
12.3,60.6,70.5,Yes
18.5,88.1,68,No
8.7,51,68.1,Yes
16.8,52.9,82.1,Yes
20.4,87.3,59.1,Yes
9.5,50.3,55,Yes
7.3,59.7,72,Yes
3.4,55.4,74.1,Yes
8.5,78.4,73.3,No
10.4,86.8,30.1,Yes
20.2,87.3,64.8,Yes
3.5,63.4,66,Yes
10.3,71.6,75.4,Yes
0.9,,48.7,No
7.9,64.4,74.2,Yes
11.6,56.7,55.8,No
12.6,62.2,64,Yes
12.9,62.8,85.9,No
12,75.6,68.1,No
12.9,74.5,68,No
10.2,71.7,,Yes
4.8,59,75.6,No
0.7,56.4,24.1,No
7.3,88,78,No
9.3,81.9,83.9,No
16.3,66.3,66.9,Yes
9.5,73.9,37.9,Yes
9,99.2,,Yes
11.9,73.6,47.5,No
8.6,74.9,65.8,Yes
14.1,105.5,67.1,No
19.9,96.4,82,No
21,62.2,86.1,Yes
10.5,96.4,103.1,Yes
11.7,71.6,54.6,No
,54,65.1,No
9.3,101.1,64.8,Yes
13.4,60.8,54.9,nan
4.3,64.8,69.2,Yes
8.4,67.4,76.2,Yes
15.8,115.7,99.6,nan
6.4,56,74.5,No
9.4,62.9,48.9,Yes
2.1,68.2,45,Yes
20,85.5,52.7,No
16.3,73.6,75.1,Yes
10.9,61.7,66.1,Yes
12.5,87.5,45.7,Yes
12,102.1,52,nan
16.9,42.5,81.2,Yes
7.4,61.4,84.3,No
13.7,85.2,32,Yes
15.4,50.3,69.2,Yes
16.1,71.9,77.9,Yes
-1.3,100.4,60,Yes
7,87.5,80.5,No
4.9,85.4,91.6,No
10.7,89.9,80.5,No
-0.1,81.5,71.4,No
-0.2,68.3,51.8,No
20.9,94.3,90.9,No
13.1,65.5,51,Yes
10.6,71.8,73.4,Yes
11.8,41.9,55.7,Yes
10.7,65.4,49.6,No
15,76.6,85,No
6.8,75.5,86,No
10.9,93.5,48.8,No
11.1,66.2,72.3,No
,67,62.9,No
16.4,64.2,47.4,Yes
7.8,79.8,51.8,No
15.1,105.9,59.2,Yes
10.6,28.8,68.8,Yes
18.2,65.2,95.3,Yes
4.8,68,80.4,Yes
4.6,32.4,68.9,Yes
5.5,72.5,63.3,Yes
10.7,67.9,40.7,No
17.7,66.2,55.7,No
18,52.9,82.1,No
-1.5,73.3,79.3,No
11.2,51.7,45.9,Yes
-6.1,58.2,60.6,No
14,71,45,Yes
15.6,95.4,75.5,Yes
9.8,83.2,71,Yes
10.4,87.3,43.6,Yes
10.4,114.2,74.1,No
6.1,83.8,78.2,Yes
12.2,54.1,76.4,nan
8.8,63.7,61.4,No
14.7,57.9,73.9,No
9.4,72.3,79.4,No
5.7,66.8,33,Yes
2.3,56.1,74.6,No
0.7,93.5,37,Yes
16.6,94.9,57.5,Yes
7.7,78.6,61.5,No
11.7,,73.7,No
,77.4,,Yes
7.2,62.8,75.5,Yes
6.9,100.7,57.5,nan
9.3,,,No
10.1,88.2,72.4,Yes
19.4,87.7,68.5,Yes
17.8,92.9,59.8,Yes
13.1,78.9,,Yes
,,64.2,No
9.1,122.9,53.9,Yes
11.5,57.5,64,Yes
8.5,89.4,69.4,No
3.5,75.4,65.7,Yes
16,,49.3,No
12.7,81.8,61.1,No
10.1,53.4,66,Yes
10,48.2,58.5,No
2.5,49.5,68.1,No
5.1,66.1,57.4,No
11.7,,67.6,Yes
7.4,61.3,75.1,No
8.9,46.3,59.7,Yes
9.5,93.4,70.6,No
6.6,,82.9,Yes
5.2,84.6,,Yes
1.9,60,74.6,Yes
9.3,99.4,56.6,Yes
13.1,64.5,68.8,No
1.8,39.8,59.9,No
9.9,74.2,36.8,Yes
11.4,58.2,86.9,Yes
5.1,91.2,59.6,Yes
17.1,81.6,72.2,No
8.1,62.4,61.5,Yes
,54.9,49.2,No
9.2,53,83.9,No
1.1,63.3,75,No
15,102.3,52.1,Yes
5.2,72.1,77.4,No
8.8,93.9,89.2,No
13,45.4,69.3,Yes
17.3,36.6,79.3,Yes
4.6,56.1,,No
7.8,88.1,53.2,Yes
16.9,69.2,74,No
12.3,92.8,44.5,No
13.4,100.3,,nan
4.7,55.9,57.4,Yes
8.1,91.7,,Yes
9.2,102.8,,Yes
5.7,95.7,51.8,No
1.6,43.1,48.2,No
7.4,37.9,40.1,No
16.8,66,59,Yes
10.3,66.8,43.8,Yes
16.9,91.9,53.8,Yes
10.9,55.6,50.7,No
6.2,83.3,43.3,Yes
16.4,53.3,69.6,No
11.1,,66.3,Yes
14.8,65.9,68.7,No
,82.2,65.7,No
15.2,67.7,74.4,No
15.3,,,No
11.4,85.2,88.6,No
6,98.4,,No
9.8,58.3,42.7,No
13.1,,33.1,No
11.2,62.7,,Yes
13,48,58.1,No
15.1,62.8,,No
6.8,71.3,79.4,Yes
4.2,48.6,,No
9.8,102,88.1,Yes
8.4,44.4,68.8,Yes
13.9,64.2,72.8,No
4.6,56.6,78.3,Yes
15.1,,59.2,Yes
16.8,44.9,90.2,Yes
10,91.5,71,No
10.3,78.9,90,No
6.2,50,,Yes
7.3,,73.5,Yes
8,71.3,59.6,No
17.2,86.7,63.8,No
9.6,62.1,70.1,nan
3.4,87.6,47.9,No
11.3,76,31.3,No
14.1,84,59.1,No
9.9,57.4,60,Yes
17.3,70.2,72.8,No
13.9,77.2,85.2,No
4.8,76.6,64.8,No
7.2,74.2,47.1,Yes
11.1,116.8,65.1,nan
1.7,86.5,67.4,Yes
11.7,89.5,61.6,No
1.2,79.9,51.3,No
15.1,85.7,94.7,No
14.5,79,76.9,Yes
12.5,111.4,74.4,Yes
6.6,73.8,38,No
10.9,91.6,46.7,Yes
7.4,116.7,42,nan
4.8,88.1,60.7,No
8.3,69.3,82.6,No
13.5,60.3,62,Yes
10.2,65.1,60.1,Yes
17.3,82.8,40.1,Yes
13.8,110.7,69.5,No
13.3,87.1,57.7,Yes
2,67.3,81.5,Yes
8.6,68.9,53.2,No
4.7,72,62.2,No
9.1,48.2,56.1,Yes
6.5,65.8,59.6,Yes
8.1,65,75.5,No
15.3,,47.2,Yes
12.4,93.5,62.1,Yes
15,53.5,64.3,Yes
2,43.6,74.2,Yes
10.3,48.9,59.2,No
14.8,103.3,80.6,nan
17.5,48,34.7,No
2.3,107.2,71.9,Yes
,79.8,64.7,Yes
15.2,70.1,79.5,nan
9,52.1,49.5,Yes
5.4,100.3,90.4,Yes
2.3,85.9,85.5,Yes
5.3,93,58,No
1.6,69.5,71.4,Yes
10.3,88.3,48.5,Yes
14.5,104.6,74.3,No
3.7,86.9,52.5,Yes
11.3,53.9,69.6,No
14.2,85.4,,Yes
10,90.1,82.7,No
1.9,108.5,73.6,Yes
,86.7,94.8,nan
9.7,97,67.6,Yes
9.2,87.3,42.1,No
7.3,47.9,69.2,Yes
10.4,91.6,103.2,No
12.5,77.4,61.5,Yes
22,114.9,72.4,No
10.6,46.2,74.5,No
17.6,52.4,46.1,No
11.8,89.5,68.9,No
9.5,105.2,75.6,Yes
10.7,72.6,75.9,No
,72.7,59,Yes
11.5,79.1,51.1,No
0,65.3,53.9,Yes
5.7,94.8,61.3,Yes
10.5,65.3,66.7,No
16,89,45,No
17.2,48.5,80.8,No
8.8,109.4,78.2,No
10.8,32.6,102.4,No
14.9,53.7,69.5,No
3.4,120.1,62.3,No
12,77,,No
5.9,61.8,42.2,No
9.1,49.5,,Yes
7.7,66.3,45.7,No
12.2,80.8,57.8,Yes
12.8,84.7,53.7,No
14.5,81.4,81.6,No
11.7,39.3,73,Yes
10.9,77.8,74.6,No
19.3,81.8,40.9,Yes
2.4,82,65.5,Yes
18.5,75.6,40.3,Yes
8.6,50.4,73.9,No
12.9,56.6,54,No
,99.3,45.1,No
6.5,59.5,58.5,No
12.4,60.6,55.4,No
15.2,69.1,76,No
12.4,50.7,56.8,No
7.3,87.7,65.3,Yes
28.1,49.6,51.3,No
16,96.7,57,No
14.7,48.1,49.9,No
8.2,69.4,59.4,Yes
6.9,81.9,72.8,No
8.6,90.8,69.9,No
15.4,70.5,84.8,No
5,60.9,44.9,Yes
4.7,103.4,63,Yes
12.7,,56.5,Yes
11.6,71.6,66.3,nan
6.1,38.6,66.7,Yes
4.5,78.8,51.3,Yes
17.2,74.9,69.3,Yes
11.8,47.9,62.8,No
3.2,59.4,85.2,No
3.5,76.9,43.4,Yes
8.2,84.3,56.2,Yes
13.7,54.6,84.5,Yes
13,54.8,68,Yes
,77.3,51.2,Yes
2.5,58.2,64,No
11.1,71,36.4,No
17.1,110.5,74.4,No
16.7,74.1,52,No
11.8,,,Yes
21.7,50.1,67.4,Yes
13,59.6,60.6,No
15.2,59.2,26.4,Yes
10.2,52.9,60.3,Yes
6.1,39.6,27.5,nan
5.6,78.9,,No
10.9,82.7,60.3,Yes
8.9,56.1,51.4,No
1.2,60.1,33.5,Yes
4.9,76.6,73.8,No
8.4,75.4,71.3,Yes
13.6,95.7,62.1,Yes
9.9,97.7,64,No
9.6,61.6,,No
5.1,73.6,53.1,Yes
10.1,55,83.2,No
16.6,105,59.2,No
10.8,80.3,70.1,No
2.5,94.9,59.1,Yes
3.7,67.7,62.2,Yes
12.9,95.4,96.4,No
8.9,89.9,85.3,Yes
9.6,100.6,75.5,Yes
6.9,48.1,63.6,Yes
12.5,76.5,76.9,Yes
8.5,97,38.4,No
9.1,56.3,63.9,No
5.7,85.4,53.7,Yes
14.6,86.4,75.4,No
8.9,89,77,Yes
13,81.7,82.3,No
4,87.4,63.9,No
18.7,83.7,63.7,nan
16.4,98.7,74.2,No
0.5,60.6,84.1,No
6,81.8,43.6,No
12.4,99.4,62.6,Yes
3.4,59.3,30.6,No
9.3,61.2,79.7,Yes
12.1,85.5,54.5,No
9.1,102.6,71.2,No
12.7,72.3,44.9,No
6.5,76.9,63.7,No
-1.2,82.3,57.2,Yes
14.9,65.3,53.4,No
14.9,,79.5,nan
22.5,56.5,51.5,No
-1,76.8,82.9,Yes
13.8,77.1,88.5,Yes
0.2,31.2,57.2,No
18.8,58.2,90.4,No
12.4,48,,No
5.2,89.4,99,No
13.9,41.1,92,No
7.2,93.8,67.9,Yes
11.5,51.4,81,No
11,94.2,61.5,Yes
18.7,47.1,85.2,Yes
19.1,83.5,47.8,nan
7,93.7,58.5,Yes
,86.5,54.7,No
11.8,50.6,,No
2.9,97.6,,Yes
6.5,85.9,65,Yes
21.7,27.8,74.9,No
11.8,77.2,66.9,No
15,131.7,71.9,No
8.9,97.3,50.3,No
7.3,65,55.3,No
10.1,85.9,58.4,No
,67.1,63.5,No
2.5,95.3,83.7,No
5,58.7,66.1,Yes
13.5,99.2,53.9,No
8.1,93.4,74.2,Yes
10.1,87.9,,Yes
11.2,116.4,61.4,Yes
11.6,95.1,85.7,Yes
15.7,95.4,76.8,Yes
4.5,97.5,64.2,Yes
12.9,89.3,63.2,Yes
13.8,84.3,60.3,No
14.9,61.5,44.3,No
2.9,61.7,60.8,No
11.3,83.6,65.1,Yes
18.6,87.2,45.1,No
9.5,75.4,48.5,No
,65.4,99.9,Yes
13.9,72.3,89.4,Yes
4.9,73.9,54,Yes
19.2,80.5,54,No
12.5,70.6,73.2,Yes
12.6,98.3,58.8,No
1.7,72.8,66.3,No
14,62.1,,Yes
12.5,,57.6,No
18.1,150,42.6,Yes
8.4,115.3,52.6,No
5.1,88.1,59.1,Yes
6.6,74.7,55.5,No
,103.3,46.2,No
4.4,70.9,90,Yes
16.5,74.3,72.5,No
,60.9,61.7,No
9,56.2,74.6,Yes
8,79.2,61.1,nan
0.9,96.3,100.5,Yes
13.5,57.4,108.5,Yes
18.3,70.2,90.4,No
6.8,70.9,80,nan
9.4,90.4,59.3,Yes
12.2,66.4,36.1,Yes
18.6,90.1,85,nan
11,89.3,57.6,No
11,61.8,65.4,No
10.9,69.1,71.4,No
2.9,76.6,73.8,No
2.8,66.3,70.3,Yes
6,57.1,53.4,Yes
15.1,104.6,62.6,No
8.3,39.3,60.3,No
7.4,79.7,81.1,No
7.3,102.3,60.1,nan
9.3,58.9,,No
18.5,75.5,66.4,nan
9.2,93.1,60.6,No
,14.2,64.9,Yes
10.1,74,49,Yes
18.8,43.6,48.1,No
7.5,94.3,56.3,nan
4.1,59.2,69.9,No
7.5,110.7,51.7,No
10.6,55.9,68.9,No
13.4,84,79.5,Yes
15,57.5,42.7,Yes
4.8,70.3,50.7,No
5.2,74.9,44.5,Yes
8.4,75.5,44,nan
13.4,108.1,30.6,No
3.7,,67.8,No
7,60,51.5,Yes
7,75.9,67.9,Yes
14.7,51.7,79.3,Yes
,47.2,50.5,Yes
,61.7,76.6,No
16.7,108.7,82,No
8.5,41.2,55,No
4.1,86.5,35.3,Yes
4.1,84.2,46.9,Yes
0.8,60.1,101.7,No
7.7,87.9,61.2,No
8.1,87.8,80.2,No
13.9,74.3,65.3,Yes
10.1,72,38.7,Yes
7.5,70.1,72.6,Yes
9.4,58.1,55.7,No
4.8,78.3,94.5,Yes
15.1,64.9,53.9,Yes
6.1,78.2,90.5,Yes
4.3,62.8,90.2,Yes
14.1,61.9,43.3,No
12.9,64.1,75.4,No
1.4,100.4,59.6,No
14.3,47.5,82.5,Yes
6.3,110.5,71.1,No
8.1,90.4,67.8,Yes
,43.7,58.6,No
12.9,63.4,73.8,nan
12.2,42.5,43.8,Yes
9.8,87.9,79.2,Yes
7.9,100.5,77.6,Yes
12.1,79.6,72.7,Yes
9.4,99.4,50.9,Yes
19,78.7,50.5,Yes
12.9,94.4,55.1,Yes
5.4,80.8,51.4,Yes
,75.3,69.5,No
10.2,90.5,57.3,No
16.5,71.9,59.3,Yes
,,58,Yes
,68.7,47.5,Yes
5.3,86.3,56.9,Yes
4.7,60.9,81.6,No
11.3,43.5,77.5,Yes
21.5,82.2,72.3,nan
12.7,38.9,87.4,No
2,118,57,No
6.4,67.9,59.8,No
6.9,73.4,80,Yes
5.9,68.8,64.5,No
8.1,77.8,51.3,No
,81.8,47.2,Yes
13.4,58.2,51.1,No
15.5,23.9,84.2,Yes
12.6,53,68.2,Yes
0.2,65.3,69.7,No
4.7,80.6,65.7,Yes
9.2,78.7,54.5,Yes
10.7,90.1,25.5,nan
14.3,42.1,40.3,Yes
10.2,57.1,83.5,No
10.3,66.2,76.4,Yes
11.2,105.5,89.1,Yes
8.7,129.4,68.9,Yes
10.4,48,75.5,Yes
15.6,96.8,45.8,Yes
9.6,76.7,41.2,Yes
9.8,86.1,81.1,nan
9.8,48.5,69.3,Yes
16.5,102.1,65,Yes
4.5,30.6,57.5,No
,48.7,92.1,Yes
,69.6,52.3,No
6.7,63.1,87.5,No
,75.5,65.4,Yes
15.2,61.3,34.9,No
3,67.9,74.3,Yes
4.5,71.3,63.9,Yes
11.4,70.5,58.5,Yes
21.7,78,66.7,Yes
16.2,,26.2,No
8.8,59.9,,Yes
,102,,No
10.4,76,92.8,Yes
11.8,100.2,100,No
8.1,68.1,60.8,No
5.7,57.7,79.8,No
10.8,76.6,85.2,Yes
5.3,126.3,66.4,No
19.4,47.7,68.7,No
,88.5,59.4,No
,78.5,45.4,No
10.4,83.1,81.7,Yes
6.7,50.9,50.3,No
9.9,84.1,61.2,No
18.2,80.9,80.8,Yes
14.3,,44.3,No
11,77.6,60.5,No
14.6,70.1,86.4,Yes
12.7,67.9,43.7,No
12,74.1,58.5,Yes
14.9,96.8,45.8,No
12.6,84.2,79.7,No
14.3,54.1,94.1,No
10.8,84.9,83.1,No
8.7,,70.5,No
,62.7,62.2,Yes
6.7,50.2,76.6,Yes
2,91.1,74.8,Yes
5.4,63.6,46.2,Yes
5.3,93.2,48.4,Yes
7.5,53.5,41.6,Yes
17.8,114.9,68.6,No
9.2,127.7,60.9,No
11.2,85.8,74.1,Yes
11.4,100.9,83.5,Yes
17.9,65.9,70.1,Yes
7.1,64,63.7,Yes
,98.9,84.3,No
9.5,78,42.1,Yes
15.7,47.6,65.9,Yes
16.7,76.5,61.8,No
12.4,50.6,62.7,No
16.2,71.3,57.2,No
10.9,96,84.6,nan
9.1,104.2,38.9,Yes
15.9,80.5,75.1,No
12.4,101.8,49.9,Yes
6.3,65.8,34.4,Yes
15,109,71.6,nan
9,60.5,72.8,Yes
8.3,58.8,85.6,No
14.5,65.8,65.7,No
9.6,60.1,79.3,Yes
11.9,85.3,78.3,No
13.3,100,67.3,No
6.1,75.3,45.8,No
11.9,81.2,75.8,Yes
16.7,,78.4,No
5.2,76.9,,Yes
12.2,110.4,59.6,No
5.9,103.3,200,Yes
15.1,53.1,78.9,Yes
15.1,66.2,50.5,Yes
8.2,143.1,74.5,No
21,83.4,77.4,nan
15.5,105.3,74.3,Yes
13.5,106.9,66.6,Yes
13.3,52.7,79.9,Yes
14.9,89.5,63.6,Yes
5,78.7,80.6,Yes
11,109.8,58.6,Yes
11.9,114.2,83.6,No
8,58.4,,Yes
12.3,143.8,,No
16.2,,65.4,No
7.9,87.6,83.1,Yes
9.7,22,58.5,No
,95.2,69,No
1.1,31.9,50.2,No
13.9,72.1,57.9,No
9.9,63.9,73,No
10.2,84.3,55.7,No
5.1,78.6,,No
9.1,86.7,87,nan
15.5,99.9,56.4,Yes
10,54.9,56.8,Yes
10.1,,78.5,No
11,58.1,69.6,No
3.8,56.6,43.1,Yes
,,52.6,No
3.7,49.6,67.3,No
5.3,58.6,94.3,Yes
4.8,118.9,79.5,Yes
9.1,72.5,102.9,Yes
8.2,73.7,65.4,No
10,83,29.4,Yes
5.5,50.9,102.4,Yes
15,56.6,50.8,Yes
14.2,62.7,43.7,Yes
9.1,95.8,78.2,nan
7.6,88.4,86.3,Yes
7.1,62.4,83.8,No
8.4,72.3,71.6,No
,90.6,36.9,No
5.2,27.3,70.3,No
14.3,81,85.7,No
11.5,90.2,72,Yes
18.2,56.6,64.7,Yes
,88,80.5,Yes
8.2,75.3,79.7,Yes
8,111.2,59,No
8.4,64.5,72.2,No
6.7,86.8,63.8,Yes
11.4,45.6,69,Yes
10.1,76.5,64.4,No
7.5,91.3,60.8,No
16.3,64.5,54.2,Yes
19.5,,71.4,nan
15.8,93.4,74.7,Yes
12.8,77.9,56.3,Yes
13.8,69.6,48.6,Yes
19.3,13.3,63.4,Yes
13.8,62,61.2,No
7.1,97,80,No
12,69.5,80.1,Yes
13.1,84,46.3,No
5,65.7,61.9,No
8.6,46.5,69.8,Yes
15.5,,59.6,Yes
0.9,50.4,86,Yes
3.7,69.8,42.5,No
9.1,82.3,54.8,No
-1,61.4,65.9,No
3.2,106.4,53.9,Yes
9.4,114.4,58.9,Yes
15.8,58.8,37.7,No
10.3,59.6,83.2,No
14.7,66.2,73.8,Yes
7,98.1,34.7,No
6,84.7,79.9,No
14.2,90,61.6,No
11.8,101.3,59.2,Yes
4.1,56.9,67.1,Yes
6,85.1,58.9,Yes
17.8,76,64.6,Yes
5.4,83.6,49.7,Yes
14.7,98,59.5,Yes
,72,54.2,No
10,61.1,72.1,No
11.5,54,63.3,Yes
-0.5,110.1,63.8,nan
2.7,74.2,50.4,No
,47.6,75.2,Yes
6.4,,71.7,No
,40.8,82.6,No
2,44,70.1,Yes
12.8,68.7,63.8,Yes
3.1,,74.3,No
,81.2,54.3,Yes
4.7,36.5,58.5,No
19.5,,56.9,Yes
3.3,100.6,83.7,No
9.4,55.4,63.6,nan
1.4,67.4,66.8,nan
18,59,55.6,No
12,81.4,69.3,No
10.7,53.5,64.6,No
17.4,51,85.5,Yes
10.7,72,63.3,No
11.1,81.7,75,No
10.7,78,50.6,Yes
12.8,66.2,66.3,Yes
7.5,88.4,70.4,Yes
8.9,79.6,50.9,Yes
14.1,51.6,68.5,Yes
11.4,21.5,48.5,Yes
9.4,85.4,32,No
3,69.9,67.8,No
17.5,52.8,80,No
6.7,107.5,33.3,No
14.9,107.3,76.2,Yes
10.9,100.5,81.6,Yes
3.5,79.5,34.6,No
16.3,11.7,63.3,Yes
11.3,98.5,46.3,No
16.7,,94.7,No
9.1,63.8,66.2,Yes
13.5,93,,No
1.2,115.6,78.9,No
7.5,105.8,59.2,No
3.6,78.5,65.4,Yes
8.1,89.8,49,No
12.4,52.9,76.2,Yes
7,42.5,72.9,Yes
14.3,,76.7,Yes
5.7,81.5,57.9,No
14.4,46,51.3,nan
,74,77.7,No
15.1,87.3,80.4,No
8.3,93.1,37.4,Yes
-0.6,87.6,70.2,No
12.9,67.7,68.8,Yes
9.4,58,65.2,Yes
5.1,77.3,74.5,No
7.2,91,28.2,Yes
17.2,,90.6,No
4.3,106.6,100.3,No
12.3,75.7,68.8,Yes
11.1,52.8,72.7,Yes
8.2,96.7,53.7,Yes
13.2,76.7,76.1,No
18.2,,64.6,No
8.5,87.5,61.7,No
8.8,103.2,62,Yes
13.1,82.7,51.2,Yes
14.6,103.5,84.5,No
9.4,65.3,89.4,Yes
8.5,60.4,52.9,Yes
-1.1,92.1,71.4,Yes
6.1,67.9,77.1,No
4.3,99.1,49.3,Yes
13.4,78.4,56.9,Yes
8.8,99.4,56,No
8.6,87.6,82.7,Yes
10,,78.6,No
5.6,35.2,75.5,Yes
17.8,90.6,59.1,Yes
16.5,86.3,70.1,Yes
18.1,54.6,82.2,No
13.4,91,86.8,Yes
9.9,102.8,53.3,Yes
18.1,60.9,33.8,Yes
6.6,36.3,47.9,No
5.6,94.4,57.2,nan
7,100.4,69,Yes
12.6,60.3,72.9,No
6.2,90.5,64,Yes
-1,81.6,70.6,No
2,72.8,74.8,Yes
12.4,86.6,56,Yes
2.4,65,58.7,Yes
5.3,53,73.3,No
16.1,83.1,71.1,Yes
15.9,80.4,45.3,Yes
11.9,24.1,76.5,Yes
11.4,51.4,66.8,No
7.3,61.6,49.4,No
6.1,85.5,61.7,No
8.2,44.5,61.6,No
2.4,68.6,51.5,No
11.3,113.8,66.9,Yes
10.2,76.3,69.2,Yes
5.3,77.6,83.5,Yes
17.8,,40.5,Yes
13,94.6,66.9,No
13.5,75.8,58,Yes
7.6,70.6,59.9,Yes
10,78,95.7,nan
13.1,101.5,80.5,nan
,,82.4,No
18,76.1,69.1,Yes
9,98.6,66.9,No
7.5,64.6,47.7,Yes
13.2,11,90.7,No
3.7,84,50.6,Yes
14.6,83.7,71.4,No
3.5,62.6,59.2,Yes
13.2,69.6,59.8,Yes
6.8,100.2,43.5,No
12.4,84.1,69.3,No
14.5,104.5,37.5,No
10.8,80.4,28,No
,71.9,56.5,Yes
5.5,89.2,71.5,Yes
6.4,82.4,47.6,No
0.5,,35.4,No
15.6,70.4,92.5,Yes
10.6,150,95.6,No
4.3,64.3,75,Yes
17.3,85.4,59.2,Yes
6.5,88,72.7,No
11.3,22.4,74.8,nan
5.9,60.3,,Yes
-0.1,43.2,76.2,Yes
3.2,,73.6,Yes
7.8,62.9,59.7,No
14.5,78,65.9,No
11.7,78.7,76.6,Yes
10.7,117.6,71.3,No
-0.1,82.5,,Yes
16.4,87.8,52,Yes
11.1,46.6,69.6,Yes
9.4,68.3,52.9,Yes
15.7,53.3,66.1,Yes
16.2,87,54.9,No
15.8,,60.6,Yes
8.8,68.2,78.8,No
5,94.1,73.5,Yes
14.9,,50.1,No
3.2,101.7,57.9,Yes
,101.4,77.4,Yes
10.1,62.3,92.9,Yes
4.7,97.3,77.7,Yes
3.8,77.3,55.2,Yes
3.6,67.1,62.5,Yes
10.7,82.9,70.1,No
10,43.3,70,No
3.8,64.2,67.9,Yes
8.2,83.4,51.8,No
3.2,69.1,58.4,No
12.9,96.6,68.8,No
9.7,67,,No
,77.4,79.8,Yes
3.6,72.6,38.4,Yes
8.5,44.4,84.1,No
7.9,82.8,96.5,No
11.6,81.3,70.6,No
10.8,36.3,53.8,No
14,25.6,88.9,No
,65.9,60.3,No
0.7,99.6,53.3,No
15,129.4,,No
,38.6,82.5,Yes
4.5,107.5,94.1,Yes
9.8,98.2,56,Yes
11.5,,66.9,No
7.3,112.7,66.6,Yes
7.3,84.3,58,nan
8,70.5,68.8,Yes
17.1,39.4,73.4,No
10,77,69.8,No
5.2,75.8,50.9,No
5.2,119.8,66.1,No
8.7,56.1,48.1,No
11.2,57.3,41.2,Yes
,64.8,64.7,Yes
10.6,128.1,71.8,No
5.8,52,65.4,No
7.9,101.2,60.4,Yes
,43.8,69.6,No
4.3,83.6,90.7,No
7.7,77,68.4,Yes
13,61,97.9,No
14.4,89.4,62.5,No
9,59,63.3,No
7.9,42.7,68.8,No
3.4,68.8,28.6,No
12.6,56.7,,No
16.6,80.2,49.9,No
22.8,69.3,75.8,Yes
11.9,106.3,56.3,No
9.7,68.6,55.3,Yes
5.4,80.5,67.2,No
0.6,51.8,54.8,Yes
10.9,66.5,54,No
,56.8,64.2,Yes
16.4,98.7,86.2,Yes
15.6,59.8,62,Yes
11.2,62,98.3,No
,81,83.1,Yes
-2.1,60.7,59.7,No
13.8,103.2,,Yes
7.1,114.2,70.1,Yes
6.5,57.1,63.3,nan
8.4,91.9,69.5,Yes
8.2,58.1,50.1,Yes
6.4,67.9,83.9,Yes
10.1,88.8,66.1,Yes
7.2,77.8,79.6,Yes
10.5,78.3,57.4,Yes
2.6,97,94.3,No
8.9,96.8,61.5,No
4.5,76,53.1,No
,62.3,33.8,Yes
,75,67.4,Yes
2,54.8,76.4,Yes
5.9,,78,No
12.8,71.2,65.6,Yes
2.9,52.9,49.6,No
18.9,101.8,89.2,No
16,74.7,,No
7.5,60,35,No
,97.9,62.8,Yes
11,100.1,,No
2.8,37.3,27.6,Yes
0,97.1,57.6,nan
7.7,78.2,48.6,Yes
9.3,94.4,55.7,Yes
10.5,73.6,63.2,No
6.9,82.6,46.5,No
16.4,68.9,73.3,Yes
2.5,94.8,49.5,No
4.3,61.6,57.2,Yes
12.4,95.5,70.3,No
4.2,78.6,89.5,Yes
4,90.1,56.6,Yes
10.6,54.8,56.6,Yes
4.7,83.5,76.6,No
9.3,85.7,64.3,Yes
6.5,112.1,65.1,No
5.7,89,,No
-0.5,63.2,54.7,No
10.7,62.4,67.7,No
3.8,90.2,96.7,Yes
9.2,64.2,62.9,No
7.4,64.6,96.1,No
9,57.8,42.1,No
9.3,77.7,61.2,Yes
11,79.4,64.9,Yes
6.4,68.5,44,Yes
16.2,108.9,,No
0.8,86.4,54.1,No
8.9,110.2,54,No
14.2,77.6,65.8,Yes
12.4,60.3,89.3,Yes
5.1,55.1,74.2,Yes
6,72.5,77.5,Yes
5,90.1,69.3,Yes
13,69.1,51.3,No
6.3,92.1,62.4,nan
11.3,103.1,65.4,Yes
11.3,58.9,61.4,No
21.8,53,60.6,No
11.6,94,73.1,Yes
,80.4,79.5,Yes
2.7,81.5,85.6,No
8.6,88.9,63.9,No
9.4,44.5,85.2,Yes
-1.1,83.8,63.3,Yes
6.4,78.6,66.9,Yes
11.5,84.2,71.2,No
7.3,55.9,79.5,Yes
14.8,76.6,94.7,No
2.2,65.3,45.9,Yes
13.4,95.9,61,No
,73.3,73.2,Yes
14.8,63,48.5,No
2.2,55.2,42.1,No
,92.5,62.3,Yes
6.7,94.6,50.5,No
3,113.5,73.9,No
7.9,68.6,54.6,Yes
5.5,54.7,72.8,No
14.6,72.5,87.1,No
12.6,61,94.3,No
4.2,62.4,69.7,No
6.4,84.5,53.8,No
8.1,96.8,85.6,No
9.6,83.3,68.9,Yes
15,77.3,69,No
13.5,91.4,72.9,Yes
10.3,70.5,49.1,Yes
8.7,104,46.9,Yes
1.1,135,76.9,No
16.5,62.4,58.8,No
7.8,99.2,73.8,Yes
17.8,99.2,64.7,Yes
11,85.5,81.5,Yes
20.1,100.7,89.9,Yes
13,82.1,68,No
2.8,88,78.1,No
6.9,76.6,64.9,No
9.2,77.8,84.8,Yes
5.6,87.7,42.6,Yes
8.1,83.4,74.2,No
3.2,54.1,59.4,Yes
10,85.2,74.5,Yes
11.2,70.1,63.5,Yes
5,63.9,71.3,nan
19.7,94.4,59.7,No
10.3,56.3,22.5,Yes
5.9,69.6,83.4,Yes
1.9,53.7,36.4,Yes
10.3,67,49.4,No
8.7,122.9,72.1,No
13.9,59.7,72.3,nan
9.3,72,79.9,Yes
4,102.8,71.8,Yes
18.4,83.8,83,No
12.2,72.2,77.1,Yes
8.7,61.1,40.6,Yes
10.8,,67.4,Yes
12.4,68.5,56.3,No
,118.5,200,Yes
10.8,69.3,55.6,nan
7.7,,77.1,Yes
12.5,,43,nan
6.3,92.4,62.7,No
7,71.8,66.7,No
18.3,65.8,41.7,No
16.2,69.8,60.3,Yes
-6.5,95.9,72.1,Yes
15.8,85.5,80.2,No
9.6,37.7,78.5,Yes
6.5,49.2,67,No
5,72.3,71.7,No
5.3,85.7,48.4,No
6.6,70.4,39.5,Yes
4.4,64.9,64.9,Yes
3.2,55.3,45,Yes
4.8,93.3,31.5,No
11.6,,60.6,No
10.3,108.6,60.3,No
12.8,49,52.9,No
9.7,88.8,70.6,Yes
3.5,86,72.9,No
12.5,91.9,71.3,Yes
5,91.5,61.3,No
13.2,64.9,58.5,No
4.2,71.4,46.6,Yes
6.6,78.3,63.6,Yes
8.2,54.9,75.9,No
13.4,95.6,62.8,Yes
10.9,25.5,66.7,No
10.1,150,68.5,Yes
19.4,41.4,63,No
0.8,97,54.8,Yes
4.8,79.3,64.6,Yes
4.6,64.3,69.1,Yes
1.1,76.9,73.3,Yes
6.4,80.3,96.9,No
13.4,50.2,66.6,No
7,77.9,71.7,No
8.3,102.8,54.5,Yes
1.4,106.3,66.5,Yes
6,92.1,49.7,Yes
7.7,80.2,44.1,No
13.2,93.5,49.1,No
1.6,89.1,65.2,Yes
7.7,52.5,39.5,Yes
15.4,56.7,68.9,No
7.8,87.7,65.9,Yes
-0.6,61.6,,Yes
,54.5,60,No
13.7,100.8,60.2,Yes
14.3,76.3,76.3,No
1.3,73.7,52.9,No
17.6,50.9,84.5,Yes
6.1,,60.3,No
7.5,68.1,59.6,Yes
6.5,56.9,34.7,No
14.7,50.7,16.4,No
,110,58.4,Yes
12.4,103.2,,Yes
10.4,72.9,48,nan
9.5,48.4,60.5,No
5.3,40.5,81.7,Yes
19.1,66,61,No
2.7,29.9,60.2,No
12.1,65.9,56.2,No
11.9,,68.8,Yes
15.8,73.1,100.8,nan
16.9,78.9,72.6,Yes
9.3,71.3,47.1,No
,118.4,68.8,No
18.8,70.9,52.9,No
9.7,109.6,78.3,Yes
4.7,80.9,63.4,Yes
8.1,115.3,71,No
3.5,39.9,79.2,No
11.9,53.4,94.8,Yes
15.3,,55,Yes
9.4,107.1,33.8,No
1.9,70.2,39.7,No
15.1,61.4,59,Yes
1.1,87.1,72.6,No
2.3,,62.3,No
9.1,59.7,64.6,No
11.3,61.2,45.6,Yes
12.1,108.9,67.8,No
9.7,,69.3,No
18.8,105.3,35.3,No
10.3,93.8,94.7,No
15.2,57.9,77.1,nan
13.9,74.3,68.7,No
3.5,53.8,97.6,Yes
9.2,94.5,57.4,No
20.6,64.1,69.3,No
,40.8,42.2,No
6.6,77.3,91,Yes
10.9,97.5,75,Yes
7.7,47.5,54.5,Yes
6,72.5,55.6,Yes
7.6,63.9,79.5,No
17.2,94.8,88.3,No
9.3,34.1,56.5,Yes
3.4,97.7,76.8,No
2.4,60.9,51.2,No
21,71.8,74,No
,92.2,65.6,No
12.2,104.6,40.2,Yes
6.1,76,57.2,No
-1,60.5,77.5,nan
17.3,64.4,72.1,Yes
6.7,98.3,46.8,No
12.3,57.3,49.2,Yes
3,81.6,,No
20.1,75.1,52.7,No
11.3,90.2,67.7,Yes
7.9,75.7,76.2,Yes
8.5,66.3,39.2,Yes
7.4,64.9,67,Yes
7.7,64.5,48.3,nan
-2.2,47.4,65.1,Yes
9.5,85.1,92.4,No
9.3,79.2,46.8,No
12.4,45.7,,No
7.4,66.9,20.6,Yes
6.1,69.5,73.2,Yes
10,63.3,58.1,No
1.9,72.6,82.6,No
10.7,72.9,62,No
0.7,92.9,72.9,No
15.6,74.9,93.7,nan
-1,86.9,74.4,No
5.4,47.2,75.3,nan
13.3,53.8,83,Yes
10.6,47.5,70.7,Yes
5,67.1,53.7,Yes
-0.1,76.1,26.9,Yes
11.6,108.4,55.7,Yes
6,58.4,74.7,No
15.5,92,58.6,No
10.1,,62.2,No
,75.5,61.6,Yes
19,72,56.8,No
12.9,56.5,74.9,Yes
-8.3,58.1,73.4,No
7.6,106.9,63.2,Yes
3.1,64.3,75.6,Yes
6,95,65.7,No
9.3,88.6,67,Yes
11.8,62.8,59.7,nan
11.3,74.9,58.7,Yes
15.4,77.4,57.9,No
13.2,84.7,63,Yes
12.9,66.9,72.8,No
11,44.9,57.4,Yes
16.4,61,65.7,No
8.4,98.3,82,Yes
8.5,74.4,81.4,Yes
0.5,66.6,49.6,No
15.3,45.5,100.7,No
9.6,99.7,,No
24.7,70.9,57.7,No
8,96.7,37,Yes
10.4,88.6,78.1,Yes
,90.9,71.3,No
4.5,108.2,51.1,No
11.8,77.4,66.6,No
10.2,72.3,44,No
8.5,106.3,44.5,Yes
15.9,91.7,,Yes
5.5,60.9,61.7,No
11.4,95.9,87.4,Yes
17.3,105.3,65,Yes
6.5,29,58.2,Yes
8.5,50.1,54,No
21.7,58.8,69,Yes
12.4,89.5,27.5,No
7.5,90.8,66.7,No
14,85.4,90.9,No
7.2,92.5,80,No
2.2,52.8,96.5,Yes
16.9,50.9,54.5,Yes
4.5,100.1,71.9,Yes
22.3,77.1,62.5,No
7.6,99.2,83.3,Yes
20.7,61,63.5,No
3.2,53.9,81,Yes
15.1,49.6,50.4,No
12.5,91,62.8,Yes
14.2,97.6,60.4,Yes
14.8,,83.3,No
,65.3,50.1,No
3.5,87.7,58,Yes
9.7,87.2,62.1,nan
,34.5,36.9,nan
7.6,,60.5,No
11.4,80.6,66.3,Yes
11.6,97.2,88.4,No
5.4,73.3,,Yes
12,78,62.9,Yes
8.7,73.7,56.5,Yes
,80.3,57.7,No
13.9,47.6,60.4,Yes
6.1,62.9,63.5,No
7.7,30.4,69.9,Yes
10.4,66.2,74.1,Yes
16.9,84.9,59.1,Yes
11,59.2,68.1,nan
12.6,70,58.1,Yes
8.5,82.8,54,Yes
9.6,129.5,83.1,Yes
9.8,73.4,65,No
11.5,89.4,56.5,No
8.5,71.3,69,Yes
16.7,82.1,81.3,Yes
8.1,74.4,56.4,No
1.5,,70.5,No
23.7,,73.3,Yes
8.4,99.9,67.6,Yes
16.6,80.8,64.9,No
17,51.1,92.3,Yes
14.7,66.5,59.9,Yes
9,57.2,64.1,No
,93.5,58.8,No
3.6,59.8,,Yes
20,92.2,,Yes
5.7,94.5,81.3,Yes
8.7,77.9,45.3,Yes
10.5,85.9,71.4,Yes
9.5,65,56.2,No
6.7,92,89.2,No
17,50.2,69.4,No
14.8,65.7,,Yes
11.6,68.8,61.6,No
8,94.7,71.5,Yes
15.3,109.1,60.6,nan
7.7,65.9,49.7,No
17.9,73.1,25.5,No
10.6,51.4,94,No
16.1,,104.9,No
9.4,97,49.4,Yes
10.4,39.1,68.7,No
16.1,,58,No
21,89.4,80,nan
17.8,76.1,60.7,Yes
14.4,71.2,60.4,Yes
12.9,92.5,45.1,No
7.5,58.8,53.6,Yes
11.5,59.4,78.2,No
5.4,38.1,74,Yes
11.9,,,No
-1,79.4,85.5,No
0.2,63.5,,No
10.2,57.1,47.8,Yes
12.1,74.1,62.5,Yes
9.6,76.9,79.9,Yes
11.8,51,,Yes
3.3,36.1,29.1,Yes
,40.5,55.2,No
15.2,45.9,84,No
10,50.9,44.8,Yes
11.7,73.3,32.3,No
7.3,76.7,60.7,No
10.1,71.6,,Yes
-1.5,82.2,68,No
14.2,83,83.6,No
19,81.6,90.2,No
4.7,76.8,83.2,Yes
5.3,53.9,86.7,Yes
12.2,48.3,41.3,Yes
17.4,63.8,56.9,No
10,97.7,50.7,No
3.9,121.9,59.3,No
9,86.1,79.8,Yes
4.9,82.2,77.5,Yes
6.7,,61.5,Yes
8.5,105.3,83.7,No
5.4,56.6,45,No
6.1,133.1,99.4,No
10.4,106.8,76.5,No
11.1,47.7,88.6,Yes
2.9,55,58.8,No
12,131.3,53.1,Yes
8.1,95.7,86.9,Yes
13.6,63.1,67.3,No
13.9,76.6,56.8,No
7.3,90.1,,No
13.1,92.8,60.2,Yes
5.8,102.4,69.7,Yes
16.6,79.8,84.2,No
6,80.6,65.7,Yes
,67.7,33.6,No
9.1,56.4,52.7,Yes
4.9,55.5,60.6,No
14.5,72.1,62.9,No
,81.9,35,nan
1.5,45.9,58,Yes
-4.4,,,No
,61.1,54.1,No
,57.9,64.5,No
16.3,74.4,84.3,No
6.4,27.6,56.8,No
8.1,82.2,38.8,Yes
7.7,,97.1,No
3.3,36.6,55.9,No
5.3,77.9,61.1,Yes
14.9,77.8,65.5,Yes
12.5,113.9,,Yes
11.4,78.6,68.6,Yes
3.3,78.4,57.7,Yes
10.5,75.8,68.5,Yes
-1.5,23.4,73.3,No
14.2,76.5,82.8,No
11.3,74,91.3,No
3.3,72.1,61.8,Yes
18.1,58.3,,nan
1,86.3,46.6,No
12.7,55.5,73.4,No
12.8,89.1,65.2,No
3.8,82.8,62.5,nan
9.8,103,46.5,Yes
1.8,65.7,54.9,Yes
-4.2,101.7,74.1,Yes
4.7,79.2,78.9,Yes
6.9,73.5,68.7,No
13.2,57.9,66.2,No
10.3,82.9,84.1,Yes
10.5,65.5,77.9,No
4.9,74.4,77.8,Yes
7.3,90.5,53.2,No
5.4,74.4,98.1,No
3.9,81.3,88.3,No
7,105.3,71.4,No
10.4,86.3,55.2,Yes
,61.4,51.3,No
8.4,66.9,71.5,nan
13.5,77.8,69,Yes
,,61.5,No
3.3,48.3,49.2,No
12.8,78.8,70.4,Yes
11.3,102.3,62.5,No
11.6,87.3,42.7,No
13.1,72.4,65.2,Yes
12.3,,79.1,No
10.1,105.2,200,Yes
22,150,60.1,Yes
3.6,55.9,,Yes
7.1,80,54.2,No
14.8,103.5,70.6,No
10.7,83.1,57.3,Yes
13.8,67.7,66.2,Yes
10.8,80,58.6,No
16.9,77.4,84.1,No
5,65.6,69.7,Yes
16.7,,68.7,Yes
15.9,58.5,59.4,No
3.9,55.2,62.7,Yes
13.2,86.1,75.7,Yes
9.8,67.1,75.9,No
7,74.5,68.8,No
0.6,59.6,75.9,nan
4.9,63.7,85.8,No
13.5,65.3,73.6,No
14.1,63.3,,No
8.9,66.8,,Yes
14.1,78.9,95,Yes
14.7,102.8,79.6,No
10.8,90.2,65,Yes
6.4,68.3,76.1,Yes
12.2,62.3,60.6,No
,39.4,73.3,No
13.4,61.5,76.2,No
14.3,53,87.4,No
3.2,76.1,41,Yes
7.5,108.4,47.8,Yes
0.5,67.1,59,No
13.7,45.9,75.8,No
8.9,71.1,80,Yes
,66.2,66.5,No
2.6,100.2,36.2,No
17,37.3,84.1,No
4,55.2,71,Yes
13.9,,71.6,No
10.6,43.6,29.9,No
9.1,,86.9,No
8.6,61.7,62.4,Yes
6.8,95.5,83.2,No
16.5,74,77,No
10.1,71.8,55.5,No
3.7,87,71.2,No
8.1,75.4,81.5,Yes
10.6,50.3,39.1,No
14.5,64.6,79.8,Yes
7,,45.4,Yes
7.3,57.7,51.9,No
10.1,32.2,47.9,Yes
14.4,121.8,99.2,Yes
,74.5,68,Yes
12.5,85.7,35.7,Yes
7.7,58.3,54.3,No
8.4,85.5,54.6,Yes
20,90.5,66.5,No
9,93.7,53.9,Yes
13.8,73.3,42.9,Yes
13.6,95.3,85.8,No
4.1,62.8,63.6,Yes
0.8,82.5,62.3,Yes
14.1,76,89.5,Yes
,51.5,93.5,No
1.7,38.4,63.9,Yes
15.1,69,48.4,No
4.9,69.1,65.1,No
6.1,69.6,99.6,Yes
,96,,Yes
1.7,102.5,49.8,Yes
3.7,88.1,68.5,Yes
7.7,86.7,63.8,No
8.8,73.4,69.4,Yes
5.5,78.5,68.2,No
4.2,83.6,63,No
17.5,77.8,57.3,nan
11.3,86.9,59.3,Yes
12.9,75.9,48.7,No
9.3,,61.5,No
11.4,80.2,63.1,Yes
14.7,70.3,60.1,Yes
5,104,71.7,Yes
11.3,66.5,61.8,No
,132.2,67.4,No
17.7,107.8,64.6,Yes
19.7,52.3,66.3,No
10.3,100,49.2,Yes
15.7,72.5,50.5,Yes
-3.4,86.3,81.7,Yes
17.8,106.5,70,No
6.4,59.5,49.5,No
8.8,65.7,38.1,No
12.2,90.1,78.4,Yes
9.2,67.7,74.9,No
11,30.5,58.2,Yes
17.9,94.3,66.3,No
8.1,82.4,67.9,Yes
4.6,74.5,51.5,No
19.1,77.5,65,nan
12.6,119.8,63.6,Yes
19.6,95.3,50.6,No
14.3,57.8,68.1,Yes
3.4,77.5,69.5,No
13.2,98.7,,Yes
5.1,,78,Yes
10,45,56.4,Yes
,65,,Yes
1.9,52.3,76.1,Yes
5.9,87.8,75.6,Yes
21,56.9,52.5,No
11.2,106.1,71.6,No
9.1,100.9,71.4,Yes
19.1,70.1,59,No
8,49.7,73.7,No
9.5,59.2,36.6,No
15,84,55.8,No
8,92,77.9,Yes
6.3,74.2,57.8,Yes
-1.3,23.6,49,No
5.3,88.6,24.9,nan
5.3,34.6,80.4,No
10.8,32.6,54.6,Yes
6.9,95,41.9,No
20.8,51.3,70.5,No
4.7,80,88.9,No
17,76.8,66.2,Yes
11.1,58.9,35.4,Yes
14,79.1,53.4,Yes
13.7,64,79.9,Yes
-1.1,76,68.2,No
9.9,67.3,45.1,Yes
8.7,65,103.1,nan
4.3,61.8,56.4,Yes
12.3,57,61.5,Yes
18.6,92.1,60.1,Yes
-3.4,65.9,78.2,Yes
7.3,52.4,61.5,No
3.8,66.8,37,Yes
10.4,64.4,,No
8.4,67.1,56.2,Yes
7,89.3,68.1,Yes
13.4,62.4,57.3,No
18.2,67.4,74.1,No
23.3,87.9,86.6,No
6.3,83.9,46.2,No
0.9,61.3,68.1,Yes
12.8,94.3,57.5,nan
18.1,93.2,53.4,No
14.1,91.8,56.9,No
18,81.1,75.6,No
8.9,71.5,66.3,Yes
7,53.5,57.2,Yes
10.6,47.3,93.6,Yes
8.3,73.3,59.6,No
13.3,75.3,70.2,Yes
14.8,69.8,63.6,No
15.2,72.8,42,Yes
12.6,102.3,60.4,No
11.2,107.5,56.3,No
14,52.9,58.4,No
0.2,80.8,95.1,No
11.1,76,55.7,nan
10.3,88.5,66.3,No
,109.7,77.3,Yes
9.6,118.8,53.5,No
,89.4,49.9,No
7.1,75.8,69.2,nan
15.6,67.7,65.4,Yes
12.4,124.7,,nan
10.8,59.7,40.2,No
6.5,91.5,,No
14.1,69.7,65.9,No
11,48.2,80.4,Yes
6.2,109.3,101.3,No
9.7,40.2,62.9,No
13.1,32,51.9,Yes
12.8,89,59.4,No
12.4,68.9,62.3,Yes
10.5,83.6,67.6,No
15.1,74.9,84.3,Yes
16.2,87,65.1,Yes
13.7,69.1,84.1,Yes
7.1,93,82.5,Yes
4.7,93.6,67.2,No
7.3,106,41.6,No
19.8,100.3,78.4,Yes
11.4,72.9,75.4,No
20.6,88.9,61.6,No
9.4,83.3,49.5,No
,83.4,64,Yes
9.6,48.5,72.4,Yes
9.5,90.1,46.8,No
6.1,87.2,47,No
4.3,111.4,111.7,Yes
12.5,98.3,47.9,Yes
,78,,Yes
22.2,73,89.2,No
7.8,54.9,50.4,No
8.2,111.4,49.5,No
6.1,53.7,79.1,No
15.6,37.6,37.2,Yes
14.1,93,57.3,No
5.6,76.7,75,Yes
5.5,80.3,87.7,nan
14.8,78.7,72.6,No
11.9,53.8,72,Yes
,82.4,67.3,nan
5.6,68.5,84.6,No
0.6,65.7,84.5,No
,,71.6,Yes
13.4,90.8,67.7,No
20.6,29,50.4,No
7.9,79.3,53.2,Yes
21.4,96.3,36.2,Yes
14.1,50.1,62,Yes
3,57.7,48.1,Yes
11.1,95,,No
14.3,65.9,82.9,No
-2.1,35.4,78.1,No
,99,55.5,No
15.9,71.5,59,Yes
12,82.5,98.3,Yes
9.7,74,52.4,Yes
9.1,,75.5,No
8.8,53,88.2,No
4.1,88.3,68.5,No
6.6,101.4,71.1,Yes
7.9,48,39.5,Yes
10.6,60.2,58.9,No
7.2,107.9,67.7,No
5.7,96.6,86.6,Yes
13.8,58.6,56.8,Yes
11.9,50.7,67.2,Yes
7.3,80.7,83.7,nan
12.5,81.6,81.2,No
7.7,73.8,71.1,Yes
10.3,121.7,55.9,No
14.9,87.9,73,No
7,58.2,67.3,Yes
4.1,96.2,46.9,No
9.3,76.2,61.9,No
3.2,61.5,73.3,Yes
8.6,93,87.7,No
8.6,104.5,53.5,Yes
-2.3,79.3,,Yes
12.7,,,No
9.1,77.3,64.1,Yes
15.9,,59,No
11.1,79.5,94.1,No
13.7,90.1,74.7,No
16,35.5,77.1,Yes
9.3,89.3,54.5,Yes
10,67.5,73,No
2.1,63.8,47.1,No
16.2,48.5,,No
9.3,53.5,58.3,Yes
5,110.3,85.3,nan
13.7,92,58.8,Yes
-0.9,100.9,75,nan
7.9,57.9,104.4,No
14.5,111,63.7,No
7.8,73.7,91.6,Yes
6.4,59.2,33.4,Yes
7.9,53.4,56.2,Yes
0,54,72.4,Yes
,60.1,63,Yes
9.4,57.1,73.4,No
8.6,93.1,50.2,No
8.7,127,95.9,Yes
10.1,70.1,88.1,No
13.3,70.4,75.2,No
9.7,37.8,49.9,Yes
3.2,56.5,65.3,No
12.9,42.6,,No
12.5,,56.3,Yes
11,113.7,87.9,No
15.4,53.4,71.2,Yes
10.2,70.9,,Yes
15.6,70,79.5,No
17,,52.9,Yes
12.9,77.1,60.4,Yes
6.3,117.3,56.7,Yes
9.3,60,40.8,Yes
16.2,93,33.8,No
2.5,63.1,51.6,Yes
8,43,54.1,No
8.3,103.5,74.9,Yes
5.7,112.5,59.5,No
14.4,83.2,74.6,Yes
11.9,62.4,40.6,Yes
6.4,52.2,70,No
13,86.2,43.1,No
9.2,32.5,57.6,No
5.5,92.4,79.4,Yes
6.4,66.6,60,Yes
12.2,66.2,49.1,No
14.7,53.5,83.7,No
7.6,46.3,78.4,nan
12.7,73.8,86.8,Yes
17.9,78.9,46.3,Yes
3.7,73.2,38.2,No
11.8,96.9,87.7,Yes
14.2,76.2,45.6,No
9.5,89.3,64.9,No
16.2,45.6,63.2,nan
21,66.2,55.1,No
11.7,104.7,46.6,Yes
8.8,94.4,59.5,No
14.9,81.7,78.9,No
14.2,67.4,56.4,Yes
-2.6,56.3,46.5,Yes
,64.4,66.3,Yes
8,87.7,34.7,No
12,35.3,69.5,Yes
9,110.9,74.2,Yes
9.6,,58.1,Yes
5.7,99.3,77.1,Yes
13.7,87.3,63.8,nan
18.3,77.2,61,Yes
5.8,82.6,49.5,Yes
3,67.7,79.3,Yes
10.1,117.4,57.8,No
9.9,72.2,61.1,No
15.9,65.5,75.1,Yes
3.9,69.7,52.3,Yes
7.3,60.5,53.6,No
-0.7,91.2,65.2,Yes
16.9,64.6,40.9,Yes
11.3,72.5,70.6,No
7.7,101.7,64.5,No
3.4,,40,Yes
3.8,54.5,32.6,Yes
12.1,98.6,56.7,No
4.5,46.7,58.9,Yes
10.5,45,83.7,Yes
20.2,68.5,96.6,No
8.3,80.9,,No
5.2,70.5,52.2,nan
11.9,83.8,86.4,No
3.9,67.5,70.6,No
18.6,33.8,118.2,Yes
17,71.2,61.8,No
9.2,44.6,79.8,No
5.5,75.1,100.4,Yes
7.9,49.9,,No
8.5,85.3,50.6,No
11.9,102.1,71.3,No
15.2,40.4,,Yes
4.8,34.2,67.3,No
15.1,69,53.5,No
13.1,97.6,64.5,No
7.5,78.1,59.5,Yes
4.6,66.5,73.1,No
10.6,,79.1,No
4.7,89.5,42.5,Yes
15.1,105.7,84,Yes
4.4,37.6,,Yes
12.7,80.9,79.2,Yes
9.6,125.9,62.4,No
7.2,62.9,81.3,Yes
9.5,71.2,78.1,Yes
15.4,74.3,71.2,nan
4,66.8,65.7,No
7.9,96.9,72.8,Yes
,111,94,No
9.8,40.9,81.6,Yes
6.6,56.3,74.9,No
1.2,99.9,56.7,No
4.7,87,55.7,Yes
18.2,83.7,53.9,Yes
11.2,88.9,46.5,No
,76.9,77.7,No
8.6,84.6,67,Yes
9.7,68.5,,Yes
7.9,70.4,40.7,No
12.6,73.1,53.6,No
10.5,66.9,63.1,No
4.1,84.4,47.3,No
11.3,81,47.5,Yes
-2.3,37.7,50.6,Yes
12.1,70.9,,No
3,75.4,27.1,Yes
9.5,105.6,62.5,Yes
4,69.3,87.8,Yes
10,76.9,80.9,No
12.9,73.5,81.9,Yes
17.5,101.4,59.8,Yes
2.3,51.1,94.2,Yes
14.9,59.3,56.4,Yes
10.7,,71.8,Yes
7.7,75.3,72.9,No
13.8,45.1,48.5,No
8.8,104.3,,No
13.6,83.3,78.2,No
5,86.7,51.2,No
6.8,117,63.6,No
14.7,68.1,71,Yes
17.4,92.1,64.7,Yes
9.8,86.6,75.2,No
,105.8,72,No
9,88.8,73.1,No
10.2,150,70.6,Yes
8.8,83.5,43.2,Yes
11.7,62.1,65.4,No
7.6,65.7,72.2,No
14.2,74.7,,No
4.2,71.3,71.1,No
16.2,57.1,62.4,Yes
,29.6,75.1,No
5.4,80.9,54.9,No
5.4,82.4,86.2,Yes
12.1,82.3,63.7,Yes
4.1,113.1,61.5,Yes
7.5,44.3,43.4,No
15.5,106.1,58,Yes
13.7,124.8,63.8,No
19.9,110.3,90.9,No
10.9,68,59,Yes
6.9,84.1,63.9,No
10.3,59.6,75.4,Yes
9.2,61.5,52.5,No
9.3,,57.8,Yes
,89,84.4,No
5.3,90.2,42.4,Yes
11.4,52.5,54.6,No
3,45.5,70.5,Yes
6.4,96.1,70.9,nan
9.4,83.4,,Yes
-1.3,69,67.5,Yes
13.8,109.7,56.1,Yes
-0.3,86.9,58.6,Yes
,58,81.9,Yes
3.5,36.2,54.7,Yes
8,87,62.1,Yes
12.6,65.6,78.8,Yes
21,72.2,60.4,Yes
10.6,70.6,73.9,Yes
0.1,103.6,,No
14.8,91.9,50,No
8.8,73.1,56.7,Yes
10.3,72.5,43.4,No
12.8,80.8,48.1,Yes
-1.1,101.4,55.3,No
10,76.7,96.8,No
8,63.5,70.9,nan
16.1,50.9,77.4,Yes
13.6,73.3,75.2,No
1.9,51,30.9,Yes
16.3,81.8,66.9,No
12.2,84.1,57.2,No
2.3,98.8,41.3,Yes
10.3,70.8,71.8,Yes
15.2,95.6,37.4,Yes
3.9,107.2,64.8,Yes
16.9,76.5,60.5,No
2.4,119.7,,No
6,103.7,79.4,Yes
5.3,65.4,62.1,No
16.9,133.9,68.4,nan
7.5,73.6,75.2,No
4.2,103,77.2,Yes
12.2,87.6,66.7,Yes
13.3,81.1,51.5,No
13.3,101.2,63.5,Yes
8.6,78,76.4,No
11.3,73.5,,No
6.7,74.1,72,Yes
18.4,52.1,55.3,Yes
,96.3,77.2,No
15.4,61.8,63.8,No
14,79.2,49.1,Yes
12.6,75.4,104.1,Yes
3.8,87.1,67.1,No
13.2,74.7,27.3,No
10.6,69.6,51.1,Yes
16.3,83.3,85.4,No
14,81.6,77.4,Yes
12.8,,83.3,Yes
1.6,72.8,59.9,No
9.6,100.4,76.9,No
7.2,124.1,60.9,No
11.3,40.8,70.3,No
7.9,91.6,45.7,No
8.6,77.1,61,No
12.3,,26.6,Yes
7.8,66.4,63.3,nan
10.6,56.2,52,Yes
2.4,47.8,67.9,Yes
5.8,82.7,48.3,Yes
13.3,110.7,63.6,Yes
,82.1,111.9,No
16.2,78.4,,No
,62.5,55.9,nan
8.7,56.4,66.7,Yes
25,75.4,19.6,Yes
16.2,54.4,59.1,Yes
5.3,97.5,64,No
13.7,63.4,,No
10.3,58.1,80.9,Yes
6.1,120,70.9,No
4.7,101,47.8,nan
15,,36.8,Yes
7,,80.1,No
9.5,71.1,55.8,Yes
5.4,71.8,69.3,Yes
6.3,65.8,87.5,Yes
9.4,101.7,69.1,No
11.9,79.2,41.8,Yes
-2.9,74.3,69.9,No
10.1,62.8,61.3,Yes
6.3,54,44,Yes
17,62.5,79.5,No
24.7,57.5,70.2,No
8.2,49.8,93.6,Yes
1.4,96.6,65.5,No
10.6,93.6,54.3,Yes
9,67.5,70.3,Yes
19.9,101.4,60.7,Yes
18.3,86.8,84.4,No
14.3,53.4,66.5,Yes
7.1,45.8,55.2,No
13.4,81.1,68,No
11.3,84.5,69.7,Yes
11.2,49.1,68.4,No
2.2,,60.7,Yes
15.3,92.1,66.4,No
10.5,106.4,56.5,No
9.5,76.7,68.7,No
7,76.1,51.2,Yes
6,66,53.3,No
11.6,104.7,94.5,Yes
1.3,86.1,57.2,No
13.9,58.2,71,Yes
4.7,90.6,40.6,No
-0.3,61,59.8,Yes
19.1,56,78.3,Yes
5.7,66.1,70.9,No
6.4,57.8,40.4,No
15.7,56.9,55.3,Yes
19.3,47,79.1,No
2.3,61,47.8,Yes
5.2,64.3,72.5,Yes
5.6,48,68.8,No
14.7,85.8,40.4,No
18.2,39.7,,No
4.6,67.4,76.6,Yes
17.1,88.2,63.6,nan
6.5,,69,No
,63.5,54,No
3.6,95.3,61.1,No
9.4,67.7,68.1,Yes
9.4,120.1,80.6,No
8.4,,71.9,Yes
11.9,,59,No
,78.2,60.2,Yes
5.6,49.8,66.8,No
12.2,60.8,61.5,nan
16.7,150,64.7,No
9.9,78.8,25.2,No
12.5,74.3,,No
13.8,74.5,91,No
14.2,25.8,71.6,Yes
5.2,78,72.8,No
6.1,62.3,71.8,Yes
6.5,67.6,70.4,No
19.6,43.2,67.2,Yes
12.5,88.5,82.8,No
12.3,86,72.7,No
,51.7,39.1,No
3.4,78.6,54.6,No
19.7,107.9,56.1,nan
12.4,77.8,100.5,Yes
13.6,34.7,66.8,No
1.2,63.6,85.5,Yes
13.9,77.5,61.7,Yes
8.2,117.3,70.1,No
3.4,50.8,65.9,No
5.2,72.1,57.2,No
3.7,53.7,51.3,Yes
3.6,92.6,65,No
10.3,67.7,53.3,Yes
8.1,20.4,67.2,No
11.7,67.1,,Yes
18.4,72.8,,No
9.4,82.8,52.8,nan
-1.2,78.6,63.5,No
8.8,88.1,60.6,Yes
16,72.5,59.6,Yes
9.6,,77,No
17.6,75.2,38.9,Yes
12.3,66.7,,Yes
0.8,86.4,60.2,Yes
10.5,91.9,94,No
11.5,74.1,70.3,No
15.4,65.2,86.9,Yes
19.1,53.3,81.1,No
14.5,82.1,43.9,Yes
12.2,54.9,64.7,No
13.4,78.2,51.8,No
,77.6,49.4,Yes
2.7,96.3,39.6,No
10.2,102.7,51.1,No
11.8,14.2,72.2,No
4,71,74.6,No
16.6,33,70.3,No
15,98.2,51.8,No
3.1,74.5,58.3,No
16.8,98,49.7,Yes
8.5,80.2,85.2,No
6.1,48,74.5,Yes
15.4,55.6,41.5,Yes
9.7,72.3,69.2,No
19.5,86.4,48.9,No
5.7,,70.7,Yes
1.3,78.6,,nan
8.6,67.9,21.2,Yes
13.9,97.6,98.6,No
,,81.6,No
3.3,76,53.4,Yes
,,64.3,Yes
2.7,66.7,76.1,No
11.5,68,34.8,Yes
8.3,84.6,71.2,Yes
12.5,90.5,72.1,Yes
3.1,92.6,78.4,No
16.5,,51,Yes
9.1,77.5,69.5,No
13.8,62.9,,No
14.8,90.7,50.8,Yes
4.2,56.1,74.6,Yes
14.4,79.4,50.6,Yes
2.9,92.6,56.9,Yes
3.1,77.5,38.9,Yes
19.8,81,28.4,Yes
15.6,69.5,77.5,nan
20.4,37.9,81.1,No
8.1,61.5,71.2,No
10.5,75.9,49.3,Yes
12.6,61.2,76.8,No
9.9,84.7,68.6,Yes
6.3,45.7,72.7,Yes
5.5,36.3,71.2,No
11.1,88.9,55.2,Yes
4.7,68.8,66.5,Yes
4.5,81.9,59.5,Yes
12,64.6,67,Yes
9.5,86.3,76.4,Yes
14.7,102.1,56,Yes
7.9,103.6,76.1,No
7.1,62,,Yes
12.1,66.6,62.9,No
5.9,78.4,62.9,No
6.7,112.4,76.2,nan
6.9,51.9,62.4,No
9,52.1,63.3,No
18.9,92.4,89.1,No
3.1,61.7,77.5,Yes
16.5,88.2,82.8,No
13.7,63.3,89.6,nan
17.8,82,68.8,Yes
25.7,64.8,100.4,No
17.2,54.9,72.3,Yes
14.6,77.9,45.2,No
3.4,50.7,57.2,No
4.1,84.1,40.9,Yes
11.8,70.3,,Yes
1.5,47.8,68.3,Yes
13.1,81,57.6,Yes
-0.7,80.6,67.7,No
15.8,28,62.2,No
8.4,74,51.9,Yes
10.6,75.2,97.9,No
6.3,76.9,67.3,No
0.5,38.6,66.3,Yes
16.2,82.1,63.5,No
16.7,85.3,47.5,Yes
8.2,56.2,38.9,No
13.3,47,83.9,No
8,55.4,58.1,Yes
11.4,77.6,31.6,No
13.8,50.2,42.9,No
12.8,47.9,73.9,Yes
16.7,117,75.4,Yes
12.6,74.9,58.1,No
10.1,,81.9,No
6.2,61.6,44,Yes
7.6,66.5,89,No
14.1,111,40.1,No
,91.3,73.1,No
15.5,122.7,68.7,Yes
8.6,82.8,77.4,No
5.9,55.9,38.6,Yes
4.5,80.4,60.9,No
13.4,,80.7,Yes
9.9,87.3,48.7,Yes
17.9,66.2,86.5,No
3.7,111.1,35.1,Yes
7.1,49.6,39.4,Yes
9.5,81.8,52,Yes
6.2,69.2,74.6,No
,59.5,86.1,Yes
11.6,79.9,54.9,No
12.4,100.1,68.3,Yes
17.5,83.1,83.8,No
3.5,80.5,74.2,Yes
11.7,34.6,97,Yes
6.8,93.4,200,Yes
12.2,66.9,84.2,nan
12.2,85.7,53.6,Yes
5.1,93.4,70.3,No
5.5,78.9,66.2,No
12.6,35,70.3,Yes
10.1,103.3,48.4,No
8.9,111.1,56.9,No
13.3,91.3,50.9,Yes
13.7,150,55.5,No
7.4,99.6,63.6,Yes
5.7,69.4,50.1,No
3.7,73.7,54,No
10.2,99,73.8,Yes
2.9,87.9,69.8,Yes
10.5,27.9,90.6,Yes
16.1,79.2,67.2,No
8.2,98.7,91.3,No
7.3,47.7,42.3,Yes
20,94.5,36.9,Yes
17.5,41.6,59.5,No
6.2,70.7,58.2,Yes
10.7,85.8,,nan
11.6,69.9,58.6,No
11,98.6,76.1,Yes
19.1,46.7,58.5,Yes
10.4,91.3,75.4,No
11.2,76.1,83.6,Yes
13.4,57.9,76.3,Yes
15.9,83.8,61.8,No
14.7,73.6,58.6,No
12.7,104.6,84.6,Yes
2.2,86.7,90,Yes
7.6,83.3,69.7,Yes
14.1,61.5,77.1,Yes
11.3,77.9,74.3,No
14.1,63.5,55.2,No
19.4,73.8,66.8,No
4.1,99.9,70.4,No
15.7,69.3,85.6,No
8.3,46.1,62.7,Yes
14.7,,47.3,Yes
9.8,90.7,62.8,Yes
20.6,106.8,62.2,No
10.7,92.3,53.7,Yes
6.8,69.6,80.2,No
12.1,80.2,81.4,No
11.6,82.8,27.5,Yes
15.7,83.7,84.1,Yes
12.2,25.5,69.5,Yes
22.4,63.5,66.6,No
9.4,84.5,72.5,No
9.5,97,38.8,No
7,62.3,57.9,Yes
10.4,66.7,75.2,No
11.2,70.2,73.1,No
11.4,72.3,59.9,No
10.3,92.1,65.8,Yes
7,60.2,67.1,No
5.6,92.3,71,Yes
8.1,103.4,97.7,Yes
15.7,67.1,42.5,Yes
16.8,66.4,52.4,Yes
,78.2,,nan
5.3,63.3,72,No
9.6,73.2,65.7,No
20.5,45.6,50.5,Yes
15,92.1,,Yes
12.8,108.3,69.9,Yes
14.8,61.5,68.6,Yes
17.7,42.1,56.5,No
4.2,93.4,72.2,No
8,66.6,82.8,No
7.4,61.6,77.6,Yes
12.9,72.6,48,No
10.8,50.6,50.6,Yes
13.8,,76.2,No
7.5,49.7,55.9,Yes
16.9,,46.4,No
9.7,51,56.2,No
13.5,,,No
16,38.7,60.9,No
,116.8,62.2,No
11.8,67.5,38.3,No
14.1,32.7,68.5,Yes
18.7,53.8,72.1,No
12.6,87,67.2,Yes
6.4,102,73.4,Yes
12.9,78.3,,Yes
9.8,76.7,46.4,Yes
-1.7,44.4,64.7,Yes
12.3,104.8,69.7,Yes
10.6,86.1,69.6,No
15.8,81.4,86.2,Yes
6.2,75.3,71.1,Yes
2.5,85.6,66,No
10.8,59,77.9,No
11.9,93.8,78.6,No
10.5,,66,Yes
10.1,73,84.7,Yes
4.7,69.6,67.7,No
9.3,31.8,,No
8.3,40.4,79,No
15.4,85.9,54.4,Yes
11.9,93.1,86.8,No
8.6,96.4,57.9,Yes
18.6,48.1,50.1,nan
8.7,120.9,53.5,Yes
12.8,95,76.7,Yes
9.2,63.5,55.3,nan
18.2,78.3,53.5,No
10.4,41.1,59.6,No
10.6,62.7,25.2,No
9.3,85.8,83.8,Yes
11,76.3,43.3,nan
16,109.9,82.1,No
14.2,45.4,82.6,Yes
10.1,72.7,73.9,No
18.5,52.3,65.4,No
14.4,105.7,63.8,No
7.8,80.3,89.4,Yes
3.1,,99.2,Yes
7.9,72.3,35.8,Yes
12.1,57.5,75.9,No
13,99,60.7,Yes
16.8,78.4,97.9,Yes
,79.9,69,No
,86.6,54.3,Yes
4.1,57.8,52.1,No
3.3,114.9,,Yes
6.9,106.4,32.9,nan
11.8,74.3,47.7,No
13.9,69,43.3,Yes
5.3,87.8,25.4,No
,97.4,74.6,Yes
1.1,110,76,Yes
11.1,87.9,78.7,Yes
6.3,77.7,49,Yes
18.3,77.7,72.1,No
12,37.4,64.6,Yes
9.1,66.4,49.4,No
6.8,82.2,59,Yes
2.5,,44.9,Yes
3.2,78.6,38.6,No
6.9,58.8,52.2,No
,106.5,,No
5,69.3,77.5,Yes
11.9,69.7,54.5,Yes
12.6,72.3,80.2,Yes
7.7,74.9,82.1,No
19.7,90.9,67.6,Yes
1.3,68.1,58.2,No
10.3,75.5,49.9,Yes
8.9,91,51.8,No
7.2,75.2,75.2,Yes
6.5,88.1,77.5,No
10,66.1,59.9,Yes
8.9,82,67.4,No
8,101.2,42.4,Yes
3.5,87,56.7,Yes
1.9,37.6,70.7,No
8.6,86.1,55.2,No
8,51.9,46.6,No
9,56.5,51.5,Yes
9.5,84.8,43.2,No
7.4,55.6,49.2,No
8.9,52.8,77.1,No
5.7,74.9,86.3,Yes
17.6,62.7,90.4,No
6,42.4,62,No
8.1,86.1,63.1,Yes
6.4,,76.4,Yes
6.3,93.1,46.1,No
10.1,57,52.9,Yes
9.5,83.2,,No
7.7,65.1,85.5,No
8.6,49.7,,No
6.4,60.1,83.1,Yes
12,18.6,54.5,No
20.3,53.9,49.1,No
5.6,45.7,90.5,Yes
,79.1,67.9,No
10.2,80.8,54.5,Yes
13.3,41.2,,Yes
13.5,91.6,56.3,Yes
11,62.8,92.5,No
,53.6,59.5,Yes
7.8,39.2,27,No
6.2,59,58.8,No
9.5,72.2,77,No
3.6,94.9,60.8,No
7,72.9,73.4,Yes
15.5,68.7,71.1,Yes
10.5,86.6,61.1,No
14.5,77.8,53.7,No
17.3,44.9,56.9,No
9.1,66.3,,Yes
11,63.5,41.2,Yes
8.5,72,72.1,Yes
5.9,65.5,54.7,Yes
5.2,58.9,81.7,Yes
14.2,104.3,84.3,Yes
11,74.1,58.7,Yes
19.2,84.5,64.5,Yes
14.9,72.7,56.9,Yes
6.3,91.3,41.9,No
14.2,73.2,56.3,Yes
8.5,94.4,65,Yes
16.1,17.6,,Yes
7.6,77,92.1,Yes
4.7,80.2,55.6,No
6,81.1,52,nan
,53.3,78.3,Yes
5.8,60.5,23.7,Yes
7.1,54.1,50,nan
14.3,,81.8,Yes
19,93.1,50.7,No
3.3,42.1,56.9,No
16.3,79.1,64.9,No
7.6,57.7,75.1,Yes
11.7,110,64.3,No
1.7,86.3,64.1,No
12.6,68,59.8,Yes
0,72.3,60.8,No
11.6,100.9,52.4,Yes
11.3,76.1,49.4,nan
11,39.2,83.8,Yes
6.3,105.3,54.9,No
12.7,91.3,61.8,No
12,64.3,79.4,Yes
9,87,33.9,No
13.4,62.7,42.5,Yes
9.5,62.2,64.5,No
12.6,72.6,65,nan
9.4,87,41.4,Yes
11.1,84.4,37.3,No
12.9,93.8,,No
8,84.5,69.3,Yes
3.8,104.1,76.6,Yes
11.4,109.5,67.7,No
15.9,81,37.7,Yes
11.5,68.3,45.7,Yes
11.6,71.4,61.8,No
9.8,36.5,64.8,No
13.7,75.4,56.2,Yes
9.1,,59.4,Yes
7.7,60.9,69.4,Yes
15.5,74.2,95.2,No
,33,80.3,Yes
14.4,71.4,59.5,Yes
15.5,79.1,62.4,No
12.8,44.3,63.3,No
3.8,102.1,56.4,No
10.1,83.9,84.1,No
9,100.8,83.7,Yes
7.5,83.7,68.3,Yes
10.7,82.2,87.6,No
13.8,105.4,56.7,No
7.7,101.3,72.6,No
9.1,113.8,83.8,Yes
8.8,72.5,74,No
15.8,59.1,89.9,No
8.7,51.8,72.9,Yes
3.8,55.5,62.3,No
2.1,88.6,48.2,No
11.8,129.5,58.3,No
6.2,105.2,77.9,No
13.3,71.4,80.2,No
3.3,90.3,34.8,nan
7.3,63.9,56.7,No
3.3,65.2,72,nan
12.2,54.3,67.9,Yes
13.2,55.6,53.5,Yes
11.7,86.1,87.7,Yes
4.6,104.7,78.4,Yes
6.3,95.8,97.9,Yes
11.2,104.2,59.7,Yes
1.6,90.7,41.5,nan
8.8,74.3,67.1,Yes
17.6,64.5,95.2,No
9.1,86.5,67.8,No
2.6,41.4,74,No
7,62.9,,Yes
6.8,59.2,45.3,nan
20.7,99.9,50.7,Yes
18.3,47.4,56.6,Yes
13.7,93.6,60.9,No
8.3,82.7,79.8,No
16,83,53.5,No
4.3,65.6,28.2,Yes
15.4,45.7,52,No
14.6,85,58.1,No
9.2,92.7,85.1,Yes
15.7,84.9,52.7,Yes
7.8,72.1,15.3,No
3.7,,200,No
,62.5,65.2,No
9.6,84,29.9,Yes
13,59.2,73.7,Yes
19.1,55.8,71.8,No
6.4,46.1,65.2,Yes
9.3,85.7,72.5,Yes
17.8,85.3,58,Yes
13.3,98.1,55.1,No
6.5,32.1,55.6,No
5.2,98.4,60.2,No
7.4,97.3,95.2,No
6.3,,53.6,No
11.2,,76.4,Yes
10.4,79.4,50.4,No
11.4,79.3,64.7,No
5.8,56.7,63.9,Yes
9.6,57.6,14,No
-0.3,79.5,66.8,Yes
10.7,70,54.4,No
15.9,89.3,38.9,Yes
2.9,67.9,68.4,No
12.4,45.6,81,Yes
6.9,46.6,65.2,No
14,59.8,80.5,No
10.8,89.5,97.1,No
12,64.6,64.2,Yes
10.3,81,68.4,No
16.6,41.6,69.8,No
11.7,78.2,77.5,Yes
6.5,75.8,54.2,No
10.5,98.8,80.8,No
8.2,78.1,81,No
10.8,90.3,70.1,No
7.9,113.9,87.4,Yes
,75.8,81,No
11,105.7,48.8,Yes
10.3,77.5,65.5,Yes
15.3,64.3,77.5,No
7.9,72.8,81,No
0.1,64.9,26.6,No
8.2,65.6,63.4,Yes
,63.5,83.6,Yes
12.1,68.9,80.5,Yes
1.6,89.2,42.1,Yes
5.1,41,,No
8.2,80.7,71.2,Yes
,77.4,63.3,Yes
4.6,102.7,61.6,No
10.1,67.7,65.6,Yes
12.9,97.6,61.4,No
17.4,57.8,60,Yes
13.9,65.9,73.9,Yes
15.5,83.3,76.9,Yes
14.3,87.2,66.2,No
4,,,Yes
11.8,79.5,56.3,Yes
14.2,71.7,66.2,No
5.2,90.8,62,No
7.1,72.1,43,nan
6,70.5,73.4,No
13.9,,82.2,No
9.7,79.2,77.6,Yes
8.4,88.4,68.9,No
3.6,125,42.1,No
9.7,35.3,75.3,No
7.2,54.5,92.5,Yes
11.2,56.4,63.3,Yes
4.3,57.9,66.8,Yes
10.9,103.5,84,No
7.8,21.7,66.4,No
3.8,84.6,62.3,No
3.4,,65,No
4.1,75.5,76.9,No
9,80.2,78.9,Yes
10.6,93.1,33,No
11.3,69.7,75.1,Yes
11.5,71.5,67.4,No
6.2,34,53.2,Yes
15.3,120.6,86.5,No
7.8,81.1,74.8,No
12.3,83.8,45.4,Yes
9.2,96.5,76.1,No
11.9,73.7,82.6,Yes
8.9,83.5,53.4,No
12,89.3,68.2,No
10,45.5,63.8,No
14.1,85.6,65.2,No
5.9,116.5,60.2,No
1.2,109.9,58.4,Yes
5.1,,74.3,Yes
15.3,113.2,66.7,No
9.2,49.8,76.6,Yes
10.5,64.5,81.1,nan
,56.8,89.1,Yes
10.3,144.9,53.6,Yes
4.9,79.9,84.6,No
5.6,46.7,71.9,nan
8,53,67.8,No
12.2,77.1,69.9,Yes
12.8,,63,Yes
12.9,112.4,41,Yes
2.1,90.8,77.4,No
10,81.3,73.7,Yes
9,53.9,69.7,Yes
2.3,48.6,43,Yes
10.1,82,67.6,Yes
8.7,77.7,71.8,Yes
12.6,,92.9,Yes
10.4,73.9,70.8,nan
7.3,74,,No
14.6,89.8,72.8,No
-1.1,117.1,82.6,No
9.7,33.4,60.1,Yes
,91,41.9,Yes
5.4,61.1,93.1,No
12.6,83.4,66.8,No
3.6,77.6,56.9,Yes
2.9,85,77,No
21.9,50.1,51,No
3.2,94.4,50.9,No
18.3,75.8,,No
9.1,102.8,68.6,No
7.4,106.8,55.9,Yes
12.8,79.7,73.4,No
16.7,94.8,75.4,Yes
4.3,93.1,64.6,Yes
7.4,101.8,62,No
14.2,100.3,77.7,No
11.4,51.7,73.9,No
15.5,80.6,,Yes
12.6,47.2,83.3,Yes
19,64.6,76.6,Yes
10.9,65.4,56.9,No
11.1,,40.4,Yes
11.6,70.4,69.3,Yes
9.3,71.8,68.4,No
14.2,95,69,No
11.2,92.6,85.7,No
13.9,80.5,64.6,Yes
,90,,No
12.1,87.9,73.4,No
12.5,114.3,58.3,Yes
4.9,70.8,76.7,Yes
7.2,60,,Yes
14.2,79.1,58.8,Yes
17.1,56,37.6,Yes
,,53.1,No
7.2,84,66,Yes
10.1,64.9,41.4,No
5.6,70.4,57.2,Yes
5.9,69.5,65.5,Yes
12.4,66.3,74.6,No
17.9,53.1,79.8,No
-0.2,95.2,70.3,No
9.1,102.4,62.4,No
12.3,94,58.9,Yes
13.9,93.9,64.2,No
11.6,66.7,77,No
18.8,,73,No
10.1,59.4,65.4,No
16.6,72.3,84.8,Yes
6.8,74.1,60.1,Yes
10.3,47.3,81.3,No
3.9,77.6,58.4,Yes
14.5,64.4,48.4,nan
9.4,80.3,66.1,No
11.8,70.3,37.9,Yes
8.4,81.9,60.6,No
,,77.1,No
12,49.9,76.9,nan
5,,85.1,Yes
5.3,62,54.4,nan
9.9,98.6,49,No
13.3,109,74.8,Yes
19.3,75.8,53.8,Yes
11.5,83.1,68.2,Yes
15,45.5,49.6,Yes
1.9,81.1,58.2,No
20.1,69.8,57.6,Yes
13,102.2,64.8,Yes
9.8,70.5,63.3,Yes
9.2,,68.3,Yes
4.5,48.1,68.4,Yes
5.9,78.6,72.1,No
19.6,64.1,59.9,nan
5.1,99.3,72.3,No
5,87.7,80.5,Yes
6.5,73,47.6,Yes
4,87.5,50.1,No
10.1,109.9,75.6,Yes
15.4,51.8,76.8,No
6.9,62.3,60.1,Yes
3.1,113.8,,Yes
11.5,59.9,59.3,Yes
9.7,88.2,64.7,Yes
15,98.7,64.7,No
7.7,74.7,66.8,No
,88.8,85.8,Yes
9.3,69.1,102.2,nan
10.4,111.3,44.5,No
8,66.2,56.5,No
7.2,55.9,54.6,Yes
0.7,92.8,85.7,No
7.2,89.2,82.8,Yes
13.6,78,78.4,No
14.3,,59.1,No
7.6,,68.2,No
,60.3,41.2,No
9.9,62.9,76,No
3.3,81.3,70.9,Yes
1.7,70.9,58.1,No
16.1,45.2,76.7,No
8.1,,62,No
3.9,70.7,37.3,No
-1.3,85.2,84.2,No
8,80.8,91,Yes
12,110.1,44.5,Yes
6.5,55.4,69,No
4.7,86.1,87.4,No
7.3,87.7,45.2,No
16.2,,33.2,Yes
3,69.1,61.5,Yes
6.8,61.3,66.3,No
16.1,74.2,84.3,Yes
12.5,39.2,99.2,No
10.9,56.5,75.1,No
6.8,55.5,38.8,No
10.2,85.1,71.8,Yes
7.3,87.5,62.9,No
5.7,53.6,79.4,Yes
4.6,,36.6,No
13.9,45.7,78.9,Yes
9.7,94.6,88.7,nan
11.6,93.3,68.3,No
10.8,88,82.5,Yes
12.2,105.1,76.8,No
8.7,110.6,32.6,Yes
7.6,55.1,67.4,Yes
5.9,67.1,70.1,Yes
2.9,90.6,49.1,No
4.4,19.8,69.7,Yes
8.2,70,,No
2,,65.3,Yes
3.1,68,71.7,No
15.2,89.6,101.6,No
11.1,35,51.4,Yes
,80.7,76.1,No
21.4,65.8,46.7,No
1.8,70.5,82.2,Yes
14.9,56,64.2,Yes
9.4,107,73.6,No
13.9,76.4,51.4,No
10.5,77.9,73.1,No
0.6,116.2,56.1,Yes
10.5,56.5,63.1,Yes
11.7,77.8,48.3,Yes
-1,61.4,,Yes
19.7,60.4,69.1,No
11.6,81.2,64.7,Yes
13.4,69.4,83.6,No
4.2,114.6,56.3,Yes
13.5,110.6,89,Yes
15.4,71.8,59.9,Yes
11.3,44.2,89.5,No
10,69.2,70,No
,96,96,No
8.9,57.3,67.4,No
7.4,107.1,,No
12.9,86.6,61.4,Yes
5.8,51.6,64.9,Yes
12.8,61.8,89.5,No
5.8,64.6,38.6,Yes
,58.9,51.4,No
13.1,52.1,68.3,No
6.5,63.5,69.7,Yes
13.3,67.4,83.8,Yes
12.8,101,35.5,Yes
8.6,83.8,54.3,Yes
15.8,85,77.6,No
10.4,82,64.1,No
15.5,59.1,75.6,Yes
19,97.9,63,No
8.8,66.3,80.6,No
13.2,68.3,55.1,No
6.8,82.6,,Yes
4.8,125,64.2,Yes
9,63.7,54.1,No
3.2,,66.7,Yes
5.3,80.8,58.5,No
13,88.7,69.7,nan
7.4,66.3,69,No
13.6,63.1,53.8,Yes
11.5,49.6,73.2,No
19.3,81.7,68.7,Yes
12.6,113.9,56.2,Yes
15.6,109.2,78.1,Yes
12,81,66.7,No
11.6,66.7,81.1,No
15.8,82.6,86.3,Yes
,68.5,48.6,Yes
11.1,62.2,90.3,No
11,78.3,73.3,No
,100.6,69.7,Yes
6.6,71.2,54.7,Yes
6.4,71,70.1,No
17.1,69.7,31.7,No
19.3,90.9,48.5,Yes
5.4,92,37.1,No
6.7,53.5,62.9,Yes
15.7,71.5,85.4,No
12.7,97.1,68.9,No
13.4,68.3,73.9,nan
14.5,102.8,61.5,No
8.8,88.7,65.2,No
11.6,110.1,38.1,No
11.3,68.8,80.8,Yes
5.7,89,72.7,No
11.6,89.7,76.7,No
16.2,96.5,70.2,No
8.3,82.1,58.1,No
,97.3,72.7,No
11,62.4,60.5,No
8.6,73.9,63.8,Yes
13.4,45.2,82,No
6.6,69.6,80.1,Yes
16.7,58,57.8,Yes
13.1,81.6,70.7,No
5.3,94.7,81.2,Yes
18.5,86.3,42.9,Yes
10.8,90.6,66.7,Yes
6.4,76.9,66.7,No
15.5,72.2,39.7,Yes
,51.5,50.6,Yes
1.1,36.5,46.6,nan
7.4,44.8,63.1,No
11.4,61.7,68.2,Yes
-0.8,93.2,43.7,Yes
10.4,50.4,54.3,Yes
10.8,58.6,62.1,Yes
4.1,65.6,92.6,nan
11.4,100.8,56.5,Yes
10,74.2,,No
4,77.7,69.8,No
14.6,83.2,91.1,Yes
14.2,102.9,,Yes
8.6,76.7,91.7,No
9,39.7,42.3,No
13.6,77.5,75.8,Yes
9,103.8,52.9,Yes
,87.8,61.3,No
,79.3,58.3,Yes
5.9,82.1,48.9,Yes
8.1,38.3,81.5,No
17.3,35.5,50.1,Yes
9.3,92.9,55.2,Yes
10,100.7,61.5,Yes
12.5,62.4,54.9,Yes
12.5,78.9,69.4,No
5.4,87.4,36.7,No
9.7,108.2,51.4,No
10.2,73.4,53.6,Yes
11.4,89.8,52,Yes
11.4,114.9,85.6,No
22.9,69.4,58.4,Yes
4.1,76.3,57.7,Yes
14.9,52.9,67.6,No
15.9,53.9,80.3,No
,92.5,55.3,Yes
6.7,98.9,68.8,No
18.3,98.3,45.8,No
-1,54.3,69.8,Yes
6.6,70.9,64.4,No
15.9,84.6,49.2,No
8.1,29.5,39.2,Yes
18,,82.9,No
2.4,112.6,78.7,Yes
4.4,97.7,72.9,Yes
7.3,26.8,84.4,No
12.1,82.9,73.1,Yes
8.9,79.3,,Yes
7.5,80.4,68,Yes
17.1,77.1,87.9,Yes
17.6,68.5,56.9,No
7.9,28.5,60.5,Yes
1.5,81.2,70.8,No
-0.8,87.5,87.7,Yes
11.2,63.9,75.1,Yes
13.3,100.2,52.2,No
10.3,42.2,66.6,No
9.6,40.5,66.5,Yes
6,76.7,74.8,Yes
13.3,61.4,44.3,No
18.4,94.4,44.8,No
-1.1,66.4,63.4,Yes
9.6,102.2,64.7,No
5.1,60.6,52.3,Yes
-1,77.9,66.1,No
4.4,35.3,65.4,No
11.9,73.9,92.5,No
12,76.5,59.1,Yes
17.3,99.2,47.5,No
10,44.8,86.8,No
1.2,69.3,56.7,No
8.8,104.1,71.3,Yes
3.1,106.7,81.9,Yes
4,58.3,90.3,Yes
,61.3,67.3,No
11,41,47.5,No
12.9,32.5,71.2,Yes
8.2,67.2,63.2,No
14,62.1,49.1,No
7.9,116.2,79.3,No
15.6,82,77.9,Yes
11.7,70.8,85.5,Yes
9,88.1,68.2,Yes
11.1,95.6,40.2,Yes
9.9,99.3,93.1,No
18,80.2,43.9,Yes
11.2,74.5,51.6,Yes
10,78.2,57.1,Yes
8.8,73.8,74,Yes
14.2,64.4,60.5,No
13.5,95.9,74.4,No
8.6,71.1,48.1,Yes
4.2,54.7,61.5,Yes
5.5,75.4,78.6,No
9.1,89.3,81.8,No
16.7,,77,Yes
8.7,69.6,71.9,No
7,59,55.2,No
1.2,118.7,52.9,Yes
17.6,76.8,76.5,Yes
12.8,106,66.3,Yes
14,79.9,51.7,No
14.8,81.7,78.3,No
9.2,,56.2,No
10.4,70.5,86,No
17.4,73.5,57.7,Yes
10.9,61.9,55.2,No
12.9,74.8,,No
,42.5,60.4,No
13.2,78.5,74.2,Yes
9.4,50.9,63,No
9.8,76.9,89.3,Yes
13.9,81.4,63.7,Yes
13.9,103.3,49.5,Yes
15.8,81.3,68.3,Yes
12.8,69.7,95.4,No
13,62.4,64.8,Yes
7.8,89.3,39,Yes
7.1,73,52.1,Yes
13.9,60,69.9,Yes
7.1,78.1,36.7,No
9.9,37.9,89.3,No
16.9,76.6,58.9,Yes
16.1,59.4,21.5,Yes
11.5,68.5,101.9,No
8.5,114.9,87.1,Yes
9.4,65.3,56.1,Yes
14.3,90.8,51.6,No
9.8,96,63.6,No
7.2,92.1,89.7,No
16.1,82.4,,No
,52.8,43.7,No
7.1,62,84.4,Yes
12.4,51.7,72.5,No
14.9,,,No
5,68.2,54.6,Yes
9,56.7,62.4,No
8.8,85.9,62.7,Yes
,65.1,78.9,No
13.2,,81.5,No
7.2,43.6,70.7,Yes
2.5,76.4,81.3,Yes
15.2,,72,Yes
4.4,63,49.8,nan
11.4,82.6,65.7,Yes
9.3,77.4,57.2,Yes
10.8,86.8,82.3,nan
18.3,87.7,54.7,Yes
25.2,89.3,70.2,No
1.8,108.4,55.5,Yes
14.9,77.6,40.7,No
9.2,,66.3,No
15.2,66.4,69.5,No
14.8,66.9,80.4,No
17,56.6,75.7,No
11.4,24.7,46.7,Yes
5.6,79.6,64.6,Yes
14.6,75.7,49,Yes
10.6,113.3,52.8,No
8.8,112,69.4,Yes
7.6,88.6,72.7,No
15,86.3,41.4,No
18,,69.9,No
,78.8,69.5,No
13.1,72.7,48.1,No
8.1,77.9,63,Yes
,59.6,49,No
10.7,83.4,,No
5.8,47.6,80.5,No
2.1,135.7,78.6,No
6.1,103.9,62.3,Yes
4.9,101.5,71.7,Yes
6.8,49.5,48.2,No
3.4,42.6,77.9,nan
8,80.5,67.6,Yes
6.4,68.9,46.3,No
11.9,112,69.7,Yes
13,87.6,70.6,Yes
11.3,74.2,57.4,No
8.8,104.6,42.2,No
8.7,78.6,57.7,No
5.8,79.6,82,Yes
5.9,95.8,75.4,No
13.5,61.5,69.7,Yes
1.2,95.4,54.6,Yes
9.6,86.3,56.3,No
8.4,56.6,,Yes
13,114.2,67.6,Yes
2.9,65.9,68.3,Yes
10.1,42.3,82,No
11.7,59.4,42.6,Yes
0.5,54.3,61.6,No
4.6,78.9,55,No
9.5,107.5,65.7,No
12.6,80,75,Yes
10.9,106.7,54.8,Yes
12.8,96.3,75.8,Yes
4.6,21.7,73.6,No
2.1,93,60.3,Yes
10.4,63.4,79.2,Yes
3.9,85.3,72.3,Yes
5.7,73.8,54.7,No
14.7,130.7,53.7,No
10.9,83.7,77.9,Yes
7.2,86.7,56.8,No
6.5,96.6,75,No
13.1,45.2,48.4,No
11.1,96.7,79.9,No
3.9,70.7,41.2,Yes
0.3,61.2,41.2,No
19.4,91.4,57.9,No
3.9,45.2,84,Yes
12.6,93.8,,No
17.6,71.9,75.3,No
10.7,73,73.2,Yes
7,30.1,54.3,Yes
2.9,93,42.9,Yes
2.8,80,84.9,No
11.9,65.7,82.1,No
17.3,56.5,50.4,Yes
8,90.6,68.1,No
7.2,82,,Yes
13.5,75.1,49.6,Yes
6.6,55.2,43.8,Yes
11.4,81.1,69.1,Yes
10.2,79.9,62.6,Yes
8,101.3,58.2,Yes
9.9,51.1,63.4,Yes
18.8,60.7,63.9,Yes
13,113.9,69.8,Yes
15.5,78.8,83.3,Yes
5.4,80.1,79,No
15.5,94.3,76.9,No
13.2,111.2,58,nan
2.5,51.8,54.5,Yes
12.7,118.6,54.8,No
7.4,74.1,78.3,No
2.3,80.3,76.5,No
10.6,76.2,39.4,Yes
12.7,105,80,No
,94.2,68.9,No
9.5,72.1,65.3,No
8.3,52.5,81.6,No
,70.1,69.2,Yes
4.1,48.3,51.7,Yes
,92.8,53.6,No
10.1,61.4,68.3,nan
5.7,,,No
9.8,98.5,74.2,No
3,91.1,99.6,No
7,82.7,83.8,Yes
9.8,59.1,51.6,No
,84.7,65.9,No
12.5,59.1,60.6,No
5.2,84.9,69,Yes
2.7,48.9,50.1,Yes
4.6,99.1,43.4,No
20.9,79,44.8,No
0.1,74.7,27.9,No
12.2,82.8,54,No
6.2,72.7,96.8,No
8.2,76.4,58.1,Yes
13,100.8,69.5,Yes
12.8,96.1,48.6,No
6.6,89.3,52.9,No
3.2,80,,nan
13.1,68.7,55.6,Yes
12.8,96.5,64.6,No
8.6,56.8,81.4,No
12.2,110.7,85.4,No
7.8,,74.9,Yes
5.9,98.6,76,No
10,84.4,59.3,No
12.6,72.6,96.1,No
11.5,94,53.6,Yes
12.5,46.9,64,No
6.2,63.2,59,No
17.9,71.2,80.1,No
8.3,47.4,58.4,Yes
,87.7,67.5,Yes
3.4,,79.1,No
9,40.8,49,Yes
12.7,66.7,74.1,Yes
13.8,71.6,70.2,Yes
17.8,81.5,52.8,No
,92.1,56.6,No
11.4,69.4,63.3,Yes
7.8,93.8,68.2,nan
6.7,76.8,86.6,No
,62.9,91.9,Yes
14.8,79.6,53.8,Yes
4.6,49.7,103.3,Yes
13.6,69.9,58.1,Yes
13.3,71.5,92.5,No
4.4,62.9,86.6,No
12.7,,49.9,No
4.8,,43.9,No
-2.1,79,66.8,No
9.2,83.6,78.6,No
11.3,85.3,65.4,No
9.4,87.5,65.7,No
24.3,106.2,71.7,No
11.9,93.5,41.6,No
10.7,35.3,66.7,Yes
12.1,,52.9,No
7.8,58.3,59.5,No
14.6,63.9,45.8,No
11.8,94.6,45.3,Yes
11.6,37.7,69.9,Yes
6.9,109.3,63,Yes
2.2,91.3,89.7,No
7.5,81.7,59.3,No
11.4,91.7,76.2,Yes
7.8,98,82.7,Yes
11.5,79.5,67.7,Yes
8.8,90.5,68.7,No
12.2,55.4,83.4,Yes
5.1,91.2,85,No
11,87.2,74.1,No
6.8,103.8,85.9,Yes
2.3,78.5,68,No
9.2,81.1,48.7,No
17.7,56.5,69.7,No
2.7,75,55,Yes
10.6,87.2,83.8,No
14,89.1,61,Yes
21.5,109.3,78.5,No
7.5,84.2,,Yes
6.8,73.1,49.3,No
,86.1,61.8,Yes
15.7,63.9,45.3,Yes
5.7,101.5,76.8,Yes
8.1,61.1,83.3,Yes
0.8,66.9,73.8,Yes
14.4,53.5,86,No
,,75.4,No
14.2,87.9,58.8,nan
2,108.1,66.7,No
13,73.9,66.9,No
1.6,,82.8,No
10.3,21.6,66.3,nan
11,79.5,48.7,No
11.6,75.6,45,Yes
12.7,75.3,62.2,No
10,150,65.9,Yes
0.2,85.9,45,Yes
12.7,66.7,81.8,No
10.5,56.9,62.1,Yes
5.5,51.9,78.4,Yes
2.2,66.1,52.3,Yes
17.7,82.5,78.9,Yes
16.2,32.8,49.8,No
13.5,72.3,56.7,Yes
6.6,91,58.7,Yes
-2.6,54.3,60.9,Yes
13.8,71.4,81.3,No
11.8,55.2,70.6,Yes
8.1,20.8,50.2,Yes
15.6,59,48.8,No
14.2,53.7,67.4,nan
10.9,90.5,61.4,No
10.2,84.6,68.1,Yes
10.3,54.2,40.3,Yes
13.4,100.9,98.5,No
,89.5,39.4,Yes
12.1,69.9,61.8,Yes
5.4,81.6,54,Yes
16.7,56.1,,Yes
12.7,25.8,74.4,No
6.6,76.8,62,No
10.4,47.7,47.7,Yes
5.7,70.5,58.1,Yes
17.5,83.2,74.9,No
18.1,36.1,79.7,No
13.5,79.1,88.7,Yes
17.8,91.5,69.9,Yes
10.8,33.4,57.4,Yes
13.8,89.1,55.5,Yes
16.1,113,72.7,Yes
10,69.9,84.8,No
10.4,,35.4,Yes
14.7,54.9,64.7,Yes
13.2,93.4,46,Yes
6.2,85.2,,No
-0.9,79.4,90.8,Yes
9.1,78.2,38.4,Yes
-0.5,82.9,40.1,Yes
5,73.7,87.8,No
5.6,,69.9,Yes
,72,64.7,Yes
14.1,74,78.6,No
15.2,51.5,91.4,Yes
12.5,72.8,69.1,No
13.2,73.8,,Yes
13.3,64.6,36.7,No
-2.5,82,51.6,No
10.1,86.8,37.1,Yes
1,61.7,65.5,Yes
12.5,78,86.3,Yes
-0.5,93.2,58.7,Yes
9.1,54.8,71.8,Yes
12.7,41.7,,Yes
4.4,56.2,70.9,No
14.8,85.5,63.7,No
12.5,65.9,44.6,nan
11.9,50.2,75.7,No
13.5,100.4,82.9,No
8.2,51.4,65.4,No
10.8,71.6,,No
10.1,89.7,77.2,No
9.9,88.4,70.2,No
6.6,83.3,89.2,No
3.8,61.6,58.2,Yes
8.3,86.2,76.2,No
8,75.3,71.3,No
6.3,83.1,65.7,No
14.3,102.4,56.1,No
4.1,51.1,76.3,No
,82.7,89,Yes
15.8,77.8,35.1,No
14.5,93.9,67.4,No
16.1,110.6,73.8,No
7,109.9,52.3,No
13.9,91.7,71.7,No
4.7,63,70.4,nan
8.6,66.6,75.9,Yes
9.1,89.4,59.9,Yes
7.1,49.3,,Yes
8.2,70.3,65.4,No
7.5,60.2,84.5,Yes
5.1,51.5,78.3,No
14.3,80,45.3,Yes
9.1,90.8,62.6,Yes
11,87,63.4,Yes
10.8,77.4,73.9,Yes
10.3,68,63.5,No
10.5,64.5,62.5,nan
,92.4,56.3,Yes
17.1,64.8,101.3,No
13.8,,38.4,nan
10.1,83.2,65.4,Yes
7.8,55.4,67,No
9.4,,74.8,Yes
12.1,64.4,59,No
17.5,61.6,58.5,Yes
,70,73,Yes
13.3,90.1,59.5,Yes
15.6,78.5,54.9,No
2.6,80.9,81.6,Yes
9.1,90.2,49.7,Yes
4.7,87.5,54.3,No
12.2,71.4,70.3,No
8.2,86.1,76,No
9.3,71.6,61.4,No
7.9,83.8,72,No
13.6,95.8,68.1,No
11.1,85.4,60.6,No
11.2,50.1,,No
10.8,65.1,79.8,No
,88,50.1,Yes
8.7,31.9,105.2,Yes
18.5,81.5,57.2,No
3.8,80.3,89,Yes
1.4,129.5,81.4,No
1,83.6,60.6,No
-0.4,72.8,80.5,Yes
13.4,98.3,79.6,Yes
12.8,68.1,60,No
16,75.8,39.2,Yes
4.7,76.8,42.3,Yes
13.7,,73.9,No
10.3,56.5,64.7,Yes
10.8,91.7,67.8,Yes
13.1,64.5,80.1,No
6.2,116.2,59.4,No
22.9,44.7,76.3,Yes
16.7,59.9,55.6,nan
7.3,34.4,66.4,Yes
4.5,134.3,67.8,Yes
9.6,50.5,49,No
10.9,90.2,64.9,No
15.3,,77.8,nan
4.2,56.9,72.7,Yes
,90.5,86.8,Yes
2.4,53.6,58,Yes
12.2,58.7,87.7,Yes
9.5,43.8,68.3,Yes
19.7,88.4,57.9,Yes
2.3,35.8,67.5,Yes
16.9,82.9,54.2,No
1.5,72.5,69.7,No
3.4,109.9,40.4,Yes
1.6,75.7,83.6,No
11.3,92,55.4,Yes
4.1,85.2,65.5,No
3.3,72.9,83,Yes
11,97.3,55.6,Yes
12.3,82.6,75.1,No
10.2,93,82.4,No
9.2,56.4,67.1,No
19.1,85.6,70.9,Yes
10.7,91,,No
14,53.2,47.7,No
10.7,73.5,82.9,No
4.5,40.2,40.3,Yes
12.7,43.3,57.2,Yes
6.7,,94.7,Yes
9.5,111,79.5,Yes
11.5,112.6,65.3,Yes
0.3,68.9,95.9,Yes
2,56,48.5,No
14.5,93.5,72.9,No
6.7,34.9,63.5,No
6.9,66.9,65.3,Yes
10.8,60,76.3,No
8.1,73.3,74.6,Yes
12.1,102.5,66.6,Yes
9.7,23.2,76.3,No
11,81.2,85.7,No
6.5,81.9,70.2,Yes
11,73.8,77.3,Yes
15.5,,68.3,Yes
7.2,85.3,57.9,Yes
14.6,78.2,65.8,Yes
9.7,34.3,75.3,Yes
13.7,57.2,38.6,No
10.6,,,nan
9.8,51.7,75.4,Yes
11.7,,66.5,No
16.1,60.6,50.6,Yes
11.2,86.9,75.7,No
12.4,70.9,55.4,No
8.2,88.1,90.6,Yes
17.9,82.7,80.9,Yes
13.2,67.2,68.8,Yes
10.4,30.4,61,Yes
9.4,57.7,43.2,Yes
14.9,50.9,92.3,Yes
7,50.7,56.1,No
1.1,85.1,89.9,Yes
10.4,115.5,31.9,No
16,25.7,63.9,No
18,44.9,,No
9.5,79.6,50.4,No
10.2,69.9,69.9,Yes
12.6,84.1,89.5,No
8.7,74.1,59,Yes
12.6,101.4,68.3,Yes
9.6,86.4,53.6,Yes
15.1,92.5,51.3,No
13.6,95.4,32.6,No
14.1,51.1,54.7,Yes
,,61.5,No
19.6,87.9,43.5,Yes
12.4,68.2,93.2,nan
11.2,68,72.5,Yes
6.2,68.6,75.9,Yes
9.5,57.4,42.8,Yes
10.6,47.4,71.7,No
6.1,117.9,87.9,No
8.5,96.6,63.8,No
9.2,75.5,70.2,No
10.3,45.7,,No
1.2,85.9,71.6,Yes
9.3,67.7,65.1,No
8.1,71.9,60.8,Yes
9.9,120,71.1,Yes
15.2,113,64.9,No
20.3,,70.1,No
13.4,82.3,63.9,No
3.8,78.3,81.3,Yes
8.3,82.1,93.3,Yes
,63.8,68.9,No
12.4,75.1,72.9,No
14.9,53.1,58.9,Yes
9.5,95.8,74.7,No
8.2,95.1,41.6,No
18.8,107.8,72.9,No
10.3,59.5,51.1,No
4.9,80.4,85.5,nan
17.4,115.9,77.5,No
2.5,61.5,62.9,Yes
,54.8,74.3,No
13.8,81,93.6,No
14.6,98.3,63.6,Yes
12.1,61.7,70,No
3.5,113.7,72.5,No
9.7,56.7,,Yes
8.6,88.2,60.4,No
7.3,61.5,77.7,No
,65.7,65.2,No
4.8,91.5,67.8,No
11.6,70.8,56.6,Yes
16,44.6,81,No
11.9,59,51.8,Yes
16.2,89.4,43,Yes
12.8,82.9,33.8,No
12.1,89.5,77.2,Yes
11.8,62.9,57.7,Yes
13.1,53.8,55.9,No
8.1,58.6,65.4,No
3.5,60,,Yes
14.8,74.1,70.5,No
15.8,51.3,99,Yes
11.3,96.3,75.9,Yes
7.3,85.3,71.1,Yes
2.2,57.7,78.5,Yes
10.4,71,102.1,Yes
3.3,57.3,59.1,nan
2.6,72,59.2,No
9.9,58.3,56.7,nan
6.2,117.8,42.8,No
11.7,,67.3,Yes
9.2,49.6,65.5,No
7,,69.7,Yes
1.5,76.9,49.5,Yes
5.7,77,36.5,nan
5.9,93.4,35.6,No
3.9,83.9,69.7,No
8.4,56.6,70.4,No
4.3,96.2,91.1,nan
9.2,87.6,82.6,No
11.2,102.7,45.1,Yes
5.9,76,48.6,Yes
12.1,96.8,72.8,Yes
3.2,20.5,65.5,Yes
4.4,65.3,79.7,No
9.4,56.7,85.6,Yes
13.4,89,70.7,nan
14.3,60.2,65.9,No
18.1,94.5,49.7,No
8.1,90.7,50.3,No
9.4,62.9,74.7,Yes
4.8,79.8,46.6,No
3.7,70.7,59.3,No
11.1,77.3,47.8,Yes
6.1,90,50.1,No
16.2,68.5,62.3,No
2.7,,60.7,No
12.4,86.9,73.9,nan
5,96.4,83.7,No
5.9,41,61.4,No
,74.3,46.9,Yes
6.6,56.4,60,No
7.4,,79.3,No
5.9,98.6,50.2,Yes
18.9,58.8,49,No
6.9,48.7,43.5,No
10.3,79.9,86.1,No
9,52.8,30.9,Yes
11.1,,48.7,Yes
6.9,72.4,,Yes
9,107.1,59.3,nan
12,,55.5,No
5.7,106,67,No
15.4,83.1,56.9,No
15.9,56.1,50,Yes
13,45.3,58,No
10.3,86.9,46.6,Yes
-5,,80.4,Yes
12.1,80.2,85.2,No
8,48.4,37.4,nan
8.8,59,72,No
0.5,76.7,66.4,Yes
12.5,62.7,66.4,nan
2.8,59.5,57.4,No
10.6,55.7,54.4,No
14.5,72.3,79.1,No
7.7,70.9,79.4,Yes
16.1,58.5,66.7,Yes
6.3,75.2,41.1,Yes
13,80,66,No
3.5,82.1,58.9,No
15.2,55.9,64,nan
14.4,68.9,66.9,Yes
12.3,75.3,63.3,nan
8,77.5,79.8,Yes
3,48.3,55,Yes
8,68.2,79.7,Yes
15.6,86.9,59.7,Yes
10.6,63.1,77.1,Yes
2.2,82.1,78.5,Yes
4.4,75.3,71.3,Yes
16.3,65.8,56.2,No
12.4,100.2,37.7,Yes
3.8,68.9,72.1,No
1.2,70.8,58.6,No
6.9,65.3,,No
0.7,,79.6,Yes
9.2,102.8,54.6,No
22.3,97.9,67,Yes
2,92.4,40.6,Yes
9.1,57.3,70.5,No
16.6,66,55.8,Yes
13.7,59.6,30.6,No
9.3,95.6,71.4,Yes
9.3,121.7,104.4,Yes
4.2,88.6,64.5,Yes
8.7,108.5,49,No
11.2,84.1,74.5,Yes
15.5,81.3,59.4,Yes
6.9,63.4,71.8,No
9.1,87.3,50.1,No
5.3,93.3,42,No
11.1,96.1,70,No
13.9,,56.4,Yes
13.1,79,54.7,No
4.1,73.8,79.5,Yes
10.7,63.7,58,Yes
6.6,92.6,71.5,No
15.1,37.1,56.6,Yes
9.2,41.6,83.1,Yes
2.4,64.1,91.2,nan
,49.5,75.2,No
12.3,96.7,50.7,Yes
11.2,66.1,77.3,No
7.4,,64.9,No
-1,101.1,71.5,Yes
5.1,76.2,59.9,nan
8,81.5,58.9,No
5.7,99.5,68.7,No
14.9,95,93.3,Yes
5.5,33.6,69.4,No
10.6,66.8,61.8,Yes
10.3,85.3,54.8,No
14.7,79.3,59.8,No
15.4,55.1,88.3,Yes
13.5,40.8,57.6,Yes
11.8,87.2,58.7,Yes
4.8,58.1,47.9,Yes
4.7,72.3,76.1,No
5.8,77.9,73.7,Yes
13.8,71.7,85.3,Yes
10.4,56.4,76.3,No
14.3,73.3,63,No
15,64.1,87.5,Yes
6.4,108.1,84.7,Yes
10.2,79.3,67,nan
9.9,126.3,71,No
8.4,48.6,40.4,No
7.3,69,69.4,No
15.9,68.9,66.6,No
10.3,59.5,64,Yes
10.1,68,72,No
6,65.4,51.1,Yes
13.4,55.4,,Yes
5,110.9,76.3,No
12.3,73.3,75.6,Yes
12.4,93.5,75.6,No
,94.8,79.9,Yes
11.6,103.6,66.9,No
10.9,55.4,56.4,Yes
,100.3,41.7,Yes
10.1,73.5,81,Yes
10.3,115.7,73.6,Yes
10.6,85.5,46.5,Yes
10.3,51.9,45.5,No
,100.2,37.8,No
9.2,98.2,60.5,Yes
11.3,49.2,82.4,Yes
10.5,89.9,42.9,Yes
14.8,107.1,66.2,No
13.1,84.6,42.3,No
5.6,55.5,43.2,No
9.2,95.2,54.7,No
8.4,88.3,92.1,No
10,70.4,53,Yes
10,65.8,44,No
13.1,88.2,56.8,Yes
,56.8,57.1,Yes
16.2,79,61.3,No
11.2,99,55,No
5.8,105.4,56.5,No
7.7,64.5,71,No
13,43.3,64.5,Yes
1.9,60.9,50,Yes
3.3,,73.6,Yes
10.1,60.2,98.2,Yes
14.8,96.7,71.2,No
16.5,60.1,82.7,No
8.9,63.9,56.8,No
15.3,71.5,66.2,Yes
10.4,93.9,48.3,No
2.3,43.3,29.1,No
10,80.6,54.1,Yes
6.9,80.2,58.5,Yes
,55.2,47.7,Yes
9.9,82.1,61.7,No
3.6,71.4,46.5,Yes
2.5,52.4,93.2,No
9.9,73.5,45.9,No
-2.1,54.2,52.1,Yes
7.4,62.2,55.4,No
11.2,92.6,78.9,Yes
4.7,68.8,75.4,No
15,92.2,65.5,No
16,71.9,55.2,Yes
4.9,55.7,24.2,No
8.5,84.6,51.9,No
15,86.2,65.6,No
10,50.4,58.8,Yes
3,97.7,81.5,Yes
9.3,105.4,72.1,No
5.7,,54.6,No
15.5,76.5,75.1,Yes
,115.2,42.7,No
8.4,85.8,69.1,No
10.7,78.9,79.7,Yes
3.5,109,73.5,Yes
6.2,107.1,56.1,No
17.8,,77,No
10.3,64.9,38.7,Yes
14.7,86.7,47.6,Yes
11.2,99.5,50.7,No
16.6,51.7,37.6,nan
0,,80.7,Yes
9.1,66.9,87.2,Yes
18.2,89.3,61.8,No
14.8,63.7,83.2,No
16.6,28.3,49.7,nan
10,39.6,58.3,No
7.3,52.5,59.2,No
4.9,63.2,48.1,No
4.5,74.9,72.3,Yes
14,64.6,63.6,Yes
12.6,74.1,57.6,No
,65.1,66.2,Yes
12.5,74.9,78.2,No
10.7,93.6,59,No
14.8,74.7,,Yes
14.8,85.8,75.4,Yes
4.7,89.3,,Yes
,71.8,66.1,No
1.7,39.2,93.1,No
10.7,80.1,69.8,No
13,61.5,63.2,No
3.4,,51.5,Yes
7.9,102.3,69.8,nan
,69.8,,Yes
11.2,78.3,90.8,Yes
8.6,88.4,61.9,No
4.1,58.7,68.5,No
9.7,75.2,60.7,nan
1.7,44,73.8,No
8.8,95.9,74.6,nan
7.8,108.7,57.1,No
9.3,77,65.8,No
7.2,60,66.5,Yes
2.5,80.2,69.9,Yes
8.2,49.5,80.6,No
14.7,66.3,87.8,No
16.3,,43.5,Yes
22.2,64.6,79.1,No
18.5,79.4,50.9,No
,83.7,,No
8,75.3,69.6,nan
9.9,93,55.6,Yes
9.6,82.8,88,No
10.3,65.1,,Yes
22,72.8,79.7,No
,73.4,65.5,No
6.4,67.3,40.4,Yes
18.2,85.2,63.2,No
6.9,32.4,75.1,No
12,75.6,60.5,Yes
15.2,81.2,51.1,Yes
12.4,87,74.1,Yes
,97.2,61,No
,72.2,63.7,No
5.5,91.6,45.3,No
7.5,87.2,86.9,Yes
12.7,80.3,88.6,No
-0.3,47.2,58.5,No
17.1,96.8,54.4,Yes
11.5,76.9,100.9,No
10.8,70,69,Yes
1.8,51.9,52.8,No
3.6,26.1,68.9,No
8,113,65.5,Yes
,81.1,82.7,Yes
-0.4,52.9,99.6,No
13.9,49.8,64.5,Yes
8.2,69.4,75.6,Yes
8.9,91.2,58.3,Yes
11.3,87.6,46.1,Yes
11.3,88.6,66,Yes
6.4,57.3,37,Yes
13.1,71.4,103.1,No
-1.6,77.5,,Yes
7.7,73.9,69.8,Yes
10.8,85.9,38.4,No
8.3,106.5,,Yes
,,43.8,Yes
13.8,63.3,76.7,No
3.8,45.9,83.2,Yes
9.7,78.5,65.7,Yes
10.8,61.8,40.4,No
10.1,83.6,41.9,Yes
15.8,82.3,40.3,Yes
9.7,106.3,53,No
12.1,79.3,47.1,No
9.7,84.1,55.8,No
13.1,61.9,87.1,No
17,46.4,55.7,Yes
10.7,96.5,54.9,No
13.9,99.1,66.8,Yes
17.3,68.4,74.7,Yes
16.8,36.3,81.6,No
8.1,,93,No
15.2,98.8,54.5,Yes
11.2,72.7,62.1,Yes
15.6,96.4,34.9,Yes
12.8,74.2,47.1,Yes
11.4,79.3,60.9,Yes
12.2,42.5,53.8,Yes
11.3,99.4,52.4,Yes
11.5,39.9,50.3,Yes
9.2,109.4,77.7,Yes
8.7,111.5,43.4,No
18.8,23.9,87.4,Yes
12.4,106.1,48.4,Yes
7.1,,88,No
8.6,83.4,44.2,No
15.3,46.8,45.7,No
6.3,68.5,68,No
2.6,51.4,64.5,Yes
3,59.2,76.9,No
1.4,99.4,,No
3.5,95,59.4,nan
4.1,91.4,64.4,nan
16.9,64.2,73.1,nan
9.8,61.2,71.8,No
8.2,42,76.9,No
2.8,88.6,84.2,Yes
9.3,113.7,63.2,No
1.3,104.1,87.1,No
8.2,75.6,62.7,No
20.3,84.9,66.9,Yes
13.3,79.9,70.4,Yes
9,93.2,65.9,No
13.5,109.8,76,No
7.4,63.6,70.3,No
6,,42.7,Yes
18.5,69.3,39.9,No
4.3,74.3,69.9,No
8.2,89.6,52,Yes
11.5,73.7,72,No
5.3,57.9,40.3,Yes
13.3,58.2,63.7,Yes
8.5,51.5,54.1,No
13.3,72.9,72.3,nan
12.9,95.7,47.5,Yes
8.8,83.4,73,No
18.6,86.3,81,Yes
6.7,53.3,71.8,Yes
16.7,51.5,69.6,No
15.9,78.6,79.4,Yes
18.9,99.9,77.4,Yes
10.9,91.9,37.1,Yes
6.1,61.5,81.2,No
20.4,120.8,88,Yes
8.3,34.4,73.7,Yes
5.9,75.6,44.3,No
9.1,77.1,46.4,Yes
5.1,70.8,31.5,Yes
12.6,85.5,80.7,nan
7,71,84.5,No
8.6,45.1,71.7,No
14.8,73.2,76.9,Yes
13.1,,60.3,No
10.1,93.2,72.9,Yes
10.9,,64.5,Yes
10.1,57.9,68.9,No
7.8,108.4,,Yes
10,66.4,75.1,Yes
12.5,64.8,51.4,No
9.4,66.8,46.5,No
12.1,36,86.6,Yes
5.8,66.5,81.1,No
7,101.2,74.6,nan
6.3,84.5,66.1,No
7.2,79.6,49.9,Yes
16.4,82,71.9,Yes
13.6,100.2,51.3,Yes
4.6,57.4,80.5,No
12.2,93.1,46.1,Yes
8,76.3,65,No
6.6,59.3,74.7,No
2.6,,71.3,Yes
14.9,76.7,79.4,No
3.2,58.9,51,No
9.7,53.6,74,Yes
5.3,66.3,60.2,Yes
13.9,64.8,67.2,No
8.3,,37,No
9.3,70.7,80.8,No
,67.5,50,No
11.5,97.6,69.8,No
10.1,102,85.2,Yes
9.8,58.4,98.1,nan
7.4,50.1,,No
2.1,85.3,73.4,No
4.4,70.9,78,No
13.6,64.1,57.7,No
8.5,95.8,65.1,nan
6.7,69.8,77.9,Yes
,113.4,61.8,No
1.4,,36.8,Yes
6.5,78.3,83.6,No
14.4,,75.7,No
7.2,81.2,47.7,No
12,60.9,47.5,No
7,54.6,69.9,Yes
13.2,65.8,,Yes
8.2,79.7,65.9,Yes
3.8,93.2,56.5,No
8.7,44.9,37.9,nan
19.2,75.1,70.4,No
18.9,100.6,75.1,Yes
,80.2,59.8,No
9.3,102.1,62.6,Yes
11.5,44.8,60.5,Yes
-1,70.5,50,Yes
9.8,77.4,50.5,No
12.2,86.1,23.7,Yes
11,58,48.8,Yes
8.4,83.3,70.9,No
4,84.9,50.8,No
7.7,73.5,71.3,No
14,84.4,39.2,Yes
9.8,81.3,70.6,Yes
11.5,61.8,55.8,Yes
,71.8,55.2,Yes
4.7,50,84.6,No
8.8,45.1,29.9,Yes
4.9,80.1,73.3,Yes
4.6,37.1,76.8,No
16,70.2,60.2,No
7.9,83.3,43.8,Yes
6.3,75.3,66,No
18.1,118.7,58.1,No
14.1,83.5,,Yes
8.1,69.6,78,Yes
,87.2,65,No
8.8,48.8,49,Yes
6.5,95,63.2,No
12.4,,67.2,Yes
8.4,97.1,63,Yes
10.4,83,61.4,Yes
15.1,87.5,55.9,Yes
14.6,63.9,46,Yes
7.2,52.1,61.5,Yes
12.4,51.8,67,Yes
4.4,40.7,66.2,No
12.3,67.3,64.3,No
10.7,,,No
11.9,95.2,53.1,Yes
8.5,54.3,200,No
,118.9,75.5,Yes
5.5,55,62.6,Yes
14.9,56.9,66.1,Yes
4.8,45.4,48.3,No
12.5,75.2,48.9,Yes
12.9,68.6,54.6,Yes
10.3,72.8,60.3,No
7.5,83.1,56.9,Yes
10.7,94.7,67.1,No
11.3,51.6,65.8,Yes
,75.4,68.1,Yes
5.6,92.1,36.1,No
7.2,53.1,103.4,Yes
11.4,130.3,69.4,No
8.7,121.8,,Yes
9.5,73.5,59,Yes
15.4,52.9,64.9,Yes
,55.4,57.9,Yes
7,79.7,53.5,No
1.3,87.8,63.8,Yes
4,38.2,77.8,No
22,56.1,63.6,No
13,77.8,67.7,No
14.8,46.9,79.8,Yes
9.6,69.1,77.2,Yes
13.8,83.6,90.4,No
1.2,71.8,42.2,Yes
15.2,60.3,51.2,Yes
5.9,76.7,52.1,Yes
7.3,85.1,38.7,No
12.5,56.6,53.3,No
11.6,81.9,75,nan
10.4,81.5,85.6,No
3.2,85.4,70.8,No
10.5,80.3,93.3,No
14.8,77.6,52.6,No
7.3,71.9,76.9,No
16.6,69,75,No
5.6,89.5,67.9,Yes
10,73.1,63.5,No
17.7,85.7,60.9,No
6.6,85.4,77.5,No
15.3,56.2,72.2,Yes
19.9,68.6,70,Yes
,73.9,73.1,Yes
7.4,76.8,64,nan
6.1,83.6,76.9,No
,78.6,54.7,Yes
,75.8,66.7,Yes
17.2,66.3,64.5,No
9.8,,61.9,No
15.2,82,66.2,No
,72.8,56.2,No
5.6,67.2,103.5,No
15.6,80.6,82.7,No
18.2,75.6,82.6,No
4.9,44.5,74.5,Yes
,55.2,79.4,No
10.2,101.1,,Yes
14.8,82.4,61.1,No
4.3,62.2,60.8,Yes
11.1,67.5,53.2,No
7,57.8,75.7,Yes
13.5,64.5,39.6,No
6,95.5,70.9,Yes
13.9,71.4,60.1,Yes
9.2,91.7,40.5,Yes
5.3,107.6,69.2,No
10.3,67.1,60.9,Yes
0.3,49.1,71.1,Yes
7.2,,57.3,Yes
11.7,58.6,43.3,No
,75,62.7,No
-2.9,78.4,52,Yes
-1.7,112.1,37.1,No
16.6,81.5,77.7,Yes
9.6,65.9,55.9,No
7.3,87.5,,Yes
14.7,91.3,31.9,No
8,,58.6,Yes
11.3,56.5,,nan
10.1,100.8,34.4,Yes
7.6,120.7,62.9,No
11.5,100.4,54.3,Yes
13.9,104,76,No
9.1,66.3,57.8,Yes
7.7,108.8,72,No
8.3,65.5,74.4,Yes
-1.5,74.2,60,No
11.4,65.7,72.4,No
4,63.4,61.2,Yes
13.1,74.9,70.1,Yes
9.5,51.9,50.8,Yes
10.5,61.3,50.8,Yes
13.5,55.5,47.5,No
5.4,105.7,69,No
,107.4,83.1,Yes
11.3,125.9,79.4,No
9.1,73.7,61.4,No
5.4,75.6,62.6,Yes
13,90.4,77.3,Yes
13.5,49.5,84.8,Yes
10.6,55.4,32.6,Yes
4.6,43.1,57.4,No
7.4,91.7,67.3,Yes
9.7,57.8,64.4,Yes
13.4,,63.9,No
2.1,65.8,93.6,Yes
7.2,75.1,52.4,No
8,71.6,55.8,No
9.6,78.8,50.6,No
3.5,65.2,,Yes
8.9,95.8,55,Yes
8.4,71.6,50.7,Yes
4.8,82.3,60.6,Yes
9.4,77.2,78,No
7.3,54.7,54.8,nan
12.5,102,77.5,No
5.6,62,78.9,No
10.4,,63.5,Yes
6,89.6,72.4,No
7,45,77.5,Yes
11.5,71.4,59.6,Yes
11.2,86.6,61.8,No
7.9,69.2,70.5,nan
8.7,72.4,71.9,No
2.7,,64.1,No
,67.5,76.3,No
13.4,82.1,62.3,Yes
13.3,75.9,73.2,Yes
2,71.1,70.8,No
7,55.6,55.6,Yes
8.3,83.1,85.6,Yes
0.3,26.8,79.1,Yes
14.4,80.2,49.3,Yes
17.3,75.3,75,Yes
20.3,58.7,60.2,Yes
4.8,47.2,76.6,No
10.6,83.4,81.3,Yes
16.6,70.1,73.2,Yes
8.7,77.8,82.7,Yes
7.2,38.3,73.5,No
0.7,84.5,58.8,Yes
15.7,93.8,33.4,Yes
9.9,71.9,47.7,Yes
6.4,57.1,56,No
11.4,83.7,72.3,nan
10.8,69.3,45.9,No
10.8,92.3,44.2,Yes
8.9,75.4,58.3,No
18.1,32.2,60.1,Yes
9.3,28,66.1,Yes
18.1,60.8,83.7,Yes
12.8,84.1,57,No
11.8,65.2,62.4,Yes
9.4,84.8,77.8,No
14.9,61.8,50.9,No
10.6,116.3,82,No
5.3,71.2,49.8,Yes
5.2,80.4,58.2,No
12.1,55.8,53.8,Yes
5.5,66.6,88.1,No
9.7,84.9,66.3,Yes
15.3,74.1,61.9,No
11.5,,46.8,Yes
6.4,85,82.2,Yes
17,87.2,76.9,No
12.7,89.6,54.6,nan
15.1,97,65.1,Yes
-1.3,,70.6,No
11.7,122.9,69.7,No
,79.7,57.5,No
18.5,28.9,87.5,nan
2.7,79.5,61.5,Yes
16,97.4,61.9,Yes
18.2,47.4,79.5,No
-0.1,69.6,75.8,No
12.4,99.3,78.5,Yes
13.1,63.7,,No
8.4,70.2,54.8,Yes
7.5,90.6,67.1,No
13.3,49.4,52.8,Yes
6.9,74.8,57,Yes
8.9,55.6,53,Yes
14.1,69.6,,Yes
18.8,79.7,77,Yes
12.7,96.2,59.6,Yes
10.7,81.2,67.2,Yes
7.4,63.7,51.6,nan
,98.9,53.8,No
15.5,87.3,44.3,No
9.2,36.2,59.7,No
15.8,91.8,62.6,No
8.4,76.3,64.2,No
6.8,74.3,53.6,Yes
12.1,98.8,69.7,Yes
9.6,70.9,61.8,No
4,92.9,52.3,nan
19.1,100.5,66.5,No
6.9,76.2,66,No
14.6,83.9,,nan
14.2,88.9,81.4,Yes
3.7,84.2,70.6,Yes
5,92.8,104.5,Yes
8.5,54.1,58.3,Yes
5.7,62.2,66,No
18.6,49.8,,nan
9,108.7,57.5,No
14.4,41.5,36.6,No
12.6,101.4,72.2,No
11.3,84.4,79.1,Yes
,57.5,60.8,Yes
16.2,49.6,40.1,No
5.9,,97.1,No
18.6,70.5,58.4,Yes
3.6,82.9,57.8,No
-1,31,76.5,Yes
3,71.2,50.3,Yes
,57.5,54.1,Yes
10.5,100.5,75.2,Yes
7.6,83.2,84.4,No
9.1,64.8,61.1,No
3.1,103.4,43.6,No
5.1,66.3,79,No
12.5,72.9,29.8,No
10.1,,72.3,No
6.5,93.2,44.9,Yes
16.6,75.2,,No
3.9,103.4,69.6,Yes
8.2,67,50.4,Yes
7.5,55.4,58.1,Yes
13.1,106.9,,No
10.2,68.7,63.2,nan
9.5,86.9,67.5,No
0.8,90.4,,Yes
14.3,116.7,65.4,Yes
8.9,69.1,,No
10.6,,86.6,No
6.3,59.3,,Yes
5.5,65.4,69.3,Yes
17.5,,42,No
1.1,91.9,29.2,No
4.7,93.4,59.8,No
17.4,82.4,88,Yes
13.2,59.5,61.2,Yes
,62,75.7,Yes
16.2,61,62,No
12.2,,67.4,Yes
11.2,43.4,55.4,Yes
11.1,67.1,76.3,No
12.3,48.2,65.4,No
12.5,85.1,53.3,Yes
21,55.2,41.2,Yes
9,114.2,76.5,Yes
9.2,95.9,70.6,Yes
3.8,73.2,68.1,No
9.7,83.3,51.9,Yes
,84.4,76.4,Yes
,55.8,54.2,No
7.3,99.8,78.6,No
,73.1,51,Yes
3.5,59.6,46.4,No
5.2,85.8,64.7,No
10.7,52.5,75,No
7.5,88.1,76.8,No
4.8,81.9,67.9,Yes
12.4,62,82.3,No
9.6,94.1,69.1,Yes
2.2,89.1,66.4,Yes
-0.4,68.6,29.9,Yes
7.1,85.8,49.4,Yes
2.1,48.4,80.9,No
0.7,84.8,50.9,No
15.6,45.8,60.7,No
9.5,77.6,59,No
8.7,88.8,49.5,Yes
9.1,81.8,55.7,Yes
4.3,106.1,64.3,Yes
12.1,59.1,,No
9.3,,59.7,nan
6.2,32.4,54.4,No
7,64.8,66.5,No
3.9,68.9,78.3,Yes
8,106.3,85.6,No
8.8,74.5,66.3,Yes
7.8,93.3,49.8,nan
10.3,56.9,86.2,Yes
9.6,68.3,70.9,Yes
11.2,58.3,56.5,Yes
14.7,,60,Yes
13,56.5,55,No
14.8,62.7,75.9,Yes
5.8,115.9,79.7,Yes
7.5,73.8,70,Yes
13.3,47.9,81.4,Yes
13.4,64.5,64,Yes
6.6,95.3,100.3,Yes
13.1,61,63.1,Yes
5.3,104.8,36,Yes
12.4,95.6,78.7,No
9.9,71.1,59,No
3.1,61.9,81.1,Yes
7.8,,69.4,Yes
20.9,78.8,54.7,Yes
11,83.3,,No
21.5,101.8,43.1,No
2.8,82.1,53.6,No
13.8,68,69.9,Yes
-2.7,102.5,76.4,Yes
10,,76.9,Yes
13.2,61.2,55.7,Yes
14.2,73.3,81,Yes
6,88.2,65.4,No
15.2,81.1,73.8,Yes
7.3,54.8,81.1,Yes
9.2,78.5,68.7,Yes
7.8,61.5,51.2,No
,76.3,82.7,Yes
17.8,49,71.5,No
10.2,57.2,,nan
15.4,117,47,No
15.2,66.5,82.9,Yes
,97.3,71.4,Yes
16.1,72.5,44.7,nan
12.5,50.9,61.8,Yes
4.8,53.4,63.8,Yes
12.2,59.1,65.8,No
,117.9,61.9,Yes
18,70.4,65.2,Yes
14.1,78.6,79.3,Yes
9.6,88.6,,Yes
16.3,85.1,56.7,Yes
2.1,92.3,67.2,Yes
6.3,,81.5,Yes
8.7,,76.1,nan
21.2,56.1,30.3,Yes
4.6,44.4,45.5,No
1.5,64.6,38,Yes
2.8,0.5,71.4,Yes
14.5,89.5,,Yes
7,86.4,64.2,Yes
9.2,55.5,66.9,No
13.8,47.5,50.3,No
9.2,105.6,81.5,No
,94.3,53.4,Yes
12.7,69.9,81.4,Yes
7.8,61.5,55.9,Yes
9.2,75.8,,Yes
11.2,46.2,43.8,No
14.3,80.9,49.2,No
6,51,82.6,Yes
-5.1,,82.3,Yes
13.4,58.7,60.9,Yes
14.6,54.7,44.6,No
,111.1,27.5,Yes
11.3,108.5,85.9,nan
7.2,52.7,71.3,nan
12.5,73,67.4,No
14.3,61.9,54.6,Yes
10.3,111.8,59.2,nan
22.5,38.6,78,No
2.2,84.3,48.2,Yes
10.8,100.6,77.8,No
4.1,64.1,74.7,Yes
14.4,75.5,88.8,No
2.1,96.1,73,Yes
3.3,52.9,78.1,No
6.8,87.7,43.7,No
11.3,44,61.5,No
7,43.1,63.5,No
7.1,92,70.6,No
9.1,55.7,66.7,Yes
8.8,78.6,80.1,No
17.4,51.4,,No
13.4,80.6,51.9,nan
8.4,41.8,49.7,nan
20.5,100.9,87.7,No
12.5,91.3,69.3,Yes
5.2,63,66.9,Yes
11.3,37.7,68.9,Yes
12.7,70.9,68,Yes
6.6,67.8,60.4,No
4.7,64.1,74.1,No
10.4,96,80.2,Yes
8.2,99.3,77.7,No
17.4,83.6,64.4,Yes
13.7,104.8,49.2,No
6.8,18.9,,Yes
12.1,68.9,79.4,No
16.3,68,57.7,Yes
3,91.8,67.3,nan
4.9,68.6,51.9,nan
9.9,86.1,68,No
10.2,65.4,81.7,No
9.7,61.5,84.5,Yes
8.4,91,44.1,nan
8.4,75,75.6,No
11.9,81.1,51.6,No
,50.2,91.4,No
7.6,88.6,94.1,No
22.2,53.5,70.7,No
19.8,150,66.5,Yes
16.6,69.9,62.2,No
13.1,66.7,87.3,Yes
20,92.8,67.4,No
8.5,74,69.4,No
5.8,89.3,61.5,No
7.4,,65.7,No
5,89.3,72.9,Yes
10.6,73.5,71.5,No
11.5,92.3,78.5,No
11,98,68.6,Yes
9.9,43.3,62.8,No
10.7,82.2,69.8,No
18.7,111.6,,No
13.1,87.4,54.3,No
14.6,123.8,33.4,No
11,56.4,50.5,Yes
1.9,80.2,46.3,Yes
0.9,84.8,78.3,No
20.4,64.5,51,nan
7.3,50.3,86.4,Yes
6.9,118.4,53.8,Yes
11.2,97.4,74.1,No
12.8,86.2,93.7,Yes
13.4,76,74,No
18.9,77.8,94,No
17.5,87.6,50.8,No
5.9,103.8,,No
14.8,60.9,54.4,Yes
8.1,77.1,79.8,No
9.3,67.6,64.1,Yes
4.5,53.9,68.6,No
1.5,62.7,64.7,Yes
9.8,79.3,60.4,Yes
5.2,69,66.9,Yes
14.6,75.5,71.5,nan
8.6,89.5,42.5,Yes
,98.1,60.8,No
16.8,128.1,74.8,No
2.6,90.4,67.4,Yes
6.4,62.7,79.5,Yes
10.9,97.1,42.9,Yes
11.6,68.6,69.7,No
15.5,61,76.5,Yes
14.3,87.5,60.8,No
10.5,103.3,59.2,No
11.5,62.9,85.2,No
11.7,81.3,21.2,Yes
2.7,84.1,57.6,Yes
9.2,,56.5,nan
11.2,46.4,74.3,Yes
12.3,46.9,80.2,Yes
5.4,100.6,81.1,Yes
3.7,65.7,55.7,Yes
8.8,62.4,68.9,nan
19.8,81.4,57.1,Yes
5.9,101,,No
15.9,51.7,69.1,Yes
17.9,37.2,64,Yes
10.2,104.5,67.9,Yes
6.6,85.3,79,Yes
12.6,53.5,69.9,Yes
11,66.2,60.6,No
5.7,55,62.1,No
6.7,87.8,76,No
12.3,95.5,49.6,Yes
14.7,88.4,79.3,Yes
8.4,78.3,36,Yes
9.7,82.6,66.1,No
13.3,60.2,55,No
9.1,66.1,107.8,Yes
8.5,75.1,30.1,No
6.2,150,60.1,No
6.1,75,,Yes
23.3,42.6,77.5,Yes
9,92.6,83.8,Yes
16.8,53.6,63.5,Yes
18.4,32.8,25.1,Yes
9.1,60.7,93.7,No
11.8,70.7,80,Yes
10.5,115.4,92.2,No
1.9,65.2,62.7,Yes
2.2,79.2,70,No
10.2,81.4,57,Yes
7.9,,32.8,No
19.5,72.9,58.8,No
8.8,69.7,51.5,Yes
19.8,76.7,63.6,Yes
7.6,83.5,41.2,No
19.6,92,74.6,No
12.5,57.9,70.1,No
12.8,84.7,33.1,nan
7.4,,,No
12.9,56.8,52.2,nan
18.5,110.1,77.3,Yes
,38.7,97,No
8.3,64.7,49.5,Yes
8.8,79.4,56.6,No
18.1,63,45.9,No
14.3,78,61.8,Yes
17.2,48.1,62,No
11.6,,79.7,nan
10.2,57.5,42.9,Yes
12.1,78,79.9,Yes
15.4,71.6,76.4,Yes
8.8,87.7,56.3,No
16.8,46.5,53.5,Yes
11.8,,,Yes
-2,73.6,53.6,No
14.4,55.6,59.7,Yes
3.6,77.8,,No
,69.4,60.1,Yes
14.5,84.7,,nan
11.6,80.8,67.3,No
12.7,37.9,84,Yes
15.5,104.5,62.2,No
7.5,31.6,50.3,No
,44,39,No
15.8,73.5,73.4,Yes
18.8,80.9,68.4,Yes
4.5,69.4,63.5,No
,64.2,67.4,No
5.2,73.4,,nan
5,85.5,69.6,Yes
11.8,52.1,69.7,No
10.4,52.7,86.4,No
15.7,57.7,65.8,No
,101.4,54.8,Yes
9.3,82.5,84.6,No
11.1,86.4,,Yes
5.7,106.8,46.7,No
6.4,90.7,71.2,No
15.6,78.1,74.7,No
7.3,106.2,53.1,No
15.9,,77.6,Yes
13,69.7,64.9,Yes
2.3,98.1,58,Yes
12.7,31.1,65.5,Yes
12.6,59.1,55.8,Yes
12.1,90.8,64.8,Yes
9.3,77.1,90.1,No
5.3,85.3,60,No
16.7,36.7,59.4,Yes
9.5,58.2,52.1,No
5.6,88,58.3,No
12.3,57,46.1,Yes
6.3,91.5,58.1,Yes
5.3,80.7,54.4,nan
8.1,51.6,61.3,Yes
6.7,81.9,49.4,Yes
5.4,90,102.2,Yes
14,82.2,52.9,No
9.4,85.7,58.9,No
16.3,40.4,68.9,Yes
5.7,120.1,71,Yes
1.4,131.4,76,Yes
10.7,103.6,61.1,No
,77.3,52.2,Yes
12.7,66.9,87.2,nan
26.1,67.3,51.7,Yes
11.7,90.7,61.8,No
11.2,96.4,65.8,Yes
-0.8,62,74.3,Yes
12.1,74.6,71.5,No
10.8,100.1,56.2,Yes
8,72.9,68.1,No
9.3,,41.7,Yes
9.7,102.5,98,No
9.1,99.3,52.9,No
20.4,91.1,78.5,Yes
8.1,53.6,50.4,No
10.8,53.9,74.6,Yes
8,,49.7,No
13.9,64.6,78.4,Yes
10.9,79.3,93.6,No
8.6,73.1,66.1,Yes
0.4,71.8,73.5,No
11.2,69.8,79.6,Yes
8.5,57.5,56.3,nan
9.7,65.8,79.2,No
4.1,123.7,58.2,No
17.2,89,97.5,No
14.3,75.4,46.8,No
17.2,45,67.4,No
15.7,55.2,49.6,Yes
13,74.2,82.9,No
4.3,102.2,102.4,No
19.2,79.6,69.3,Yes
5.4,79.3,94,Yes
8.7,97.2,77.5,No
13.5,,90.1,No
13.8,103.1,77.3,No
12.9,67.3,91.4,No
8,98.2,89.2,Yes
7,108.4,57.7,Yes
,56.9,58.1,Yes
9.8,75,62,No
9.2,90.8,55.8,Yes
6.4,69.3,73.4,Yes
11.2,69.8,87.1,Yes
11,67,72.9,No
9.9,37.8,60.3,nan
11.9,96.1,68.6,Yes
18.8,54.8,35.6,Yes
7,29.2,48,No
10.2,95.9,60.5,No
6.8,84.7,72.8,No
11.5,48.6,61.3,No
7.2,96.7,68.1,Yes
7.4,,61.5,Yes
2.7,75,59.1,Yes
10.5,68,47.9,No
12.1,72.6,71.7,Yes
19.3,79.1,58.2,No
12.3,59.2,67.1,No
7.8,97.4,55.5,Yes
3.2,86.1,73.8,No
3.9,72.3,66.7,No
3.5,109.9,69.1,Yes
19.4,,53.6,No
11.4,106,52.7,No
7.1,80.9,69.7,No
5.2,90.2,43.7,Yes
5.7,67.7,78,No
7,37.6,63.3,No
16.6,84.6,50.4,Yes
9.9,51.2,42.5,No
2.8,62.7,80.2,No
21.6,76.5,31.3,No
4.3,62.2,72.1,No
7,74.4,67.1,Yes
16.6,79,74.5,No
12.1,45.5,48.7,Yes
7.7,80.5,54.9,Yes
3.8,62.6,69.9,Yes
,53.6,65.8,No
5.5,35,78.2,Yes
10,43.9,64.3,No
,75.5,86,Yes
9.3,75.8,67.1,No
9.8,85.4,89.4,Yes
4.7,109.3,90.8,Yes
11.5,102.1,91.3,Yes
16.4,,53.9,No
9.2,98.7,83.3,No
9.1,78.6,64.7,No
10.4,78.3,64.7,No
15.6,105.7,77.3,Yes
5.5,79.3,59.7,Yes
17.3,79.8,40,Yes
12.1,98.3,65.4,No
10.1,69.5,93.4,No
16.1,72.3,59.8,Yes
4.1,47.8,63.9,Yes
12.6,65.7,70.9,No
12.2,68.4,59.5,No
5.3,69.5,62,No
12.3,91.2,66.9,No
11.4,54.8,,No
9.1,104.8,84.7,Yes
14.3,33.8,96.8,No
7.1,87,71.9,No
11.4,91.3,,No
9.3,,72.6,No
6.9,96.9,47.9,No
12.5,70.8,44.3,No
9,100.1,63.7,Yes
,61.2,83.9,No
1,62.9,86.1,Yes
13.9,116.4,70.9,Yes
3.9,78.5,75.5,No
11.4,94,68.5,No
10.3,84.9,63.5,Yes
8.2,89.5,47,Yes
19.8,34.9,82.9,No
10.9,82.5,58.7,No
,75.3,77.4,No
11.4,94.5,64.5,Yes
8.8,,50.7,Yes
9.9,98.9,52.6,Yes
17.3,50.9,56.3,No
15.4,,66.7,Yes
19.8,43.4,82.7,No
11.1,53.4,75.6,No
5.6,75.1,53.1,No
7.8,,45.3,Yes
4.1,75.7,75.1,No
13.8,49.3,94,Yes
7.1,32.8,79.4,No
-5.3,88.5,95.5,No
22.3,61.9,57.5,Yes
7.1,64.5,65,No
7.1,96.5,84.9,nan
18.4,72.3,40.5,No
,69,70.7,Yes
15.7,78.2,69.7,No
7.1,104.6,86,No
3.4,80.1,50.5,Yes
18.5,31.8,61.6,No
14.6,58.6,54.8,No
14.6,69.3,63.4,Yes
11.8,92.3,46.6,No
13,50.1,72.9,No
,78,67.5,No
10.6,73.4,60.9,Yes
5.4,95.3,69.2,No
3.1,55.1,71.6,Yes
12.1,78.3,,No
15.8,105.7,63.6,Yes
8.1,93,85,Yes
8.9,87,52.8,No
4.3,68.8,55.7,No
10,78,89,No
13.8,72.7,83.3,No
14,92.1,39.6,No
12.7,85.5,32.2,No
6.9,62.4,87.6,Yes
6.7,109.9,63.1,Yes
14,99.1,55.6,Yes
14.1,57.7,68.9,Yes
9.1,68.1,56.2,No
7.9,71.8,65.1,No
15.8,91.3,60.6,No
8.2,58.8,59.4,nan
13.7,61.6,36.1,nan
9.3,92.6,49.5,Yes
4.8,86.2,81.6,Yes
18.1,36,76.5,Yes
10.6,88.2,68.2,Yes
6.4,45.5,77,No
3,62.3,66.1,Yes
3.5,67.7,39.4,Yes
8.1,65.6,48.3,No
19.6,62,72.3,Yes
7.1,54.2,38.9,No
17.2,85.2,52.9,No
9.3,42.7,54.3,No
4.1,64.4,68.8,Yes
7.6,90.8,62,No
3.6,82.9,67.8,Yes
5.7,47.3,72.2,No
5.6,36.4,70.4,No
0.5,53.2,77.9,nan
17.6,31.4,67.5,Yes
11.1,76.8,50.1,No
6.6,65.8,46.3,No
11.1,67.3,71,No
5.8,85.2,200,Yes
-3.4,92.5,,Yes
24.8,79.8,55.1,No
10.9,70.5,63.9,No
7.1,61,42.2,Yes
0.3,68,43.9,No
2.5,79.1,108.9,nan
18.3,93.5,32.6,nan
17.5,47.2,49.3,Yes
,52.4,47.4,Yes
4.4,74.9,47.3,Yes
17.5,,58,No
12.2,80.7,45.2,Yes
13.3,96.1,75.4,No
12.2,122.2,66.2,Yes
2.5,76.6,71.7,No
,92.2,68.7,Yes
7.4,75.4,54.4,Yes
13.2,107.4,53.1,No
3.1,,84.7,Yes
9.1,81.6,66.7,Yes
9.1,87.1,66.8,No
14,82.8,,No
,59.6,66.3,No
4.9,47.5,43.2,No
17.2,95.4,70.6,Yes
4.2,80,103.4,Yes
15.5,76.5,66,No
7.2,92.8,91,No
10.8,91.9,67.2,Yes
11.1,82.2,69.5,Yes
11,87.7,69.8,No
13.4,64.5,35.9,Yes
12,85.7,42.3,Yes
13.9,43.6,62.3,Yes
,75.4,91,No
3.7,89.9,58.1,Yes
11.3,60.6,72.8,Yes
7.2,77.8,51,Yes
4.5,81,79.2,Yes
8.6,,42.9,No
10.9,97.6,81.2,Yes
11.2,81.4,64.4,Yes
15.3,41.5,62.2,nan
16.5,76.8,75.4,Yes
11.7,104.1,85.2,No
12.6,74.9,41.6,Yes
10.5,62,75.3,No
13.8,64.1,40.2,Yes
12.4,71.8,55,No
9.7,50.8,27.2,No
20.8,103,61,No
7.3,93.5,68,No
17.3,96.5,79.4,Yes
3.2,44.9,69.8,No
14.1,,65.8,No
17.2,96.6,78.9,No
0.5,56.1,85.2,nan
10.7,73.6,80.7,nan
13.6,53,96.3,Yes
11.3,91.7,57,No
11.9,70.7,84.2,No
10.7,73.2,43,No
4.5,52.4,,Yes
21.8,,64.8,No
7.5,76,,Yes
12.2,90.8,75.6,Yes
6.8,,71.9,Yes
-1.4,56.8,88.6,No
5.4,42.2,73.1,No
2.8,,72.1,No
15.5,97.1,48,Yes
7,35.6,61.2,Yes
7.4,114,78.9,No
4.7,91.7,109.1,No
10.5,78.8,52.4,Yes
6.4,72.7,82.7,Yes
15,92.2,65.2,nan
11.5,50.6,66.8,No
7.1,83.8,52.7,Yes
14.3,81.2,57.8,No
10,110.9,63.6,Yes
10.1,67.7,78.3,Yes
2.7,75.9,87.6,No
,73.7,57.8,No
11.6,64.7,56.7,No
16.7,104.6,76.3,No
6.2,55.5,61.3,Yes
21.4,44.6,81.1,Yes
12.8,79.9,74.6,nan
2.4,60.5,56.1,Yes
5.8,80.1,78.9,No
17.1,87.7,72.5,No
16.2,77.9,61.6,No
10.1,75.5,,No
10.7,33.8,50.1,No
4.2,86.2,58.9,No
16.6,78.9,76.8,No
5.1,112.5,60.9,No
14.2,97.7,71.8,Yes
16.8,45.4,43.2,Yes
10.2,96.2,64.1,No
14.8,49,68.7,No
19.2,91.7,55.7,No
11.3,104.1,66.7,No
9.1,112.3,68.4,Yes
9.7,67.1,49.6,No
6.3,89.1,22.5,No
6.2,95.2,51.4,No
12.2,84.4,33.4,Yes
9.2,41.6,75.9,Yes
11.6,78.1,82,Yes
2.6,86.4,,nan
9.5,75,49.1,No
15.2,57.8,59.4,Yes
4.4,71,55,nan
10.1,93,53.7,Yes
0.7,82.9,39.2,Yes
3.5,84.3,,No
14,70,51.2,No
8.5,83.5,41.4,Yes
19.1,32.9,57.7,Yes
12.2,74.1,67,Yes
12.7,67.4,61.6,No
,75.5,72.5,No
8.1,51.5,94.1,No
,82.4,64.2,No
4.7,113.4,86,Yes
13.3,76.6,,No
14.3,75.9,15.2,nan
12,125.2,52.3,Yes
5.9,56,58.9,No
11.7,,47,Yes
0.4,106.6,74.2,No
16.6,67.2,55.7,Yes
3.5,92.1,62.4,Yes
4.4,78.3,64.4,No
10.6,53.5,83.2,No
,71.7,55.8,Yes
9.6,74.4,57.6,Yes
4.4,62.3,83.4,No
15.7,42.9,87,No
1.6,66.8,87,Yes
2.6,45.1,86.2,Yes
9.5,85.8,30,No
3.7,86,50.3,No
16.1,49.5,95.8,Yes
4.1,76.6,73.5,Yes
17.8,48.1,91.4,Yes
15.2,67.8,78.5,Yes
16.2,61.6,72.8,No
19.4,84.6,73.3,No
10.4,42.6,62.7,No
4.9,94.7,65.6,No
9.5,99.6,48.1,Yes
7.2,72.1,56.7,Yes
6.5,,58.5,Yes
10.8,33.1,70.6,No
8.4,96.9,75.9,Yes
6.2,114.7,79.2,No
8.8,75.9,93.6,No
-1,51.7,79.2,nan
14.8,53.1,76.9,Yes
2,98.6,45.1,No
8.5,78.4,40.8,No
9.3,55.6,70.4,nan
4.1,121,60.5,No
9.4,95.9,67.2,Yes
10.7,86,48.6,Yes
12.6,63.8,65.1,Yes
10.4,99.8,57.6,No
5.6,92.6,71.9,Yes
20.1,72.9,74,No
14.1,96.8,69.8,Yes
12.8,95.9,48.1,Yes
15,80.5,62.9,No
11.2,52.1,90.4,No
16.4,,57.4,Yes
10.3,43.3,54.9,Yes
10,101.5,76.6,Yes
13.2,45.8,56.6,nan
17.9,75.7,51.5,No
17.6,43.2,54.7,Yes
13,108.7,79.5,No
12.6,51.7,62.1,Yes
13.5,81.5,77.2,No
14.9,43.6,82.7,Yes
16.5,92.4,58.5,Yes
8.8,96.7,62.6,Yes
16.6,75.4,61.5,No
11.7,73.7,53,No
13.3,91.2,80,Yes
16.9,62.8,58.7,No
13.7,96.8,49.4,Yes
,80.9,90.6,Yes
8.1,43.5,61.6,No
17.5,111.9,64.1,Yes
13.5,,56.4,Yes
10.6,68.2,47.8,No
15.5,78.3,42.6,Yes
22.9,60.6,78,No
4.2,71.9,56.5,Yes
6,90.8,33.3,No
23.4,88.8,52.7,No
,87.4,60.7,Yes
11,63,53.9,Yes
9.4,57.8,72.5,Yes
16,82.8,58.7,No
23.1,90.4,77.9,No
6.7,60.3,78,Yes
9.5,70.4,49.9,No
8.2,82.8,54.1,No
13.7,73.1,80.8,No
16.1,98.1,69.3,No
18.1,48.8,75.4,No
13.8,45.9,75.5,No
22.6,96.9,54.8,No
7.1,87.3,102.4,No
5.8,76.8,79.8,Yes
17.3,68.3,58.6,No
10.6,84.4,80.5,Yes
3.1,78.8,63.3,No
8.4,81,66.8,Yes
11.3,,55.7,No
6.8,85.7,51.7,Yes
4.9,93.4,,No
9,93.1,54.5,Yes
,84.1,53.4,No
13.2,74.9,60.2,Yes
0.3,83.9,48.8,Yes
10.5,98.9,65.8,No
12.6,71.9,57.2,Yes
9.5,69.6,80,No
15.5,84.9,80.4,No
3.1,89.8,64.8,No
6.5,73,52.5,Yes
8.3,84,61.9,Yes
,58.2,59.5,No
11.1,,88.7,No
20.7,106.1,60,No
6,87.2,68.4,nan
3,62.1,74.7,Yes
18.9,64.7,86.8,nan
2.8,50.1,59.7,nan
13.4,107.5,43,nan
,55.1,,Yes
-0.3,24.4,82,Yes
,46.9,70.7,Yes
14.5,76.1,56.8,No
3.9,60.7,59.9,No
12.9,77.6,52.1,Yes
13.8,81.8,61.6,Yes
3.6,62.5,52,No
8.9,56.6,70.9,Yes
17.9,93.2,72.5,No
,81,66.3,Yes
8.7,21.5,78.2,nan
12.1,44.3,83.4,Yes
6.6,39.1,86.6,No
15.6,71.8,66.9,Yes
15.6,79.1,56.9,No
10.6,71.6,32.1,No
11.2,62.4,58.2,No
5,95.4,45.9,No
,81.4,65.4,No
8.1,56.8,77.2,Yes
9.6,58.1,76.1,No
15.3,59.8,77.4,Yes
14.6,68.1,42.7,Yes
10.9,75.7,42.9,No
16,83.3,84.3,No
5.3,58.5,34.6,No
15.4,47.9,75.5,No
6,82.9,62.1,Yes
16.2,91.6,60,No
9.9,109.2,67.9,No
,83.1,92.1,No
13.7,60.4,53.1,No
14,87.2,59,nan
7.7,72,81.9,No
8.1,48.1,51.8,Yes
9.2,74,77.7,Yes
0.4,80.7,,Yes
-1.8,103.7,,Yes
16.5,76.4,66.7,nan
5.9,58.7,66.3,No
19.3,37.3,68.2,No
16.9,50.4,75.4,No
17.8,55.6,73.9,No
6.7,108.3,65.1,Yes
2,71.2,82.2,No
4.6,73.2,59.4,Yes
7.8,97,69.4,No
-1.9,87.1,51.9,Yes
7.6,69.8,34.1,Yes
9,97.9,53.3,No
3.5,61.3,,No
4.8,80.7,40.9,No
8.9,49.9,51.6,No
,,90.9,No
5.5,95.4,60.7,Yes
11.5,92.4,71.8,Yes
10.7,93,52,No
10.2,,200,Yes
6.7,69.6,49.8,No
3.3,56.9,80.9,No
18.5,84.1,60.6,No
13.2,57.4,66.8,No
15,52.3,54.3,No
9.6,70,76.2,Yes
9.2,114.6,86.1,No
12.5,88.8,98.7,No
0.8,82.6,74.8,Yes
4.4,41.5,50.5,No
6,62.5,36.9,Yes
7.7,103.7,84.8,No
5.6,69.6,37.3,No
11.7,118.9,63.9,Yes
10.4,84,80.2,Yes
17,72,,Yes
22.4,68.7,51.5,Yes
3.7,73.7,67.4,No
10.7,46,63.2,Yes
10.7,94.5,54.1,No
9.9,,83.7,No
4.6,69.9,73.6,Yes
5.4,72.8,47.1,Yes
11.2,91.2,62,Yes
5.3,115.6,59.3,nan
10.8,105.6,71.5,No
8.8,78.7,93.6,No
10.7,,70,No
5.2,44.3,60.8,Yes
10.8,77.5,63.5,No
5.6,59.3,,No
10.8,78.1,39,Yes
16.7,80.8,81.7,No
11.3,89.3,67.5,Yes
11.6,51.6,63.1,Yes
14.1,,,Yes
3,68.7,64,No
,80.2,50.7,nan
4.7,79,40.6,No
14.4,126.6,73,No
13.7,29.8,53.8,nan
5.5,97.2,68.4,No
15,96.2,62,Yes
12.5,56.7,84.4,No
19.4,65.6,72.1,No
11,110.2,81.5,No
9.5,62.6,76.4,Yes
7.4,62.9,91.4,Yes
1.3,77.4,41.5,Yes
8.4,85.2,87,No
8.6,95,53.1,Yes
11.3,95.8,48.6,No
2.9,90.6,46.2,Yes
8.8,36.8,58.8,No
12.9,74.2,71.4,No
13.4,88.3,85.8,nan
0.7,88.7,36.4,Yes
13.5,60.8,,No
8.8,54.5,50.2,Yes
9.1,53.2,46.2,No
-1.8,84.3,56.7,No
17.5,95.1,66.4,No
10.9,77.8,55.1,No
2.3,53.6,46.5,Yes
11.9,78.6,58.8,No
11.7,56,73.7,Yes
16.1,60.3,71,Yes
8.5,67.6,57.3,Yes
10.1,59,62.3,No
6.8,52.4,53.4,No
13,106,68.4,No
6.1,37.2,78,No
5.5,63.2,53.1,No
9.7,70.7,57.4,Yes
,99.6,73.5,Yes
18,80.9,102.9,Yes
19.6,69.4,75.3,No
7.7,60.2,62.3,No
,97.9,49.4,Yes
11.7,58.9,80.9,No
7.6,79.2,52.7,Yes
15.9,71.6,61.9,Yes
6.1,84.6,59.2,No
12.7,106.4,63.7,Yes
10.6,89.1,50.7,nan
6.6,72.4,,No
11.2,108.5,71.6,Yes
14.4,,60.4,Yes
10.4,97.8,61.4,Yes
10.5,,59.9,No
5.6,59.6,66.8,No
15.7,27.7,53.3,No
15.2,79.2,49.3,Yes
7.9,90.5,61.6,No
9.4,48.3,74.6,Yes
17.1,83.3,88,Yes
4.3,66.1,67.7,Yes
13,85.2,77.2,Yes
7.2,62.7,77.2,Yes
18.9,60.5,69.8,Yes
10.3,73.8,71.9,Yes
,51.5,59.1,No
6.2,94.2,54,No
3.8,75.4,50.7,Yes
8.8,52.1,62.2,No
11.3,62.7,69,No
7.4,86.8,59.8,Yes
13.8,69,64.3,Yes
9,89.2,,No
-0.4,55.1,99,Yes
12.8,,89,nan
5.6,73.6,62.4,No
8.2,119.5,69.3,Yes
17.8,60.4,89.9,Yes
18.9,87.5,76.9,nan
7.1,84.4,56.4,No
12.9,110,72.7,No
7.2,102.2,44.3,Yes
8.6,65.7,69.1,Yes
7,54,69.4,No
1.4,46.7,37,No
10.5,79.7,80.4,Yes
11.4,95.3,71.6,nan
6.6,,60.1,No
15.4,69.8,61,nan
7.8,75.9,77.7,Yes
6.8,103.5,56.2,Yes
12.6,59.7,55.6,No
2.3,25.5,53.8,No
14.5,98.1,76.8,Yes
8,51.8,74.6,Yes
14.9,69.2,47.9,Yes
16.4,84.1,67.3,Yes
,65.8,69.4,Yes
5.9,96.6,82.8,No
3.7,128.4,58.9,Yes
2.8,58.9,57.1,No
15.5,77.7,72.9,No
9.3,75.1,57,No
7,81.3,75,No
9.3,62.9,68.5,No
15.4,62,39,No
13.9,62.5,61.2,No
12.2,65.8,68.2,nan
13.2,66.1,75.6,No
10.9,24.9,57.5,No
11.5,76.8,52.7,Yes
11.1,69,52.2,nan
10,60.6,67.9,No
13.8,76.9,65.4,No
11.8,74.9,54.6,No
5.6,67,,No
12.6,75.2,68.1,Yes
11.2,63.4,56.3,Yes
13.1,51.6,56.3,Yes
9.5,114.2,91,Yes
14.1,65.1,32.8,Yes
9.7,80.3,42,Yes
13.6,126.9,61.9,Yes
,66.7,79.8,Yes
8.1,84.2,52,No
13,121.5,73.7,No
8.3,42,38.6,No
21,101.7,61.1,Yes
12.8,79.4,69.5,Yes
10.1,64.9,77.9,Yes
14.1,76,,Yes
7.6,67.8,36.8,No
14.6,106.5,65.2,Yes
14.5,74.7,54.2,Yes
16.3,89,63.4,Yes
7.8,64.4,60.3,nan
3.9,80.8,75.4,Yes
6.9,67.3,64.6,No
8.6,46.6,68.6,No
18.3,101.2,65.9,No
21,82,31.7,No
11.7,90.4,65.6,Yes
10,60.4,64.4,Yes
8.3,98.7,72.3,Yes
14.1,84.4,72,Yes
20.9,78,37.9,No
18.9,95.6,48.7,nan
15.7,68.4,66.2,Yes
15.6,100.9,73.1,No
14.2,61.8,60.3,Yes
,75.7,72.6,No
6.3,56.3,94.4,Yes
9.9,52,72.5,No
12.1,65.7,85.9,Yes
2.7,71.8,60.9,No
9.2,86,74.3,nan
5.9,62.1,80.3,Yes
15.1,86.7,80.6,Yes
7.3,68.6,34.4,Yes
11.6,65.1,56.3,No
6.5,87.6,77.9,Yes
18,64.1,43.1,No
1.5,,,No
12.4,83.6,73.7,Yes
3.6,47.6,,No
7.5,72.6,47.7,No
11,62.1,85.6,No
11.3,42.2,57.5,No
11.1,96.2,48.3,nan
10.8,96.6,48.5,No
6.8,60.5,83.8,No
,89.2,69.9,No
,92.5,84.8,nan
11,74.7,61.2,No
9.7,94,66.4,No
13.6,80.9,51.5,No
10.5,97.9,78.8,No
11,51.6,49.5,Yes
8.1,78,,Yes
4.7,79,48.3,nan
10.8,51.9,44.9,No
16,53.8,70.2,Yes
12.2,43.3,,Yes
5.9,75.9,57.4,Yes
14.1,66.2,80.7,Yes
8.3,49.2,87.4,No
13.6,99.3,66.2,Yes
8.2,83,,Yes
11.8,60.5,60,Yes
7.4,79.1,71.4,Yes
7.5,70.2,30.1,No
2.2,43.8,63.6,Yes
12.6,80.5,48.9,No
11.9,107.8,69,nan
12.1,103.2,61.8,No
11.4,77.1,66.4,No
6.2,66.3,67.7,No
14.8,86.3,71.2,Yes
15,80.3,53,nan
6.1,72.2,82.7,No
12.7,112.2,67,Yes
14.4,67.1,67.9,No
7.6,94.1,64.3,No
8.5,77.9,56.4,Yes
12.7,78,73.7,Yes
2.4,42,68.4,Yes
4.6,97,95.9,Yes
5.1,91.7,53.9,Yes
1,78.8,86.1,No
15.4,95.7,64.7,No
,83.3,,No
11.7,49.1,51.9,No
14.1,55.6,70.7,No
8.5,73.8,62.3,Yes
6.7,41.2,72.2,No
11.2,97.4,51.2,Yes
10,70.7,68.2,nan
15,77.7,65.3,No
-3.1,55.4,58.3,Yes
5.4,87.9,66.6,Yes
12.8,72.1,64.9,Yes
10.3,68.5,73.2,Yes
13.8,103.2,78.2,No
11.3,,72.5,No
9.3,90,67.4,Yes
8.5,79.2,49.4,Yes
21.6,64.7,54.9,Yes
17.7,69.2,78.3,Yes
12.5,68.3,71.4,Yes
10.4,82.8,59.2,No
12.7,74.4,,Yes
14.1,74.9,55.3,Yes
12.1,105.8,52.2,No
6.2,97.9,80,No
18.9,59.4,85.2,No
11.2,80.9,57.5,Yes
20.1,59.5,75.9,No
10.9,87.1,78.1,Yes
8.8,113.6,67.1,Yes
16.9,67.9,62.1,Yes
11.5,90.8,56,Yes
,107.3,67.3,No
4,72.3,,No
13.3,84.9,80.9,Yes
7.5,109.3,81.4,No
7.8,56.3,64.3,Yes
7.5,54.3,72.9,No
12.2,50.1,71.2,Yes
2.3,90.1,88.5,Yes
8.9,54.7,65,Yes
14.9,86.2,71,Yes
3.8,102.2,63,No
10.9,61.8,74.5,Yes
6.8,59.8,58,No
8,88.4,47.3,Yes
18.3,76,94.9,Yes
1.7,27.7,54.9,Yes
13.8,,47.2,nan
7.6,86,71.6,Yes
7.4,67.4,65.8,nan
4.4,66.6,48.9,Yes
13.8,89,67.3,No
9,74.1,,Yes
8.4,76.1,46.3,Yes
10.5,,72.1,nan
9.1,58.6,66.6,Yes
0,67.8,74.5,Yes
7.5,71.2,52.9,Yes
14.5,59.8,77.8,nan
2.5,80.5,50.5,No
4.6,84.7,65.7,Yes
7.9,108.7,58.3,Yes
6.4,59.8,52,Yes
9.9,92.8,74,Yes
4.5,103.5,72.7,No
,94,61.6,Yes
9.8,65,62,Yes
13.2,68.8,65.6,No
16.2,105.4,66.2,Yes
8.7,71.3,51.7,No
19.4,74.4,61.1,No
9.1,65.3,,No
14.1,90.5,73.6,Yes
19.7,25.8,30.6,Yes
10.7,58.8,63.2,No
3.1,55.4,75,No
10.5,106.8,67.9,No
6.9,79.6,54.6,No
8.6,71,26.2,Yes
19.9,70.9,70.1,No
3.9,47.4,79.2,Yes
11.5,102.1,63,No
5.6,68,77.7,Yes
8.5,86.9,68.3,No
13.7,61.9,64.7,Yes
11.6,73.8,72,Yes
8.9,56.6,65.2,Yes
6.8,70,83.9,No
11.6,95.8,74.6,No
18.5,77.1,65.8,Yes
5.5,82.5,92.1,No
19.6,76.3,57.1,nan
16,107.6,72.4,Yes
16.8,58.7,73.1,No
11.5,72.2,80.5,No
15.9,78.8,70.4,No
5,55.1,61.8,Yes
,77.5,64.4,Yes
13.8,75.6,72.3,Yes
11.5,77.3,97.8,Yes
9.3,77.4,42.6,No
-2.5,61.6,79.9,No
7.8,42.5,81,No
4.1,78.7,77.5,nan
12.5,57.1,66,nan
9,,58.6,Yes
6.9,60,57.9,Yes
23.2,45.4,79.4,No
15.2,82.2,78.2,Yes
15.3,89,41.5,No
21,97.1,52.6,No
14,66.1,63.1,No
6.1,75.8,57.5,No
5.6,81.8,75.1,Yes
14.8,95.4,57.4,Yes
-0.3,40,107.2,No
9.6,45.6,58.2,No
-0.9,102.8,52,nan
10.5,41.3,80.6,No
14.3,93.3,61.3,No
11.4,,78.5,Yes
14.7,91.1,84.8,Yes
19.8,,81.1,Yes
9.3,57.2,58.5,Yes
24,73.8,42,Yes
11.1,110,89.7,No
14.7,109.9,45.2,Yes
6.9,81,95.6,Yes
18.1,43.1,63.1,Yes
15.2,78.2,61,No
17.4,70.8,57.3,Yes
10.3,75.5,66.1,Yes
,41.9,55.4,Yes
12.3,79.9,71.7,No
1.5,44.9,63.9,No
8.3,24.4,48.7,Yes
11,79.5,50.7,Yes
21.9,113.4,60.6,No
11.6,58.3,32.1,No
10.7,65.5,41.3,Yes
9.7,92.9,83.8,No
,98.3,83.2,No
10.4,77.1,79.1,No
10.5,60.8,75.2,Yes
5.2,101.5,72.1,Yes
4.1,50.4,72,No
7.6,64.6,55.2,No
10.3,86.8,80.7,Yes
7.7,43.6,50.9,No
4.7,82.8,103,No
11.4,97.8,57.4,Yes
12.7,108.5,50.9,Yes
10.6,,114.3,Yes
,66.2,49,Yes
13,89.3,,No
9,62.6,70.2,No
4.1,68.8,74.8,Yes
15.2,81.4,82.4,Yes
11.8,82.4,,Yes
9.4,36.9,42.1,No
2.1,51.7,70.1,Yes
6.3,38.3,69.7,No
20.1,41.6,,Yes
2.5,52.6,64.9,Yes
8.7,70.6,52.6,No
9.9,72.5,,Yes
11.6,32,63.3,Yes
2.5,56.3,46.9,No
10.9,44.6,56.7,Yes
1.6,71,57.8,No
10.5,61.9,61.1,No
6.7,100.2,100.7,Yes
5.7,72.2,50.7,Yes
14.2,62.9,23.9,Yes
8.8,,70.1,Yes
12.4,62.1,52.6,No
12.5,101.8,82.2,Yes
16.3,68.3,62.6,nan
4,84.1,66.4,Yes
14.6,90.8,44.9,No
10.1,61.8,,Yes
8.1,38.9,84.2,No
4.3,65.4,78.2,Yes
13,87.7,67.7,No
5.4,41.1,46.6,No
12.6,80.1,72.4,Yes
19.6,91.8,70.8,No
14.9,102.8,84.3,Yes
17,88.6,69.5,Yes
6.4,80.9,73.6,No
13.8,78.7,59.4,No
4.3,50.8,56.5,No
8.8,56.1,72.2,Yes
18.7,40.4,68.9,Yes
7,76.4,69.1,Yes
15.6,83.8,67.1,Yes
15.1,77.4,34.1,Yes
15.4,80.7,74,No
3.7,90.2,75.2,Yes
12.6,48.5,56.1,No
9.2,76.3,,No
15.4,79.9,62.6,Yes
1.7,65.6,66.8,No
11.8,32.5,54.7,Yes
11.1,54.5,64.6,Yes
0,64.8,41.1,No
5.6,78,60.6,No
,75.7,92.5,No
6.4,113.5,67.5,No
12.7,93.9,60.2,Yes
11,74.5,59.7,No
10.8,77.4,54.8,No
4.8,100.4,66.9,No
15.6,101.2,50.1,Yes
9.9,81.7,76.5,Yes
10.2,109.7,77.9,Yes
14.7,57,75.4,No
5,74.4,79.6,Yes
11.1,138.3,79.2,No
12.1,89.2,69.9,Yes
7.3,72.2,85.1,Yes
13.3,77.1,72.2,No
12.4,78.6,,Yes
,108.4,64.1,Yes
9.3,91.1,78.4,No
12.6,73.4,72.1,No
13.9,41.5,57.1,No
10.3,60.5,65.8,No
15.6,76.2,53.5,Yes
,72.4,77.3,Yes
1.1,96.9,85.1,Yes
3,70.4,41.4,No
15.9,91.8,71.2,nan
8.8,45.6,49,No
10.8,64.5,,Yes
15.7,88.9,84.6,No
10,116.3,81.9,Yes
,72.2,,nan
5.7,91.6,57.5,No
11.8,101.7,60.8,No
,94.1,55.8,No
7.1,90,94.8,Yes
5.4,67.9,94.2,Yes
23.1,105.4,77.4,No
9.5,48.6,,Yes
6.6,49.7,46.5,Yes
13.5,112.3,61.9,No
9.7,82.2,65.3,No
4.6,50.2,54.8,Yes
12.4,46.3,85.5,No
5.7,45.5,93,Yes
17.9,115.7,62.7,No
12.5,73.4,80.5,No
,64.7,,No
10.5,107.6,53.8,Yes
14.5,80,82.5,Yes
10.9,68.5,88.7,No
20.6,96.2,73.5,Yes
15.7,87,58.5,No
12.4,87,77.4,Yes
5.3,,61.4,No
9.3,57.1,78.5,No
12.4,54.8,87.3,Yes
5.9,77.1,55.5,Yes
16.5,75.2,74,No
5.1,84.7,60.9,No
6.8,66.5,82.7,Yes
7.2,100.6,65.8,Yes
13.7,48.5,87.9,Yes
6,83.4,102.4,Yes
1,56.8,53.2,No
15.4,70.1,70.1,Yes
7.8,56.6,83.3,nan
4.7,67.6,62.3,Yes
6.2,53.6,,No
18.6,,,Yes
,94.3,41.9,No
9.4,47.2,76.3,No
7.8,88,76.5,Yes
3.8,150,,Yes
6.3,89.6,59.9,Yes
3.5,74.5,62.6,Yes
14.8,53.2,75.6,Yes
10.5,44.1,80.1,Yes
22.4,51.4,73,Yes
6.5,51.5,48.7,nan
5.7,80.5,60.7,Yes
17.7,46.7,62.3,No
15.3,70.9,61,Yes
11.9,75.8,,No
4.4,68.9,84.8,Yes
18.7,69.6,79.7,No
9.6,100.5,86.2,Yes
,85,66.2,No
15.7,89.1,57.7,No
9.9,67.6,47.8,Yes
4.2,90.7,60.6,Yes
10.2,81.1,53,No
6.1,79.2,92.7,No
-5,67.2,78.1,Yes
5.6,79.7,51.3,Yes
7.4,117.2,62.5,No
4.2,87.1,56.7,No
12.9,109.2,55.6,Yes
6.1,37.3,59.5,No
12.4,76.4,60.2,No
3.8,91.4,58.8,Yes
14.5,82.7,65.9,No
3.6,85.3,60.7,Yes
-1.7,67.2,82.4,Yes
16.2,99.2,65.5,No
5.7,43,,Yes
18.8,72,58.5,Yes
-1,77.5,63.2,Yes
14,63.5,46,Yes
15.2,75.6,61.2,No
10.6,35.7,200,Yes
10.6,49.1,54.5,Yes
16.4,100.4,70,Yes
10.6,79.9,83.4,No
6.4,67.4,69.2,No
12.9,94.6,60.1,No
-0.6,102.7,,Yes
16.6,111.2,64.6,No
16.7,37.3,78.2,Yes
16,102.7,69.8,Yes
15.8,51.8,41.1,Yes
9.6,81,,Yes
9.5,87.2,68.6,Yes
3.9,107.2,80.9,Yes
18.7,84.4,77,No
7.6,80.6,78.8,Yes
11.7,58.2,,No
11.3,41.2,55.4,nan
3.3,57.7,56.4,No
1.3,103.1,54.5,Yes
10,75.7,97.9,No
7.7,108.2,92.5,Yes
9.6,60.7,47.1,Yes
15.3,90.7,71.2,Yes
,78.4,63.2,No
13.8,100.9,60.6,Yes
12.2,70.5,74.3,No
-1,72.4,57.6,No
5,99.3,58,No
11.3,33.2,72.6,Yes
10.4,72.1,85.2,Yes
14.6,41.8,95.9,No
9.2,74.4,73.1,Yes
8.5,66.6,52.2,Yes
8.9,87,76.1,No
5.4,84.3,59.4,No
17.2,69.3,65.4,No
,55.8,88.7,Yes
3.9,,86.3,No
14,101.1,78.8,Yes
0.8,55.4,90.2,Yes
14.9,44.9,30.2,No
6.5,38.1,54.9,Yes
11.8,44.3,75,nan
0.4,74.9,64.7,Yes
4,46.9,82.4,Yes
12.3,67.5,47.5,Yes
6.5,84.2,83.4,Yes
5.8,32.4,73.3,Yes
17,94.7,67.2,No
21.1,103.5,40.8,No
14.7,112.3,98.6,No
4.5,104.5,,No
18.8,123.3,44.6,No
2.2,79.6,74.8,No
8.5,91.1,82.1,Yes
10.3,70,63.6,No
19.6,,52.6,Yes
14.6,77.7,58.4,Yes
7.7,41.7,71.6,Yes
5.3,44.9,56.6,No
15,111.2,83.8,No
7.3,78.1,53.2,No
11.1,103.4,41.5,No
,63.7,88.9,No
12.8,57.2,54.9,No
12.4,73.3,72.7,Yes
3.8,90.7,73.3,No
15.2,102.8,55.4,Yes
12.8,78.7,74.5,Yes
13.7,88.1,58.7,Yes
8.1,72.1,54.7,Yes
10.9,104.1,64.3,No
10.3,104.4,91.4,No
9.3,59.3,69.8,Yes
10.9,82.7,79,Yes
16.3,55.1,66.2,Yes
15.4,91.3,57.2,Yes
4.1,,70.2,Yes
14.9,59.1,63,Yes
16,34.2,58.4,No
9.2,96.7,76.5,No
12.5,78.9,71.6,No
12.5,80,55.7,Yes
5.8,91.6,78.4,Yes
8.1,59.8,64.9,Yes
13.8,56.6,77.7,Yes
7.5,86,55.1,Yes
14.9,98.2,52.1,Yes
16.5,85.6,58.1,No
15.7,107.1,,Yes
19.9,86.3,62.2,No
9.5,85.2,84.1,No
10.9,91.4,53.1,No
11.6,70.4,35.3,No
,50.2,64.9,Yes
12.7,75.4,72.6,Yes
1.4,89.3,59.7,No
11,57.8,68.3,No
3.1,46.9,53.4,No
5.2,,51.1,No
13.7,101.7,73.5,Yes
,84.9,74.2,No
13.5,72.5,73.8,No
8.9,55.6,,No
15.5,80.5,71.3,Yes
8.8,78.7,62.8,No
0.2,84.1,75.5,nan
11.1,125.1,52.6,Yes
-0.8,84.9,83.7,Yes
2.7,61.1,78.5,Yes
5.6,47.3,42.7,No
5,63.8,77.3,Yes
7.3,65.9,77.3,No
4.8,91.6,101.1,No
3,62.6,49.4,No
17.7,55.2,45.1,No
6.6,85.8,80.3,Yes
-1.2,62.6,71.7,Yes
8.2,86.5,44.8,No
4.4,58.1,95.5,No
5.6,65.6,59.7,No
13.6,63.4,58.9,No
7.8,,76.7,Yes
4.2,72.1,99,Yes
12.2,50.6,57.8,Yes
15.7,48.9,74,nan
,68.7,50.2,Yes
-2.3,46.7,64.4,Yes
4.4,66.7,91.2,No
10.2,80.1,87.3,Yes
8.8,51.4,58.3,No
8.4,,78.6,No
5.1,102.7,,nan
3,96.7,63.8,No
20,88.4,38.3,Yes
10.1,,58.7,No
13.2,79.8,,nan
10,82.4,69.6,No
10.2,62.9,,No
9.7,74.5,31.4,No
4.4,78,70.2,Yes
2.4,87.8,73.8,No
11.9,43.2,53.9,No
10.9,79.2,30.3,nan
14.7,96.2,60.3,Yes
13.7,,52.3,No
6,72.8,43.8,No
15.7,37.7,62.4,No
13.8,76.3,59.2,nan
13.5,45.2,53.3,No
21.2,63.9,69.7,Yes
20.2,74,66.7,Yes
13.4,62.9,,No
12.8,71.7,68,No
15.4,82.5,63.7,No
7.1,74.2,51,No
7.2,77.8,66.2,Yes
13.4,37.6,74,No
5.7,71.8,61.7,Yes
13,30.6,102.2,Yes
10.8,67.1,64.5,Yes
5.7,111.8,71.5,Yes
10.1,93.7,68.1,No
16.5,46.4,74.4,No
10.4,64.1,73.9,Yes
10.4,71.5,56.1,nan
11.6,85.1,68.8,Yes
12.3,92,60.6,Yes
8.3,107.6,56.5,No
11.8,55.9,62.2,No
4.8,79.4,62,Yes
6,39.7,84.7,Yes
6.6,83.2,52.7,No
12.3,84.9,68.7,No
10.8,75.4,68.5,Yes
,88.1,61.2,No
13.5,57.8,82.2,No
11.9,48.6,72.9,nan
8.6,56,40.9,Yes
-1,,87.3,Yes
5.9,101.2,100.7,Yes
2.7,57.8,94.9,Yes
10.7,61.3,72.1,Yes
5.7,77.3,48.6,No
7.5,143.9,67.5,No
9.4,66,45.7,Yes
-1,94.3,80.3,No
14.6,71.4,73.5,No
9.7,64.2,98.3,Yes
16.3,48.4,77.6,No
-0.1,68.9,52.7,Yes
19.4,92,85.4,No
13.5,57.6,64.1,Yes
10.5,76.9,62.9,No
5.5,57.9,,Yes
,66.6,58,No
13,44.7,56.5,Yes
13.2,121.4,101.6,No
13.3,,83.5,No
6.4,68.5,74.6,Yes
5.4,100.8,66.1,Yes
11,73.2,43.7,Yes
13.8,84.2,80.4,Yes
10,106.2,57.4,No
17.4,104.5,61.6,Yes
10.2,52.1,78.6,No
10,75.3,41.5,Yes
13.4,100.5,63.2,No
,53.4,68.1,Yes
3.3,69.8,75.9,No
,69.1,58.4,No
8.4,85,,Yes
25.8,91.1,68.1,Yes
8.7,98,52,Yes
9.4,76.7,73.2,No
13.1,54.2,81.5,Yes
14.9,67.9,67.9,Yes
10.8,53.8,46.5,No
15.8,61.4,68.5,No
4,89.2,68.2,Yes
6.2,46.3,54,No
15.8,,85,No
10.1,92.8,68.2,No
3.7,88.7,68.1,No
3.4,59,65.5,No
5.9,57,91.3,No
,,88.3,No
12.3,82.5,60.2,Yes
8.4,58.7,79.1,No
11.9,74.2,64.5,Yes
7.8,96.7,75.7,No
16.1,57.1,,No
22.8,56.7,62.2,No
8,79.4,41.1,Yes
12.4,48,64.9,No
12,61.5,52,No
-1,66.3,45.1,No
13.3,21.9,66.7,Yes
12.4,76.7,48.9,No
7.6,87.3,55.2,Yes
16.6,114,94,No
11,86.9,50.3,No
8.1,54.5,60.4,No
22.2,66,49.4,Yes
9.4,112.2,86.1,Yes
11.3,84.1,68.3,nan
10.9,,82,Yes
9.4,,71.4,No
12.2,70.7,68.3,Yes
5.8,73.6,73.6,No
13,93.4,38.3,Yes
1.2,66.4,47.8,Yes
3.5,87.1,72.3,Yes
19.1,75,69.7,Yes
3.7,50.7,48.5,Yes
0.2,74.9,66.5,Yes
3.8,97.1,61,No
18.7,75.1,80.2,No
1,68.4,68.8,No
5.2,103.5,70.6,No
2.7,82.8,54,Yes
8.6,47.4,60.1,No
7.8,69.2,52.4,No
7.6,80.4,65.3,No
19.3,79.7,64.9,Yes
4,85.2,75.5,Yes
9.5,71.8,83.4,No
,70.8,64.1,No
5.1,75.3,31.5,No
12.4,90.9,85.3,Yes
8,61.3,74.9,Yes
,73.6,52.3,Yes
9.5,80,128,Yes
-0.3,64.2,66.2,No
16.5,84.2,55.6,Yes
20.4,82,58.5,No
,33.6,80,Yes
5.5,75.7,56,Yes
17.5,103.3,42.9,No
19.5,104.9,84,Yes
9.2,88.6,64.7,No
8.9,100.4,,No
9.6,71.9,78.5,No
1.6,86.4,66.9,Yes
8.5,78.3,60.2,Yes
18.6,88.4,61.2,Yes
9.2,111.9,70.6,No
4.8,95,82,No
12.5,68.2,71.7,No
6.7,106.6,91.7,No
9.7,80,44.6,Yes
3.7,88,51.2,Yes
4.8,70.3,38.1,No
13.7,89.7,58.5,No
10.6,83,90.2,No
6.1,97.6,74.5,No
10.6,65,77.2,No
7,94,69.9,No
,26.2,55,No
15.8,62.7,87.3,Yes
13.9,48.1,56.9,No
9.9,81.7,62.4,Yes
10.7,94.2,93.7,Yes
10,74.8,73.3,Yes
12.4,102.1,78.2,nan
6,,58.1,Yes
14.3,47,44.3,Yes
11.8,89.5,44.9,Yes
8.7,98.4,55.7,Yes
,77.1,60.8,No
14.2,111.4,64.9,nan
9.2,85.2,68.4,No
6.5,83,66.7,No
,66.4,75,No
13.8,48.9,69.2,No
,69.7,80,Yes
8.2,106.6,71.5,No
15.4,78.8,67.1,Yes
9.2,67.2,55,Yes
11.4,56.9,73.2,Yes
15.4,85.8,45.9,No
14.5,52.5,83.8,Yes
7.8,82.1,80.2,Yes
,65.8,61.1,Yes
14.5,69.8,59,No
14.7,87.8,79.3,No
9.6,56,64.1,nan
9.7,75.1,,Yes
11.3,44.5,80.9,Yes
16.8,72.7,53.7,No
15.3,84.9,42.6,Yes
13.5,90.8,63.5,No
4.6,97.7,78.4,Yes
8.6,88.2,64.2,Yes
8.9,66.9,80.4,Yes
17.1,38.8,48,Yes
8.8,94.8,37.5,Yes
16.3,64.5,66.1,Yes
7.1,46.1,49.4,No
7.5,112.4,58.1,No
12.4,73.8,62.4,No
17.8,84.8,80.8,No
8.9,79.6,76.5,No
-2.8,74.7,58.4,No
2.2,67.3,82.2,No
11.5,63.3,96.9,Yes
2.6,119.5,65.3,Yes
5.7,45.8,,No
10.1,66.3,96.6,Yes
-2.2,57.2,76,No
8.1,85.4,60.8,Yes
4.2,66.7,73.1,No
2.5,,51.3,Yes
6,87.8,55.2,No
4.7,113.7,59.1,Yes
12.3,58.4,65.6,Yes
16,44,69.3,Yes
8.2,76.3,50.6,Yes
7,91.8,,No
7.9,70.7,63.5,No
4.5,87.7,,No
3.6,64,89,No
1.8,122.8,,nan
3.4,87.3,71.2,Yes
18.2,65.3,71.2,Yes
6.5,60,66.3,Yes
-4.7,80.4,65.1,No
7.1,88.5,68.3,No
2,48.8,77.4,Yes
10.3,75.2,54.7,No
9.8,89.9,72.7,No
10.3,81.7,55.8,No
9.8,87.5,87.1,No
8.1,104.8,60.5,Yes
2.7,12.8,58.8,No
9.6,79.4,,Yes
15.1,28,58,No
19.1,74.1,79.7,No
8.8,101,200,Yes
9.4,72.4,37.1,No
12.5,56.3,48.2,Yes
17.5,91.5,72.7,Yes
7.6,77.8,59.1,No
13.5,78.8,101.1,No
5.9,118.1,74,Yes
11.6,44.9,,Yes
14.9,62.3,82.2,Yes
3.5,82.5,65,Yes
7.4,99.4,53.9,Yes
14.8,,100.8,No
13.1,66.8,,Yes
15.2,73.6,56.2,Yes
14.2,72,69.4,No
8.3,88.9,60.2,Yes
21,74,51,Yes
10.7,88,68.3,nan
-5.3,50.9,68.6,Yes
8.6,77.9,68,No
7.7,75.7,43.8,Yes
14,91.9,44.5,Yes
7.7,125.4,64.2,Yes
15.5,94.1,83.1,No
12.8,60.9,79.9,No
5,87.7,65.5,Yes
9.3,74,,No
6.1,68.2,79.5,nan
10.9,64.4,94.2,No
6.1,,77.7,Yes
10.4,52.1,91.2,Yes
8.6,49.1,77.2,Yes
9.2,88.1,89.4,No
20.3,67.9,,Yes
8.2,78.6,43.7,Yes
0.3,57.6,67.6,Yes
15.1,86.6,73.4,No
15,150,48.1,Yes
0.1,48.2,31.4,No
6.5,106.4,67,No
12.2,,68.9,No
12.6,68.8,65.5,Yes
10,71.2,86.7,Yes
10.1,67.8,79.6,No
5.3,84.9,83.4,nan
-2,44.1,81,Yes
20.2,38.9,200,No
5.2,77.3,61,Yes
10.9,40.1,54.4,nan
9.2,36.9,,Yes
14.5,,39.2,Yes
10.6,78.3,61,No
10.8,78.6,61.6,Yes
-3.2,52.6,59.4,No
5.8,102.8,66.1,No
13.7,95.1,52.6,Yes
,47.8,82.1,Yes
5.2,72.8,79.9,No
2.1,66.8,77.9,Yes
10.6,74.1,77.8,No
-4.5,96.8,102.8,Yes
4.3,67.4,67.9,No
18.8,94.7,64.5,No
,40.4,95.6,Yes
12.4,62.7,60,No
11.5,67,56.3,No
0.2,64.2,76.6,Yes
6.3,75.5,67,Yes
8.5,78.2,95,Yes
6.4,79.6,70.8,Yes
,92.7,60.1,No
16.5,89.7,78.7,Yes
7.3,45,,Yes
8.3,78,57.8,Yes
13.7,62.8,78.2,Yes
2.9,,49.8,Yes
5.8,100.9,60,Yes
6.3,91.8,79.7,No
10.3,113.1,83.4,No
8.3,90.1,78,Yes
8.4,95,27.7,nan
6.7,59.1,70.9,Yes
,74.5,83.9,Yes
13,88.8,95.4,No
8.3,80.8,47.8,Yes
13.1,,,Yes
4.4,56.5,69.6,No
6.7,38.8,44.7,Yes
8.9,82.4,62.3,nan
9.4,54.4,72.5,No
13.8,88.4,79.8,No
7.8,89.5,72.9,No
13.7,79.4,79.9,No
11.9,82.9,78.9,Yes
9.5,95.4,69,Yes
5.2,98,70.2,Yes
13.8,30.4,89.7,Yes
5.4,89.1,76.2,No
9.9,84.7,77.2,Yes
9.7,80.9,68.4,No
9,84.5,45.4,nan
8.1,68.7,62,Yes
5.9,27.1,70,Yes
1.9,,83.8,Yes
17,38.4,90,Yes
7.5,42,61.3,Yes
9.4,96.4,82.1,No
9.3,64.1,,Yes
15.5,80.4,70,No
19.7,75.1,80.2,No
10.8,101.8,95.4,Yes
9.2,,50,Yes
4.4,63,49.3,Yes
2.8,104.6,91.4,No
1.1,,90.1,Yes
6,83.3,68.3,No
-0.5,85,72.5,No
15.4,50.2,59.3,Yes
12.1,93.4,62.8,No
8.7,102.1,39.5,No
15.5,52.3,65.4,Yes
4.6,75.6,67.1,No
5.9,101.8,,Yes
0.3,42.5,87.6,No
13.9,87.6,73.3,No
5.9,50,50.9,No
10.1,68.6,57.8,Yes
15,70.8,61.7,No
16.9,51.4,80.5,No
9.9,56.8,40.2,No
11.9,73.5,62,Yes
5.5,102.5,64.2,Yes
18.4,84.6,42.9,No
9.2,42.2,79.3,No
10.4,84.3,30.6,No
8,75.8,61.7,Yes
16,62.3,64.4,No
11,66.3,86.5,No
13.8,85,75.5,No
11.8,43.6,37.8,No
8.9,62.1,51.3,Yes
14.6,52.1,42.1,No
11.7,59,63.4,Yes
5.2,,53.5,No
5.1,76,61.8,No
10.7,88.4,48.4,Yes
14.5,29.9,54.2,No
18.2,69.6,76.2,No
1.1,72.9,76.3,nan
10.1,42.2,50.5,Yes
12.4,61.2,29.1,Yes
11.5,74.6,81.7,Yes
15,81.4,64.4,No
13.3,81.9,55.5,No
5.1,35.6,47.7,No
4.9,62.4,60.3,Yes
11.6,44.4,62.7,Yes
15,74.9,75.4,Yes
10.7,66.4,98.8,No
2.1,62.5,55.7,No
4.8,138.3,84.5,No
13.5,54,57.1,No
8.3,74.7,200,Yes
10.6,84.6,36.8,Yes
15.3,82.2,40,No
4,86.6,36.4,Yes
7.9,82.1,83.7,No
7.4,68.4,,Yes
11.8,75.2,88.9,No
13.9,61.9,44.8,No
2.6,60.2,61.4,Yes
10,48.6,59.8,Yes
14.3,90.8,63.7,Yes
0.7,97.1,45.2,Yes
9.7,63.3,78.5,No
3.9,73.5,48.2,No
6.8,107,57.9,Yes
-2.5,97.4,85.5,No
17,92.8,68.2,No
8.2,80.4,79.3,No
6,62.4,63.5,No
11.6,64.7,80.8,No
4.8,79.7,72,nan
4.3,83.8,33.8,No
17.6,55.6,41.7,Yes
,99.9,50.2,No
7,103.2,64,No
15.3,90.9,50.4,No
11.8,105.1,82.7,No
2.9,87.8,73.3,No
5.4,80.5,63,Yes
17.8,76,67.3,No
2.9,68.7,87.4,No
21.4,74.9,42,Yes
7.1,54.2,78.7,No
17.9,,70,Yes
8.5,51.6,107.5,Yes
14,59,82.2,No
17,99.6,71,No
,98.6,63.1,No
7.1,58.3,75.4,No
5.7,92.4,51.8,Yes
9.6,63.2,39,No
3.5,61.7,67.6,Yes
11.2,102.8,70.6,No
5.9,53.1,45.3,No
15.4,39.3,37.7,Yes
7.1,61.7,73.6,Yes
1.3,63,,No
17,67.5,,Yes
10.9,40.6,43.4,No
10.1,82,83.8,Yes
15.5,,79.6,No
14.4,81,67.6,No
6.2,70.6,103.9,Yes
7.8,88.4,71.4,Yes
4.4,76.5,64.6,No
2.7,76.1,53.9,No
12.9,73.4,60.4,Yes
12,79.4,43.9,Yes
,66.8,54.2,Yes
16.4,42.4,91.3,Yes
13.9,,68.1,No
14.3,85.6,74.4,Yes
-0.4,61,38.1,No
8.5,82,92.9,Yes
14.8,52.4,76.4,No
4.2,82.6,60.6,No
,89.9,90.5,No
12.6,95.7,39,No
12.2,86.4,102.7,Yes
11.8,71.2,62.2,No
13,95.5,43.4,No
10.9,64,54.1,Yes
2.7,81,45.1,No
12.5,60.4,79.9,No
11.4,79.6,58.5,Yes
2.8,104.9,30.8,No
16.9,90.5,39.8,Yes
12.7,93.4,38,No
3.1,97.3,80.5,No
5.9,73.6,70.5,No
,57.5,47.8,Yes
7.2,37.9,58.4,Yes
11.5,53.3,64.2,Yes
5.1,77.3,57.8,No
,34.3,55.2,Yes
15.2,78.5,55.1,No
,84.9,93.3,No
10.2,43.7,57.2,Yes
14.7,92.6,91.1,Yes
8.6,66.6,,No
6.4,42.3,,No
16,41.1,82.5,No
11.6,73.9,65.7,Yes
6.6,76.7,58.7,Yes
7.9,74.7,75.6,No
,95.7,58.8,Yes
20.1,76.2,62.5,No
10,63.4,77.9,Yes
10.8,68.6,55,No
,96.6,85.7,No
3.9,52.6,70.6,Yes
15.5,78.2,64.8,Yes
7,79.1,70.6,No
19.2,95.5,,nan
8.4,77.2,80.2,No
15.2,55.9,71.1,No
-2.5,78.8,98.3,Yes
4.1,89.4,74.2,Yes
8.5,77.8,,Yes
-0.2,96.9,46.1,Yes
13,48.9,54.7,No
11.6,71.8,79.9,No
5,75.1,,No
9.9,90.4,42,Yes
14,93,,Yes
-0.5,150,86.6,Yes
3.6,67.8,62.8,nan
,78.8,63.8,Yes
10.1,52.2,61.6,No
9.7,65.2,68.6,No
14.4,86.4,75.2,Yes
12.4,82.1,57.2,Yes
13.5,61.8,82.6,No
3.1,59.4,44,No
10.7,59,85.6,Yes
8.5,60.4,70.9,No
17.3,77.9,46.9,Yes
10.9,99,88.6,Yes
6.7,101.4,71.2,Yes
14.3,56.6,80,nan
12.8,81.6,33.5,No
5.9,80.6,53.3,No
8.3,79.2,61.3,Yes
8.3,55.5,65.8,No
16.1,60.2,77.6,nan
11,81.9,78.4,No
13.6,67.3,30.1,nan
7.5,76.8,55.7,No
11.7,54.7,58.3,Yes
16.5,65.2,70.9,No
8.2,48.3,79.2,Yes
10.6,80.3,77.8,Yes
3.2,68,78.3,Yes
6.2,80.3,60.3,Yes
8.3,,74.1,No
4.7,79.7,,Yes
16.6,111.1,73.2,No
5.8,64.5,88.3,No
13.9,84.8,41.6,No
10.9,61.8,64.4,No
10.2,72.4,83.3,No
17.4,84.5,76.1,Yes
-1.3,80.7,84.2,No
9,88.8,69.2,No
4.6,94.1,87,Yes
0.2,88.3,73.8,No
4,93.4,62.9,No
10.1,79.3,68.9,Yes
6.4,60.4,78.2,Yes
14.5,91,63.3,Yes
8.9,67.4,61.5,No
8.4,88.9,64.9,Yes
8.4,49.9,39.1,Yes
9.5,67.9,44.7,No
7.9,61.2,45.9,Yes
5.7,,72.8,No
14.9,63.5,91.1,Yes
6.9,74.7,54.2,Yes
8.1,72.1,64.8,No
12.1,95.5,69.1,Yes
11.6,84.4,32.3,Yes
5.5,80.8,69.5,No
13.8,75.4,83.4,No
12.7,59.7,51.5,Yes
10.9,57.5,62.9,No
7.8,80.5,76.5,No
8,46.7,51.1,No
9,74.2,64.3,Yes
3.8,77.1,78.5,Yes
9.8,46.8,35.5,No
14.5,73.9,69,No
14.4,75.1,56.8,No
8.1,116.6,79.9,No
15.3,75.2,92.5,No
19.5,92.5,43.7,No
8.4,,42.7,Yes
13.5,80.2,54.5,No
-1.3,,73.9,No
3.7,46.1,64,Yes
10.5,73.2,,No
5,80.6,44.4,Yes
20.2,55.7,51.7,No
13,74.1,92.9,No
14.8,,62.9,Yes
9.9,71.6,95.8,No
5,57.2,76.7,Yes
7.4,59.9,67.6,Yes
11.3,68.6,74.2,Yes
6.8,82.7,38.2,nan
13.4,76.9,83.8,Yes
13.6,79,70,No
10,,34.9,Yes
0.9,58.2,65.6,No
18.6,68.9,61.4,No
8.9,58.3,,Yes
23.5,14.4,54.7,No
13.3,74.7,71.3,No
9,69.8,54.7,Yes
12.2,99.7,33.1,Yes
-0.1,88.8,43.3,Yes
15.1,84.5,63.1,Yes
22.8,55,59.4,No
-0.4,95.4,70.6,Yes
8.6,77.8,58,Yes
,67.9,48.7,No
14.4,59.3,60.7,No
20.5,61.9,38.9,No
11.9,69.9,63.6,No
20.7,54.5,30.7,Yes
10.9,75.8,70,No
12.3,71.7,70.9,No
11.6,88.7,83.4,No
16.1,72,57.3,Yes
7.9,38.6,74.6,No
14.1,68.8,39.7,Yes
3.8,52.4,69.4,Yes
8.6,63.1,54.1,Yes
6.8,56.1,56.5,Yes
10.4,116.8,89.3,nan
8.4,68.2,52.8,Yes
15.7,89.4,72.1,Yes
5.6,68.9,,No
1.3,70.5,78.4,Yes
3.2,65.5,48.5,Yes
15,61.1,42.7,Yes
5.2,61.5,46.5,Yes
12,82.5,42.1,No
,73.8,59,Yes
14.1,101.6,62.4,No
,70.6,74.4,Yes
,69.5,73.7,Yes
19.5,75.8,41.8,No
8.4,87.1,72.7,Yes
7.7,77.3,53.8,No
25.7,101.9,74,No
4.6,126.6,27.6,Yes
9.7,91.4,61.5,No
10.1,82.5,68.3,Yes
10,35,58.2,No
1.3,102.7,66.3,No
12.5,99.5,81,No
5.1,105.7,60.4,Yes
,90.9,78.3,No
2.7,56,75.5,Yes
10.3,55.7,53.9,Yes
-1.1,53.2,26.4,Yes
-0.8,76.6,65.3,Yes
5.8,61,83.6,Yes
6.5,92.2,81.9,No
17.3,63.6,69.6,No
9.8,68.5,56.4,No
16.5,,75.6,No
8.1,65.4,44.9,Yes
13,56.8,71,No
6.4,38.7,79.9,No
6,93.6,63.8,Yes
0.9,56.6,200,Yes
11.7,67.3,64,Yes
11.3,,70.1,Yes
13.9,33.8,49.9,No
11.1,80.7,58.7,No
20.1,103.1,77.6,No
10.9,94.2,79.4,Yes
15,67.5,66.8,Yes
8.4,96.1,52.7,No
5.5,40.3,32.6,Yes
13.6,91.6,,Yes
9.6,,42.2,Yes
14.2,94.4,67.2,Yes
11.8,75.7,55.5,nan
6,50.9,74.7,No
15.4,79.9,48.2,nan
5.6,75,43.1,No
13.1,79.8,70.4,nan
16.4,59,64.4,Yes
8.1,51.6,75.5,nan
,87.3,84.4,Yes
12,73.7,,No
14.3,86.5,76.2,Yes
5.8,86.1,40.4,No
11.1,89.2,46.2,No
,107.4,64.9,No
18.6,79,59.3,Yes
-0.1,,31.8,No
8.2,59.5,91.4,Yes
5.3,69.2,32.6,No
13.4,79.2,57.9,Yes
19.6,102.6,78.9,Yes
13.3,72.2,61.6,No
24.8,108.6,73.8,Yes
3.1,110.4,53.2,No
3.5,83.6,66.8,Yes
5.5,,85.6,Yes
10.6,65.8,57.7,Yes
4.9,108.6,72,No
6.2,62.3,60.9,nan
13.1,99,66.9,Yes
,54.4,71.9,Yes
4.3,87.8,46.4,No
8,97.3,48.8,No
8.5,93.2,55.5,Yes
15.1,65.7,75.1,Yes
5.5,69.6,79.1,Yes
6.4,105.8,90.7,No
12.9,64.9,58.9,No
14,65.6,56.7,Yes
17.1,105.1,66.8,No
12.3,73.7,48.4,No
10.7,73.9,79.3,No
12.9,111.8,50.6,No
8.7,62.1,48,No
8.6,60.4,44.3,Yes
,78.6,54.9,No
14.5,75.6,60.1,Yes
11.1,59.4,53.4,Yes
13.9,91.1,49.2,No
-4.1,75.3,87.3,Yes
9.8,76.3,60.2,Yes
5.7,74.9,69.9,No
17.5,54.1,71.9,No
,58.7,56.4,Yes
11.2,43.4,45.5,Yes
7.8,97.8,56.4,No
12,75,70.6,Yes
5.4,94.9,49.8,No
9.5,66,72.8,Yes
7.1,98,24.3,No
-1,42.7,64.4,No
17.3,94.4,74.2,Yes
15.3,73.4,81.1,Yes
2.5,47.3,42.5,No
14.3,18.5,69.8,Yes
10.9,85,89.9,No
16.1,94.8,99.2,No
11.6,76.2,65,No
10,87.1,50.7,Yes
11.2,83.9,87.7,Yes
1,76.1,75.1,No
6.2,94.2,94.7,No
11.9,45.5,92.4,No
15.7,77,40.2,No
7.2,88.7,72.2,Yes
9.8,,,Yes
2,80.1,79,Yes
17.3,51.5,65.4,No
15.6,76.5,95.1,No
13.3,60.6,,Yes
12,64.7,62,Yes
17.8,86.4,81.1,Yes
6,39.8,63.3,Yes
,53.2,65.1,Yes
15.3,89.5,49.2,Yes
15,71.9,,No
4,60.3,45.7,No
7.3,84,57.5,No
18.4,52.9,51.5,No
12.1,52.2,48.4,Yes
13.9,70.8,59.8,Yes
4.2,72.2,79.5,No
13.3,60.1,47.9,No
2.9,69.7,70.4,No
0.1,101.7,78.4,Yes
13.6,74.3,43.9,Yes
17.2,52,47.9,No
8.7,75.5,92.3,No
7.3,32.6,,No
,107.2,73.4,No
9,51.3,57.5,No
9.7,79.1,57.9,Yes
18.5,78.2,34.3,No
8.2,59.4,57.8,Yes
6.7,101,79.2,Yes
14.1,116.2,58.6,No
6.4,60,95.1,Yes
9.3,,59.1,No
3.4,55.2,39.4,Yes
10.9,101.4,76.3,Yes
10.3,100.3,82.5,Yes
14.8,95.2,53,Yes
14.3,,81.4,No
12.8,64.1,57.6,Yes
12,,86.1,No
9.6,63.1,80.6,No
,101.6,66.5,No
4.4,38.8,79.8,nan
-1.7,82.8,79.9,nan
15.8,89.9,105.6,Yes
13.4,61,64.7,Yes
9.4,85.1,39.9,Yes
15.4,83.8,54.2,No
6.3,69.6,75.7,Yes
6.5,96.7,57,No
5.8,64.1,55.3,No
12.8,96.8,64.5,No
2.1,77.6,94.6,No
6.2,68.8,50.1,No
11.4,70.5,37.2,No
4,,92.6,No
6.7,67.8,74.4,No
-1.1,52.6,38.5,Yes
13,80.3,58.7,Yes
6.6,93,73.6,Yes
4.5,84.1,62.3,Yes
3.5,60.7,56.7,No
7.9,69.7,67,Yes
2.1,80.5,97.7,Yes
19.7,81.6,61.7,Yes
-1.9,107.7,56.1,No
7.7,87.5,63.3,No
10.5,78,55.5,Yes
6.1,77.1,38.3,Yes
11.1,68,63.9,Yes
6,75,63.1,No
17.7,89.3,54.1,Yes
4.4,60.9,52.3,Yes
-1.8,83.2,58.3,No
3.5,72.8,88.1,No
11.9,109.4,100.8,No
9.4,80.9,77.8,Yes
13.8,81.6,61.3,No
12.5,57.9,49.3,No
6.8,104.3,61.2,No
7.6,85.1,92.8,Yes
8.1,102.3,,Yes
19.4,71.3,,Yes
13.5,75,57.4,Yes
19.5,47.6,70.4,No
14.2,111.9,76.5,Yes
9.7,82.4,,Yes
4.9,112.1,42.5,Yes
11,68,62,No
9.7,84.4,39,Yes
9.5,94.9,76,Yes
9,81.6,58.2,No
,68.3,75.3,No
16.3,65.5,65.3,Yes
9.7,68.1,88.8,No
2.9,128.4,74.7,No
12.4,62.6,86.5,No
5.7,35.3,75.6,Yes
12.8,75.7,51.8,Yes
14.4,75.5,46.8,Yes
15.1,68.7,80.5,No
9.2,62.6,69.4,Yes
7.9,69.5,48.6,Yes
6.9,48.6,62.6,Yes
6.4,110.6,61.2,No
9.9,79.9,84,Yes
9,77.4,,No
5.9,,71.5,No
4.3,129.2,61.2,Yes
9.5,67,55,No
7.8,81.1,82.7,Yes
4.3,91,57.1,No
14.2,88.8,77.4,Yes
18.9,93.1,87,Yes
14.8,93.4,73.2,No
6.4,66.8,56.6,No
9.7,98.9,45.3,No
17.7,72.8,105.1,Yes
4.1,80.6,80,No
13.9,87.3,74.8,Yes
2.8,60.8,97.1,Yes
18.4,83.7,86.3,No
7.8,87.4,78.9,No
21.1,37.1,67.1,Yes
18.6,103,64.8,No
9.5,58.6,88.4,No
6.4,80.5,47.8,No
11,105.6,81.2,Yes
9.1,88.1,37.9,No
8,95.8,46.9,Yes
1.7,97.2,65.3,Yes
7.4,65.2,89.4,No
4.4,,66.5,Yes
12.8,83.3,62.5,No
15,89.3,,Yes
13.7,97.1,83.4,No
11.7,90.6,71.5,No
5.7,65.2,65.1,nan
11,92.6,90.4,Yes
14,33,44.1,Yes
7.1,100.4,88.9,Yes
10.6,57.2,44.5,Yes
9.3,56.8,55.3,Yes
18.3,124.8,77.4,Yes
14.3,76.1,75.9,Yes
13,69.9,73.9,No
,51.9,61.7,Yes
10.9,83.9,82.1,Yes
9.2,90.9,76.2,Yes
9.2,68,85.7,Yes
2.2,32,64,No
4.6,107.5,74.9,No
9.7,69.2,87.5,No
15.6,68.8,,Yes
7,74.3,57.5,No
8,58.9,48.7,Yes
18.9,100.5,51.1,No
8.5,89.5,47.4,Yes
9.4,84.8,112.7,Yes
9.4,121.2,98.7,Yes
3.3,61.1,68.2,Yes
12.9,100.5,52.6,No
6.7,30.5,64.1,No
9.8,87.9,69.1,No
12.2,120.2,40.8,No
19.7,54,67.5,No
3.4,107.9,73.7,Yes
14.3,47.3,54.4,Yes
,,62.9,Yes
6.8,65.8,77.6,No
13,60.2,67.8,Yes
18.2,64.3,55.4,No
6.2,75.6,67.4,Yes
11.2,72,88.7,Yes
12,74,89,No
12.7,81.3,50.4,Yes
,79.8,87.5,nan
,75.1,62.8,No
12.6,66.2,71.9,No
5.4,83.6,78.2,Yes
10.8,82.5,43.1,No
7.6,81.6,70.4,Yes
3.9,75,84.8,No
7.5,61.1,68.2,nan
11.3,76.5,70.5,Yes
12.2,69.4,79.4,Yes
3.7,33.7,,No
5.3,95,66.4,Yes
13.6,80.2,,No
12.5,74.6,72.7,No
14.4,85.5,57.6,No
16.8,59.9,81.8,No
12.7,102.2,55.3,No
7.9,99.1,55.3,No
,51.8,65.7,No
18.3,62.4,78.4,Yes
23.8,88.5,49.2,Yes
12.3,79.9,61.4,No
12.7,74.6,51.3,No
13.6,83.8,59.5,No
10.1,37.6,54,Yes
15.8,56.6,66.1,Yes
15,63,39.6,Yes
11.8,90.3,74.6,No
8.4,31.9,78.3,No
2.4,78.6,46.6,No
13.7,67.5,66,No
11.1,88,81.9,nan
6.3,91.2,44.3,Yes
4.4,109,92.8,Yes
13.3,51.5,70,No
2,58.6,54.8,Yes
11.5,76,56.4,Yes
14.2,103.2,67.9,No
12.7,83.7,63.2,Yes
8,77.1,74.5,nan
3.8,99.5,57.2,No
,67.1,56.7,Yes
16,98.4,68.9,nan
7.1,109.7,54.9,No
12.5,71.9,60.7,No
17.9,44,78.8,Yes
11.7,,39.7,No
8,107.9,68.2,No
15.2,84.9,,Yes
6.3,47.5,83,Yes
,100.4,66.5,No
14.1,90.9,63.5,No
8,95,46.9,nan
8.4,97.7,58.3,Yes
6.9,64.1,80,Yes
7.6,96.2,49.7,Yes
17,62.1,34.1,No
,51.4,83.6,No
19,58.4,,Yes
15.5,88.9,79.1,Yes
12.3,,49.5,No
2.8,104.5,64.6,Yes
9.1,97.3,57,No
20.8,88.5,70.9,Yes
7.8,102.6,67.1,Yes
17.6,51.5,75.7,No
10.3,94.1,61.6,No
-3.4,86.5,80.8,Yes
13.2,49.5,54.3,No
16.3,,78.6,Yes
9.8,71.8,83.7,Yes
16.2,71.3,69.1,Yes
1.7,74.2,52,No
3.1,62.6,36.2,No
11,104.6,61.3,nan
12.4,50.3,48.6,Yes
16.8,50.9,57,No
13.2,56.1,98.1,No
4,62.3,61.7,Yes
11.1,60.7,43.6,Yes
13,108.6,56,Yes
0.6,61.8,79.6,No
9.8,72.6,68.7,No
8.3,49.8,75.4,No
6.7,65.6,93,No
12.5,,64,No
4.3,88.6,87.5,Yes
12.1,94.7,75.2,Yes
12.8,55,56.1,No
15.4,61.5,86.5,Yes
4.4,91.4,68.3,Yes
2.5,74.5,85.1,Yes
11.4,73.8,62.3,nan
8.6,,37.5,Yes
24.5,94.9,32.1,No
12.3,61,73,Yes
10.3,72.9,57.1,No
9.1,72.6,37.6,Yes
3.9,55.6,72.7,Yes
12.8,81,77.1,No
9.6,64.2,66.4,No
9.6,74.9,62.8,Yes
10.5,88,,No
11.1,,62.4,No
1.3,57.3,59.8,Yes
14.2,79.1,47.7,Yes
5.8,77.8,44.8,No
9.3,63.8,65.4,No
16.4,57.7,,Yes
18.9,78.1,90.4,Yes
1.5,47.1,66.2,No
10.2,53.6,48.8,Yes
11.4,49.3,68.9,Yes
2.5,50.8,63.1,Yes
14,65.4,71.4,Yes
10.6,96.2,71.6,Yes
11,87.4,53.8,nan
5.4,97.5,69,No
12.1,62.8,95.2,No
14.2,34.8,53.9,nan
10.6,63.1,,Yes
7.4,97.6,45.7,nan
7.8,67.1,84,No
11.1,74.6,,No
10.2,70.7,42,No
14.5,88.9,46.8,No
7.6,91.6,51.7,Yes
3.9,44,83.9,No
11.8,26.4,67.1,Yes
7.6,88.1,62,No
13.9,,53.9,No
10,88.1,65.2,No
13.3,69.4,55.7,No
4.9,85.4,85.1,No
10.7,72.3,67.3,No
6.5,60.6,49.6,Yes
3.9,67.1,54.3,No
5.7,71.6,90.2,No
7.3,87.2,61.9,Yes
16.2,71.6,88.2,nan
7.1,53.6,68.3,Yes
3.6,108.3,71.6,Yes
10.7,81.2,56.9,No
10.1,102.2,77.2,No
7.5,53.1,47,No
9.2,69.9,53.8,No
14.9,78.8,70.3,Yes
13.4,88.2,60.6,Yes
12.9,37.3,65.5,Yes
4.1,37.8,73,Yes
24.4,61.8,64.4,Yes
15.3,85.9,66.3,Yes
12.6,,92.7,Yes
4.2,72.5,35.1,nan
14.7,76,57.7,Yes
7.5,58.4,62.2,No
,104.3,79.2,Yes
1.6,59.1,76.4,Yes
,33.7,27.4,No
12.2,55.4,81.8,No
15,58.3,66.6,No
13.4,78.5,75.9,Yes
13.3,,56.9,nan
9.7,86.7,74.2,No
8,112.6,71.1,Yes
11.4,75.6,63.3,nan
,91.9,89.4,Yes
10,66.1,99.6,Yes
16.1,80.8,64.3,No
8.9,68,40.7,No
5.1,72,72.9,No
9.9,78.3,53.8,Yes
10.5,94.7,70,Yes
9.6,73.9,71.7,Yes
16.4,73.9,67.5,No
14,81.3,49.6,Yes
2.8,92.6,43.4,No
17.7,46.8,48.5,No
-3.7,79.9,63.5,Yes
20.8,48.4,86.6,No
8.6,101.2,60.5,No
9.1,81.8,81.6,No
9.7,99.5,36,Yes
11.9,41.7,,Yes
10,71.6,89.5,No
9.3,92.4,51.7,Yes
16.5,,62.4,Yes
12.8,82,67.1,nan
5.2,66.4,75.8,No
13.7,69.6,48.1,Yes
12.6,54.2,46.6,Yes
7.3,104.3,75.3,No
14,88,72.9,No
9.2,71.4,50.6,No
8.9,85.9,74.4,No
8.8,72.8,63,No
-2.1,69,51.5,No
7.4,59.9,52.6,No
13.6,60.2,60.5,No
9.9,82.6,107.7,No
3.6,96,68.2,Yes
14.8,68.3,52.7,No
,59.1,53.1,No
3.9,94,74.4,No
21,76.6,63.9,Yes
4.7,30.4,64.4,No
14.4,60.9,,Yes
6.2,84.4,47,Yes
10.7,59.2,66.4,No
5.5,76,96.2,Yes
3.8,50.1,63.3,No
12.6,66.8,63.6,No
12,53.3,74.1,Yes
15.7,50.4,64.9,Yes
9.8,59.8,51.8,Yes
21.1,92.5,57.9,Yes
11.3,83.3,56.9,No
12.8,116,77.5,Yes
3.2,63,55.7,No
6.9,95.4,47.6,No
12.6,112.2,82.1,No
9.6,97.4,78,Yes
10.9,97.7,69.5,No
,77.4,54.6,Yes
10.6,79.6,,Yes
10.6,56.6,,Yes
4.1,21.6,99.8,Yes
13.2,79.1,67.2,No
,55.8,67.5,No
10.9,66.5,53.2,Yes
18.8,58.5,30.5,No
13.4,81.5,61.3,No
13.4,71,33.9,No
5.5,100.1,76.8,Yes
18.8,60.5,70.2,No
16.9,78.6,,Yes
5.8,71.2,77.1,nan
7.6,69.1,,nan
16.3,73.5,65.2,No
19,105.4,61.5,Yes
3.7,91.9,63.9,No
5,65.9,91.8,No
9.3,62.8,66.2,Yes
-0.9,59.4,73.7,No
10.1,77.3,94.1,Yes
15.9,44.7,50.4,Yes
,70.7,21,No
10.6,82.6,66.4,Yes
7.1,60.5,75.4,No
,75.8,52.2,No
7.2,80.3,72.7,No
17.6,39.8,84.6,Yes
,79.1,38.6,nan
13.9,65.8,49.8,No
11.3,111.9,70.6,Yes
9.3,79,50.4,No
6,56.6,,nan
11.6,38.7,70.1,No
7.8,74,47.2,Yes
6.6,101.1,36.7,No
17.4,62.9,57.5,No
12.7,81.3,68.9,No
13.2,89.8,76.4,No
8,88.8,45.8,No
9.1,74.9,51.6,No
8.8,61.8,76.3,Yes
11.7,69.8,47,Yes
13.2,53.6,50.5,No
9.8,56.1,86.6,No
6,94.8,58.5,Yes
13.8,81.7,47.7,nan
10.2,80.8,67.1,Yes
2.8,60.7,74,No
-0.7,98.9,71.9,No
11.5,70.4,63.4,Yes
5.9,77.6,53,No
12.2,98.3,89.5,Yes
,60.5,80.5,Yes
10.7,62.3,55.3,Yes
8.1,95.7,64.8,No
18.8,91.3,52.6,No
14.8,81.9,67.8,No
16.7,31.4,67.1,No
10.1,100.6,,No
14.1,62.8,86.6,No
10.5,63.4,75.8,No
17.3,71,53.2,nan
9.6,51,48.6,Yes
3,99.4,69.2,Yes
0,78.4,75.6,No
18.3,89,97.9,Yes
12.4,59.5,44.9,Yes
12.7,,78.1,No
17.4,103.5,57.5,Yes
1.7,49.5,91.4,Yes
,52.5,59.5,No
8.8,58.9,82.7,No
13.7,93.5,102.7,No
6.5,78.6,72.3,Yes
4,73.7,53.7,No
3.9,82.3,56,No
15.7,113.6,50.7,No
6.3,40.1,55.1,Yes
7.2,68.8,54.3,No
,13.5,101.2,Yes
6.5,85.1,53.4,No
1.5,96.7,67.2,No
2.1,68.9,71.5,nan
9.7,88.1,71,Yes
12.5,44.3,92.3,No
9,84.6,,Yes
12.2,124.1,45.7,Yes
1.9,67.4,51.2,Yes
2.3,83.3,86.5,No
21.3,63.2,73.1,Yes
16.2,78.5,94.5,nan
13.8,97.2,36.3,Yes
6.7,87,74.1,Yes
8.8,73,71.9,No
10,72.6,200,Yes
16.6,,71.7,Yes
12,95.4,72.4,No
12.6,90,55.3,Yes
9.2,49.9,72.9,Yes
14,78.5,48.6,Yes
11.5,,,No
10.2,65.9,82.8,No
6.3,91.2,52.5,No
9.4,94.8,78.9,No
4.6,89.2,43.1,No
9.8,69.6,66.8,Yes
10.4,84.2,65.7,Yes
-2,59.5,59.7,No
8.8,90.1,59.4,Yes
,74.6,89.7,No
12.5,65.5,26.3,No
13.2,60.4,88.3,No
7.9,88.6,45.4,No
,72.3,90.6,Yes
13,65.2,80.2,Yes
8.9,65.1,71,No
17.7,50.1,83.2,Yes
6.4,78.3,57.9,Yes
17.4,80.7,,No
8.9,45.4,63.1,No
5.8,53.5,69.8,No
8.2,42,77.9,Yes
4.5,99.1,74,Yes
13.9,87.4,59.2,Yes
2,97.1,66.5,Yes
16.9,107.4,63.1,Yes
5.3,83.8,,Yes
14.2,73.8,80.7,No
10.1,78.9,84.7,Yes
11.4,,100.5,Yes
7,,54.1,No
11.8,66.6,81.2,nan
10.7,70,70.7,No
2.7,41.8,61,No
5.2,50.3,78.2,Yes
7.3,49.6,65.9,Yes
6.2,48.8,63.7,Yes
,87.7,64.2,nan
10,68.3,54.5,Yes
6.1,71.1,84,No
7.5,82.7,,nan
7.5,,76.8,No
8.6,84.1,89.1,Yes
4.6,107.8,51.6,Yes
5.9,75.8,102.5,No
13.8,78.9,66.5,Yes
10.9,62.9,71.6,Yes
9.2,37.1,76.9,Yes
10,76.6,51.6,No
9.8,92.3,53,Yes
9,60.2,61.2,nan
12.6,64.8,66.9,No
12.2,94.2,52.9,No
2.1,74,44.3,No
9.3,56.5,82.3,No
2.5,55.8,48.6,Yes
13.2,88.1,78.7,No
,72.4,47.1,No
6.9,72.1,,No
9.4,47.4,62.4,Yes
-0.6,84.5,99.3,Yes
14.9,95.6,67.9,Yes
13.5,67.8,69,No
15.8,83.2,62.9,Yes
17.4,,51.7,Yes
3.9,86.9,75.2,No
14.4,84.9,65.4,Yes
17.4,67.3,86.1,No
2.5,32.5,47.8,Yes
9.1,59,85.1,No
8.2,81.9,68.5,Yes
14.3,92.7,53.2,Yes
-2,62.9,69.6,Yes
19.1,101.9,52.8,Yes
9.4,104.9,82.9,Yes
14.6,89,63.3,No
,52.3,53,Yes
12.5,89.2,56.7,No
-1.6,64.2,53.2,No
8.1,63.1,88.1,No
14.2,84.1,,No
11.4,83.6,64,nan
1.8,,68.9,No
10.3,88.1,58.4,No
5.9,73.9,44.8,Yes
5.5,46,96.4,No
2.4,116.7,60.1,No
13.1,67.2,45.3,Yes
15.6,60.7,,Yes
20.6,50.7,66.8,Yes
2.6,78,,Yes
13.8,75.7,,No
14.2,72.6,69.6,Yes
7.1,105,47.4,Yes
5.4,88.2,76.6,No
4.6,54.6,70.8,Yes
7.4,116.5,60.5,Yes
11,44.7,113.9,nan
16.8,72.7,56.6,Yes
,60.4,63.2,Yes
1.9,82.4,88.5,Yes
6.1,,76.9,No
16.5,66.7,51.5,Yes
6.3,96,70.8,No
9.7,79,80.1,No
1.5,104.2,25.4,Yes
15.8,93.6,59.1,No
0.4,65.6,92.4,No
1.8,96.1,54.7,No
15.3,62.1,87.3,Yes
19.6,,,No
,85.5,68.3,No
9.8,64.7,66.2,No
14.5,35.1,54.1,Yes
11.4,104.6,38.7,Yes
8.1,83.4,77.4,Yes
7.6,75.4,56.2,Yes
2.2,75.4,95.5,No
11.2,94.5,,No
9.5,118.7,62.9,No
7.8,93.1,72.1,Yes
5,82.4,53.6,No
5.5,80.7,64.5,No
13.1,82.3,40.3,Yes
14.4,54.9,78.4,Yes
8.4,86.7,41.7,Yes
7.8,48.8,78.1,No
5.7,83.8,60.1,No
14.7,65.6,55,No
10.2,92.3,58.2,No
11.8,82.6,71.8,No
11.8,68,71.3,No
,54.8,58.7,No
4.2,104.5,52.5,Yes
5,73.3,47.1,No
15.6,109.8,29.8,nan
6.4,50.4,83.6,Yes
7.9,69.9,69.5,No
4.3,30,83.8,No
3.9,90.1,80,No
6.2,91.8,80.4,No
18.4,62.9,57.8,Yes
13.3,,67.3,Yes
7.4,67.2,50.2,Yes
15.4,70.2,73.6,Yes
,63.8,67.6,Yes
16.8,96.6,72.3,No
21.1,65.6,,Yes
15.1,37.1,82.2,No
10.5,69.9,57.3,No
13.5,64.8,50.8,No
10.1,48.8,87.7,No
0.8,78.8,73.2,Yes
6.7,36.5,59.9,Yes
5.2,82.6,40.6,No
6.6,74.3,58.6,Yes
19,63.7,,No
15.6,52.1,51,No
12.2,45.7,58.1,Yes
14.1,92.6,74.7,No
0.5,69,64.7,Yes
13.6,41.4,52,Yes
14.7,74.8,82.9,No
-1.2,69.5,48.8,Yes
13.8,103.3,35,Yes
2.9,66.8,78.1,No
0.1,94.6,58.2,nan
,70.6,76,Yes
5,51.4,53.4,No
6.4,84.4,53.6,Yes
14.9,99.4,,nan
8.5,93.1,67.8,Yes
,81.3,75.3,Yes
9,94.9,79.5,Yes
11.7,78.4,87.1,No
8.9,76.6,72.8,nan
10.6,45.5,49.8,Yes
7.5,79.2,84.2,Yes
11.8,105.2,67.3,Yes
11.6,42.3,78.3,No
19.5,48.8,58.9,Yes
8.1,68.5,67.1,Yes
9.1,47.9,67.1,Yes
11.2,88.7,48.5,No
14.8,40.4,,Yes
4.5,88.6,58.7,No
10.5,95.1,86.9,Yes
-2.5,88.1,60.8,Yes
8.6,75.4,64.9,Yes
15.4,85.7,64.1,Yes
6.4,51.9,79.9,No
10.9,80.2,47.2,Yes
7.4,62.6,77.2,Yes
,92.8,62.2,Yes
14.9,,64.7,No
4.8,58.8,71.5,Yes
11.5,82,64,Yes
11.5,82.9,69.3,Yes
5.7,65.5,55.7,Yes
10.8,75.4,,Yes
5.3,85.2,66.7,No
12.6,65.9,80,Yes
3.4,57.3,73.2,No
8.3,79.6,78.8,No
8.7,104.7,78.8,No
,71.9,68.9,Yes
10.7,68,78.9,No
14.8,59.1,71.4,No
12.8,98,95.3,No
12.7,92.5,67.3,No
8.3,72.1,70.9,No
15.1,59.3,76.5,No
8.2,59.1,57.8,Yes
1.4,57.9,78.2,No
8.9,65.1,59.1,No
12.3,63.8,58.5,No
2,60.2,58.1,Yes
5.6,97.3,31.2,Yes
3.8,106.7,71.4,Yes
13.9,53.2,65.6,nan
18.4,63.6,66.4,No
9,56,72.7,No
12.7,81.4,64.8,Yes
12.5,68.2,75.7,No
17.8,54.4,55.9,No
6.7,108.1,47.8,No
8.9,84.8,61.7,No
,55.4,67.8,nan
10.4,105.1,69.8,nan
22.5,52.1,69.5,Yes
10.2,87.3,100.6,No
5.7,123.4,33.1,Yes
4.2,72.4,69.7,No
16.3,69.2,59.2,No
5.7,78.4,75,Yes
13.3,119.5,71.9,Yes
,104.5,61.5,No
3.7,66.1,48.7,No
13,81.1,57.6,Yes
6.8,93.5,60.5,No
12.1,66.4,47.5,No
12.5,52.4,79.7,Yes
12.7,96.7,85.3,No
8.7,,54.1,No
13.4,81.4,38,Yes
5.4,97.1,,Yes
-2.3,52.1,42.4,Yes
13.5,70.4,74.1,No
10.8,,54.2,Yes
6.9,,41.1,Yes
2.6,87.6,46.7,Yes
-0.2,77.1,44,No
10.3,38.2,76,No
18.2,58.6,53.1,No
9.3,93.3,62.5,Yes
8.2,64.2,66.1,No
9.9,71.6,,Yes
20.9,80.8,41.9,Yes
13.8,55.5,61.3,Yes
,49.4,83.1,No
10.1,74.7,56.8,No
11.7,,,Yes
4.7,79.6,59.4,No
13.8,46.4,49.1,Yes
5.9,64.3,56.1,nan
2.4,88.8,32.7,Yes
10.4,133.9,71.7,No
9.6,77.4,60.3,No
10,88.4,53.3,Yes
6.2,84.8,88.4,Yes
6.9,80.9,56.3,No
15.6,88.6,76.8,Yes
,55.8,62.8,Yes
5.2,67.9,78.2,No
0.2,80,69.7,Yes
5.4,55.7,72.7,Yes
10.8,83.7,57.7,No
6.8,36.7,68.2,Yes
6.5,91.2,59.2,No
7.1,72,46.4,Yes
9.6,88.9,49.5,No
13.9,94.9,56.9,No
10,103.2,68,Yes
10.3,80.4,73.4,Yes
8.9,40.3,79.8,No
7.5,39.8,88.8,No
14.5,,55,Yes
13.7,89.4,85.8,No
20.2,46.8,47.4,Yes
13.1,70.3,65.8,Yes
7.5,66.6,47.2,No
5.5,82.2,54.2,No
14.8,89.3,43.6,nan
5.9,76.9,,No
14,91,52,Yes
6.2,53,55.8,No
,95.4,55.5,Yes
4.7,77.6,56.7,nan
13.9,90.2,75,No
3.8,64.7,82.6,Yes
11.4,34,46.5,Yes
9,88.3,64.9,Yes
10.5,72.1,69.4,No
8,99,65.2,Yes
7.9,83.4,96.8,No
10.8,134,61.6,No
5,100.4,45.6,No
5,70,56.1,No
8.2,43.3,67.6,Yes
8,57.6,71.2,Yes
5,56.2,58.5,Yes
14.6,64.6,67.4,No
8.3,,86.8,Yes
8.9,81.4,93.8,Yes
3.4,102.5,84.7,Yes
20.4,57.6,81,No
22.1,47.2,75.9,No
6.1,91.6,62.6,Yes
16.1,101.6,63.5,No
9.5,65.2,78.7,No
18,95.8,78.4,Yes
11.7,90.4,72.7,Yes
10.5,40.8,80.8,No
-2.5,62.3,37.2,No
5.6,65.5,70.3,No
10.1,114.8,45.8,Yes
11,85.2,61.2,No
3.9,64.9,64.5,Yes
6.4,,59.8,No
12.8,43.6,52.9,No
3.1,96.3,77.6,No
10.7,82.9,73.5,No
16.2,87.4,83.4,No
11.9,49.3,60.3,Yes
,89.7,63.2,Yes
-0.1,70.2,104.3,Yes
5.9,60.5,59.8,Yes
20.3,85.3,41.7,Yes
7,51,78,Yes
16.3,78.6,,nan
6.9,69.7,82.2,Yes
8.6,96.5,81.1,Yes
12.6,92.8,51.5,Yes
10.5,76.8,75.2,Yes
11.9,80.6,72.5,Yes
5.9,87,75.4,Yes
4.3,74.8,63.2,Yes
5.6,,80.7,No
7.3,65.3,72.6,Yes
8.9,50.6,70.5,No
15.2,93.5,57.8,Yes
10.4,83,77.4,Yes
12.4,66.5,63.1,Yes
10.7,,69.1,No
4.4,79.7,63.8,Yes
10.1,46.7,76.5,Yes
10.7,53.6,67.5,No
13.8,74.6,51.1,Yes
4.7,123.8,79.5,Yes
-0.2,,77.5,Yes
10.9,78.7,71.9,nan
11.8,51.6,68.7,Yes
9.1,56.3,53,nan
10.1,102.1,65.6,Yes
14.4,65.8,200,Yes
7.7,76.4,72.5,Yes
,86.8,75.6,No
10.4,66.6,81.8,Yes
3.9,64.8,67.3,Yes
9.2,40.5,72.6,No
9.7,50.7,59.8,No
18.2,86.7,47.7,Yes
8.5,66.2,55.7,No
11,88.4,74.4,Yes
14.6,43.3,60.9,Yes
5.8,91.2,41.6,No
16.9,74.2,64,Yes
18.8,,60.1,No
9.9,97.6,62.5,Yes
7.3,46.9,71.5,Yes
18.1,96.5,96.1,Yes
14,74.4,48,Yes
10.4,,87.3,Yes
17.1,112,66.4,No
16.6,83.1,81.8,No
8.3,99.3,71.2,nan
11.2,83.7,65.6,No
12.9,70.7,71.6,Yes
10.1,57.6,43.3,No
3,71.4,57.6,Yes
5.3,78.3,68.5,Yes
3.2,91.3,45.2,Yes
12.5,67.1,65.9,Yes
4.1,85.3,51.8,Yes
11,108.6,71.8,No
19.2,78.2,72.1,No
17.1,35.8,84.9,No
0.8,76,70.6,No
3.6,73.1,48.6,Yes
6.1,72.5,56.7,Yes
4.2,43.1,,No
1.7,80.5,70.7,No
9.9,64.4,57.9,No
13.5,72.9,65.3,Yes
14.8,94,62.6,No
,58.8,,No
8.6,73,69.6,No
11.8,,77.8,Yes
9.5,71.7,54.2,Yes
,66.1,60.3,No
12.2,,75.7,Yes
8.1,108.5,54,No
0.7,66.5,63.4,No
17.5,80.4,71.5,Yes
6.6,,79.4,Yes
11.8,76.5,67.4,Yes
0.4,84.6,53.6,Yes
9.9,62.3,69.1,Yes
10.5,103,58.2,Yes
10.7,56.6,63.5,No
25.1,71.7,48.6,No
6.8,51.3,51.9,No
14.1,92.9,73.6,No
12.6,56.6,68.6,No
6.6,90.1,59.4,Yes
14,,52.3,Yes
9.2,78.5,83.4,Yes
14.4,97.3,72.6,Yes
19.8,62.9,97.1,Yes
10.8,104.3,52.8,No
8.6,67.3,44.4,Yes
15.3,83.6,70.5,No
17,71.1,63,No
5.6,87.3,62,Yes
7.7,54.9,48.7,No
13.4,77.1,65.4,Yes
9.3,75.4,56,No
5.2,83.7,50.5,Yes
12.7,83.1,56,No
13.4,57.8,42.3,Yes
8.3,101.1,79.2,Yes
10.3,73.8,63.6,No
7.1,89.6,,nan
4.5,49.8,84.2,Yes
7.5,66.7,56.4,No
10.4,96.6,48.6,Yes
2.6,107.7,73.3,Yes
,83.5,48.3,Yes
10.4,73.2,33,No
16,53.8,,No
,90.9,68.2,Yes
3.8,81.1,59.1,No
9,27.9,46.2,No
7.2,40.3,72.9,No
12.8,82,57.8,No
8.3,58.4,200,Yes
-3.6,54.2,73.2,No
28.5,72.9,52.7,No
10.7,81.9,45.4,Yes
10.4,103.6,71.2,Yes
2.3,58.7,70.3,No
2.7,83.7,69.8,Yes
9.5,54.5,64.7,No
11.7,65.1,79.5,No
13.5,78.8,112.7,Yes
11.2,72,90.3,No
4.1,47.7,68.9,Yes
-2.5,85.3,76.6,No
9.5,89.8,61.5,No
7.3,122.2,32.5,Yes
3.7,79.4,88,Yes
14.1,78.5,54.6,No
2.1,81.1,45.2,Yes
13.1,47.7,81,Yes
2.9,49.1,100.9,Yes
10.7,73.3,72.4,No
14.7,29.1,,Yes
8.3,52.4,80.9,Yes
18.4,65,70.2,No
19.6,95.2,45.5,No
11.2,80.2,49.7,Yes
12.7,44.6,57.7,Yes
15.3,74.2,70.7,No
12.7,86.7,77,No
12.2,89.3,59.3,No
7.4,95.9,80.6,nan
1.6,,86.5,Yes
3,86.4,62.7,No
21.9,84.7,43.8,No
11.6,79.7,75.9,Yes
,91.8,92.1,No
16.3,59.2,58.2,Yes
6.3,70.9,90.2,Yes
12.9,61,56.1,No
,83.7,,No
12.3,69.8,83.7,Yes
8.3,95.3,61.1,Yes
5.2,76,44.4,Yes
5.9,96.3,75.4,Yes
6.1,32.8,46.1,Yes
10,60.6,79,Yes
2.2,93.8,76.7,No
3.8,,87.2,Yes
10.7,96.1,51.7,Yes
9.4,,51.9,No
11,56.3,64.9,Yes
9.8,110.9,58.7,Yes
22.6,61.7,40.7,No
10.6,60.1,60.7,Yes
8.1,91.4,65.7,Yes
10.5,56.8,72.6,No
15.1,49.1,,No
9.8,59.6,61.9,No
13.4,91.4,88.6,No
12,117.8,59.8,Yes
8.5,75.1,55.6,Yes
10.6,60.5,62,No
18,99.7,73.6,No
11.2,62.7,57.9,No
5.1,66.1,,No
8.4,83.3,73.2,Yes
-0.6,97.8,55.3,Yes
10.7,76.4,57.9,Yes
16.6,67.9,93.2,Yes
3.3,121.4,66.8,Yes
10.7,61.6,26,No
14.9,63.8,53.9,Yes
15.5,67.2,74,Yes
16.4,86,64.3,Yes
0.7,65.7,65,Yes
,91.3,75.7,Yes
2.5,74,53,No
5,68.6,67.3,Yes
14.1,63.8,62.3,Yes
10.8,74.5,68.4,Yes
13.6,,59.5,Yes
5.4,74.3,,Yes
17.4,79.7,,Yes
13.4,59.5,51.1,No
14.4,60.7,56.2,No
4.6,74.9,,Yes
15.9,77.4,72.8,No
8.4,76,78.1,No
6.9,63.2,65.7,Yes
13.1,76.5,67.2,Yes
12.9,75.5,52.7,No
5.8,72.6,69,No
20.3,62,69,No
19.1,85.4,77.6,Yes
13,74.8,61,No
12.2,60,64.8,No
11.6,72.5,105,No
2.3,63.3,65.6,No
10.6,75.1,200,No
10.5,103.6,73,Yes
7.1,,67.3,Yes
8.5,79,51.9,No
-1.9,103.5,,Yes
4.5,80.4,80.2,No
14.6,83.7,55,No
18.7,77.9,83.9,Yes
5.3,67.3,55.4,Yes
10.9,84,52.7,Yes
15.5,,67,Yes
,48.6,76,No
13.4,65.9,,No
9.8,57.9,69.7,No
16,60.2,48,No
3.6,99.5,51.7,No
4.5,71.8,60,No
11.4,89.5,73.2,Yes
10.5,61.7,59.1,No
9.7,62.1,79.8,Yes
12.9,54.6,93.5,No
5.3,103.9,51,No
3.2,90.5,65.8,No
7.5,54,73.8,No
8.1,97.8,77.5,Yes
8.6,69.8,68.3,Yes
16.3,84.1,63.3,nan
13.9,75.9,41.5,Yes
12.7,46.3,59,Yes
11.1,58.4,74.1,Yes
7.8,102.1,85.3,No
5.7,93.8,48.2,Yes
4,54.6,83.9,Yes
6.5,79.2,80.1,Yes
9.8,70.7,67.9,Yes
,97.8,53.2,No
10.8,70.9,86,Yes
9,59.6,63.7,Yes
8,89.7,72.1,Yes
15.8,98.8,52.9,No
-2.3,82.9,43.5,Yes
8.1,86.4,75.1,nan
-1.8,51.1,70.9,No
11.2,49.4,71.9,Yes
13.8,48,48.9,No
3.2,96,76.8,Yes
3.9,67.3,75.9,No
1.5,91.5,102.3,No
10.3,63,61.1,Yes
8.3,74.7,39.4,Yes
8.6,58.9,58.4,Yes
8.2,68.4,59.1,No
5.1,40.8,66.7,Yes
15.7,68.6,75,No
11.4,66.9,56.8,Yes
4.1,41.1,80.9,No
6.5,83.5,65.1,Yes
5.6,86.5,33.1,nan
17,61.8,64.3,Yes
13.6,50.9,55.6,Yes
9.4,109.6,67,No
18.5,,80.7,Yes
17.3,27.4,47.4,Yes
8.8,66.4,62.5,No
7.9,62,89.6,No
8.2,60.5,59.2,No
,96.8,55.4,No
18.7,80.1,,No
5,87.7,72.5,Yes
14.3,72.2,86.3,No
13.5,92.1,54.8,No
8.5,67.5,58.6,No
19.1,79.7,50.1,Yes
2.2,84.7,72.7,Yes
9.6,150,54.7,No
7.6,33.1,51.6,No
14.8,41.1,67.1,No
11.8,121.2,70.1,Yes
1.4,88,64,nan
16.2,89,66.8,No
12.4,103.4,88.3,No
4.8,52.5,80.6,No
8.3,,64.3,No
3.5,52.9,74.5,No
9.1,122.1,78,Yes
10.8,55,69.9,Yes
8.3,100.1,53.6,No
7.7,61.8,,No
1.9,76.7,92.4,Yes
11.7,100.4,65.6,No
0.4,80.7,72.1,No
10.2,72.4,51.8,Yes
1,120.4,61.6,No
10.3,38.3,53.1,Yes
,56.1,50,Yes
12,68.8,70,Yes
14.3,95.9,70,No
15.2,64.9,66.9,No
1.9,94.4,66.5,Yes
9.7,40.6,73,Yes
20.1,98,24.2,No
10.6,92.9,76.9,Yes
5.8,53.5,98.9,No
9.6,74.3,42.9,Yes
8.1,69.6,36.4,Yes
4.1,84,39.6,No
14.3,98.2,79.9,No
,61.3,47.3,Yes
3.3,82.4,67.9,Yes
9.5,79.9,72.4,Yes
7.2,77.5,,No
2,150,57.8,No
2.9,78.2,60.2,No
3.7,50.7,45.5,No
,89.8,77.2,Yes
7.7,107,81.5,Yes
5.2,77.8,68.1,Yes
8,102,,Yes
13.7,66.6,64.1,Yes
11.8,83.3,62,No
15,43.7,56.1,No
8.9,62.8,65.3,Yes
18,78.4,60.7,Yes
,88.4,82,No
7.6,,51.3,Yes
10.5,100.6,61.7,Yes
3.8,44.4,52,No
8.5,104.4,64.2,Yes
12.1,60.7,68.8,Yes
13.1,50.4,61,Yes
7.9,95.7,78.2,No
23.7,52.8,90,Yes
9.1,103.3,15.9,No
1.6,,78.3,Yes
16.1,59.9,64.3,No
13,92.5,64.8,nan
11.2,88.4,61,Yes
7.7,22.3,74.1,No
12,61.7,65.9,Yes
,40.7,77.1,Yes
11,77.8,65.2,Yes
2.6,76,73.1,Yes
-7.3,70,76.7,Yes
11.9,72.9,63.1,Yes
5.1,53,76.5,Yes
9.5,60.3,72.4,No
6,96.3,67.8,No
5.6,65.2,54.6,Yes
6.2,63.6,52.4,No
6.6,97.8,70.8,No
13.9,51.4,74.6,No
12.9,104.6,60.1,No
4,106.3,75.8,Yes
4.6,54.7,54.5,Yes
11.9,93.4,63.2,No
15.3,31.8,56.3,No
15.2,77,55.2,Yes
5,54.8,52.9,No
14.9,85.1,116.4,No
1.1,81.3,81.9,Yes
9,69.5,72.3,Yes
12.4,53.1,59.1,No
-0.4,93.3,48.2,No
20.5,74.4,42.2,Yes
16.6,60.9,62.6,Yes
13.2,64.7,78.8,No
5.2,73.1,49.2,No
9.7,73,73.5,No
14,81.2,67.9,No
4.4,94.1,67.2,Yes
9.1,95.9,104.8,Yes
14.6,70.5,69.1,Yes
2.5,83.5,68.3,nan
11.7,71,56.3,Yes
1.2,99.3,55.1,Yes
5.3,72.4,48.5,nan
7.5,77.4,45.3,No
12.6,,61.4,Yes
6.5,84.2,72.8,Yes
10.6,87.6,37,Yes
6.6,102.7,63,Yes
7.3,99.2,53.1,Yes
16.3,75.9,76.7,Yes
4.2,74.1,59.1,Yes
13.8,,77.5,No
10,95.2,56.2,Yes
7.1,79.9,72.1,Yes
3.9,124.2,65,Yes
4.3,73.7,72.2,Yes
6.3,105.4,80.1,No
9.2,105.6,92.9,No
13,,66.8,Yes
8.5,68.4,64.6,Yes
8.8,73.3,86.4,No
9.6,71.8,54.8,No
12.4,104.5,72.1,Yes
13.2,66,56.2,Yes
3.1,,62.9,Yes
8.6,88.9,54.2,No
16.1,48.4,75,No
3.4,90.4,61.6,No
10.4,52.2,,Yes
9.1,66.8,46.2,Yes
7.2,98.1,67,nan
18,63.9,81.1,Yes
10.2,81.1,37.2,No
17.6,99.2,60.9,No
,52.2,55.9,No
12.3,78.5,78.4,No
7.1,87.9,50.6,No
,46.6,64.7,Yes
12,54.2,46,Yes
12.1,107.3,82.9,Yes
13,52.1,51,Yes
,68,82.4,Yes
3.3,34.7,65.8,Yes
6,59.3,51.6,No
14.2,90.5,74.1,Yes
0.2,94.2,76.3,No
11.5,90.9,90.6,No
9.4,74.3,73.4,Yes
14.2,53.5,74.9,Yes
12.1,83.3,77.7,Yes
6.7,66.2,14.3,nan
6.5,42.8,70.8,No
7.4,75.6,80.1,Yes
,100.4,68.5,Yes
,97.2,57.4,Yes
-1,98.6,54.4,No
5.6,81.1,64.4,No
,56.4,63,No
11.7,86.7,68.1,No
,78,65,Yes
8.9,69.9,74.5,No
10.8,88.3,45.4,Yes
10.4,84.1,77,No
9.4,62.6,84,No
3.9,61.7,39.9,No
4.7,51.9,58.4,No
3.1,80.1,77.7,Yes
12.8,93.1,71.3,Yes
9.4,63.2,47.7,Yes
9.7,53.7,73.9,Yes
1.5,85.1,36.9,Yes
9.8,106.6,72.5,nan
13.2,114.8,,nan
0.8,105.3,64.6,nan
7.3,74,77.1,Yes
2.1,57,70,Yes
7.9,87.2,53.7,Yes
5.5,150,56.5,Yes
11.9,71,60.3,Yes
10.8,113,61.3,No
16.5,102.7,82.5,No
9.7,87.7,87.3,No
,73.1,,No
7.2,75.2,87.2,No
4.5,44.1,69.2,Yes
14.2,95.9,24.9,Yes
16.2,100.9,65.1,No
13.5,59.7,53.4,No
10.7,62.4,75.1,No
5.1,94.5,62.9,No
15.7,68.5,69.7,nan
12.9,97.7,65.8,No
20.1,59.4,56.7,Yes
4.2,68.8,52.4,nan
14.3,85.4,57.7,No
12.7,68.5,71.6,Yes
8.3,67.4,85.6,No
16.8,66.9,71.6,No
12,88.9,103.2,No
,94.3,74.5,No
9.4,84.9,68.3,Yes
5.3,61,82.1,Yes
7.7,102.4,43.6,Yes
13.5,80.1,,No
14.9,96,74.2,No
11.1,49.2,54.1,No
,98.4,86.5,No
11.9,67.6,57.6,Yes
13.6,66.2,77.3,No
0.1,83.1,66.6,No
10.6,,94.2,Yes
9,82,76.1,No
14.8,69.5,73.8,No
11.9,103.3,59.7,Yes
12.4,80.4,56.5,No
7.6,55.1,,No
10,59,73.4,Yes
14.7,25.8,70.1,No
9.7,123.6,,No
10.9,24.9,60,Yes
2.3,64.2,69.9,No
9.7,89.8,50.6,No
-0.1,104.4,71.1,Yes
7.4,111.1,58.4,No
10.3,73,73.9,Yes
13.8,85,61.7,No
5,68.9,65.7,Yes
11.9,43.9,67.6,Yes
17.3,54.1,72.9,No
6.8,40.7,77.8,No
2.3,81.3,47.2,No
11.4,68.2,64.7,Yes
4,71.3,67.1,Yes
5.9,,111.8,No
14.6,79.9,78.5,No
19.4,88.2,,Yes
5,111.2,46.5,No
6.3,59.1,62.3,Yes
7.8,37.5,99.7,No
7.3,63.4,42.6,Yes
19.7,70.9,61.9,Yes
7.3,83.7,84.8,Yes
8.1,89.5,98.3,No
18.1,53.7,62.1,No
12.9,50.7,74.3,Yes
14.9,102.3,79.8,No
5.5,,75.5,No
7.3,82.1,69.7,No
4.8,80.3,86,No
14,78,83.1,No
16.1,70.5,72.5,No
7,60.8,91.2,Yes
8.2,64.2,67.8,Yes
8.4,118.3,68.5,Yes
2.3,111.1,62,Yes
6.6,,29.6,Yes
13.9,73.7,68.9,No
5.6,86.3,68,Yes
10.5,46.5,47.6,No
3.5,94.9,55,Yes
9.3,70.2,80.4,No
7.2,75.3,45.2,No
3.9,77,64.8,No
14,71.4,78.1,nan
,91.1,48.6,No
5.2,106.9,66.4,Yes
8.9,,70.9,No
10.2,76.3,78.2,Yes
0.9,,69.5,No
3,75.8,72.1,No
16.4,73.5,57.8,Yes
4.7,91.5,71.4,No
16.3,62.1,76.9,No
,57.2,44.2,Yes
13.3,81,,No
8.4,93.4,106.4,No
9.1,,57,Yes
19.3,94.3,67.5,No
3.7,49.5,53.6,Yes
13,,83.6,No
12.8,49.4,72.6,No
26.8,128.3,63.9,Yes
4.6,101.8,77.1,No
6.9,82.7,79.2,No
14.1,42.9,47.5,Yes
9,47.5,71.9,No
7.7,112.9,70.4,No
14.8,51.8,65.2,No
8.7,85,65.1,No
5.5,111.5,,Yes
13.6,77.1,43.8,Yes
11.9,51.1,57.6,Yes
8.4,39.5,66.8,Yes
8.2,82.7,57.1,Yes
5.4,52.9,63.8,Yes
13.6,75,60,nan
8.2,53.7,80.9,No
6.2,63,65.1,No
3.6,63.6,91,No
12,69.8,65.1,No
7.5,60.2,81.5,No
-0.1,80.7,73.5,No
4,94.9,86.7,Yes
8.8,67.8,60.3,Yes
9,80.2,68.4,No
8.8,56.3,45.5,No
8.1,43.7,43.6,Yes
2.6,83,78,nan
5.6,92.6,54.1,Yes
,36.7,80.1,Yes
15.2,73.2,64.5,Yes
12.9,83.6,78.6,Yes
12.4,80.8,77.2,Yes
14.5,63.2,28.5,No
4.4,76,60.7,Yes
10.2,93.5,49.4,No
4.4,,18.1,No
4.5,106.1,54.9,No
11.8,47.2,40.4,Yes
14.7,93,64.5,Yes
9,76.1,53.7,No
18.2,64.7,72.6,nan
11.1,38.2,66.3,Yes
6.1,98.8,78.7,No
4.6,56.3,77.9,No
15.1,74.4,77.6,No
10.6,84.4,69.6,Yes
13.4,122.6,59.8,No
-3.3,67.9,57.6,Yes
11.2,76,54.7,Yes
7.4,83.3,62,No
,77.3,78.2,Yes
9.7,59.8,79.5,No
15.5,104.7,42.1,No
21.3,65.8,67.9,Yes
11.2,84.4,66,No
6.5,70.7,49.2,No
6.2,62.9,76.4,No
14.8,96,93.9,No
5,80.3,58.5,No
13.1,31.3,64.5,No
11.5,81,72.9,nan
10.9,62.5,102.2,No
2.2,43.2,78.4,Yes
8.2,94.1,55.2,No
2.7,59.7,53.5,nan
7.1,80.2,65,No
,,63.9,No
16.2,70.2,76.5,Yes
11.1,80,65,Yes
7.1,61.4,68.3,No
17.9,97.1,53.7,No
7.1,71.4,62.8,No
4.3,85.7,72.4,No
13.5,105.1,97.7,Yes
12.3,38,64.4,Yes
7.3,61.3,69.1,No
10.5,71.5,57.6,nan
12.2,77.6,53.3,No
11,87.3,72.7,Yes
12.3,99.4,72.1,Yes
7.5,60.1,45.4,Yes
12.6,71,44.6,Yes
10.1,97.4,79.3,Yes
7.6,81.8,53.5,Yes
8.8,41,67.1,No
9.5,39.3,69.4,Yes
2.8,65.2,67.5,No
6.8,86,200,No
10.3,85.7,74.6,Yes
3.2,57.1,82.9,Yes
6.9,88.3,65,No
21.9,80,44.1,Yes
4.4,53.4,48,No
8.1,63,86.2,No
,36.1,53.3,No
9.4,51.2,79.3,No
5.9,37.3,44.9,No
8.8,44.1,46.2,nan
6.4,,71.5,No
15.3,67,54.2,No
10.4,39.5,,No
5,83.4,64.6,Yes
14.2,80.8,51.5,No
5.2,78.9,46.2,Yes
2.2,57.5,93,Yes
10,87.5,62.1,Yes
19.5,53,63.6,Yes
0.9,90.9,,nan
3.3,92.7,68.2,Yes
13.8,73.7,68.4,No
6.8,45.7,65.5,No
,91,39,Yes
,63.3,76,Yes
10.7,80.5,61.2,Yes
18.7,88.8,80.9,Yes
4,58.8,89.6,Yes
15.1,117.9,64.8,Yes
13.4,74.1,67.7,Yes
2.6,61.6,60.2,No
12.8,95,45.3,No
10.4,106,86.6,Yes
10.5,33.7,59.1,No
11.7,47.4,68.2,Yes
8.2,59.5,39.2,Yes
10.4,117.3,48.5,Yes
11.2,65.4,31.3,No
13.7,105.4,67.2,Yes
2.4,79.4,51.4,No
16.5,46,,No
4.2,92.6,67.1,No
13.8,81.3,42,No
10.4,57.8,56.7,Yes
3.6,61.8,68.5,No
12.6,54,66.9,No
5.3,62.5,32.2,No
15.3,88.2,,Yes
6.4,56.9,48,No
2.5,76.7,67.8,No
17.7,81.3,68.1,No
10.9,73.9,85.6,Yes
14.3,42.7,65,No
5.7,,58.1,Yes
0.5,51.7,49.7,No
18.4,63.5,70.3,Yes
10,65.8,43,No
12.5,74.4,53.6,No
13.3,76.9,20.2,No
8.3,88.7,42.5,No
11.1,68.8,79,nan
18,50.7,51.9,nan
9.8,96.7,60,Yes
14.7,67,50.9,No
0,71.3,80.4,Yes
15.6,55,59.2,No
2.4,57.7,65.4,nan
15,103.8,53.1,Yes
12,47.5,94.9,Yes
9.5,50.5,44.6,No
,65.8,56.8,Yes
8.7,81.4,86.1,Yes
5.9,55.7,62.5,Yes
,43.4,71.6,Yes
21,50.6,74.4,No
16.5,66.7,73,No
5.6,55,81.5,No
11.3,119.5,76.7,Yes
10.5,114.6,35.8,No
9.3,98.3,75.9,Yes
5,82.5,59.3,No
12.2,,72.5,No
14.2,101.4,47.4,No
,77.6,76.5,Yes
19.8,58.5,58.5,No
17.6,117.5,57.9,No
12.7,86.5,77.8,No
3.8,104.1,56.6,Yes
12,111.2,65.1,No
11.4,39.6,67.1,Yes
12.6,57.7,68.8,No
18,70.9,60.2,No
9.1,85,60,No
20.2,93.3,57.5,Yes
12,73.7,78.1,No
8.5,100.9,67.2,Yes
,87.2,79.5,Yes
14.1,86.9,76.3,Yes
7.7,69.5,75,Yes
10.4,81.3,57.5,No
,81.2,66.2,Yes
9.2,94.3,36,Yes
10.7,48.7,42.3,No
5.9,89,,Yes
1.6,42.1,60.1,No
10.5,57.9,84.3,No
10.7,87.2,74.6,Yes
12.6,58.2,54.5,Yes
7.1,75.5,85.4,Yes
3.3,56.6,61.4,No
5.2,87,87.1,No
,75.9,40.6,No
6.7,74.5,65.5,Yes
7.8,97,49.8,nan
8.4,83.3,63.1,Yes
6.9,84.9,37.8,Yes
6.5,97.2,54.6,Yes
5.6,99.2,78.8,Yes
17,56,73.1,No
13.4,89.7,72.9,No
16.2,83.7,63.3,No
17.2,101.2,56,Yes
-1.7,49.3,61.1,Yes
11.7,61.2,71.4,Yes
7.1,,73.5,nan
15.6,103.1,,Yes
6.3,69.3,,No
4.7,74.2,70.6,Yes
2.8,61.3,54.8,No
8.5,90.7,73.2,No
14.6,88.5,48.4,No
11.3,64.1,69.8,Yes
4,54.1,24.5,Yes
20.8,90.4,57,No
13.2,,54.6,Yes
13.9,61.7,85,No
16.4,88.9,59.9,Yes
1.8,87.8,49.6,No
5.4,99.6,,No
14.1,91.9,65.8,No
5.9,68.2,69.3,Yes
8.6,59.8,55.2,Yes
9.6,115.3,86.1,No
3.6,64.7,59.9,No
8.2,38.3,60.4,No
14.6,50.8,70.9,Yes
13.6,34.5,72.4,nan
15.6,99.4,100.4,Yes
15,111.4,81.5,No
12,80,68.6,Yes
11.6,42.9,49.3,Yes
11.3,99,49,Yes
6.9,84.3,65.8,Yes
4.9,99.6,92.4,Yes
6.6,86.8,85.4,Yes
8.4,47.3,72.5,No
6.7,88.2,42.9,No
12.1,43.9,49.5,No
11,59.6,59.3,Yes
11.5,95.7,64,No
11.8,94.7,58.8,Yes
16,56.1,82.7,No
10,52.2,85.8,Yes
15,75.5,59,No
12.6,115.1,58.2,No
15.6,86.2,59.3,No
18.1,122.1,58.1,Yes
12.9,71.7,70.8,Yes
10.5,92.7,60.5,No
10.5,68.7,81,No
7.6,59,61.6,No
7.5,56,53.3,Yes
14.5,82.1,65.1,No
5.2,100.9,62.4,Yes
18.1,68.5,65.5,No
,103.4,61.3,Yes
24.3,111.6,34.9,Yes
6.5,92.4,55.3,Yes
11.3,81.5,78.1,No
8.2,61.6,57.1,Yes
6,101.1,37.3,No
15.3,52.2,66.4,Yes
4.5,87.1,78.5,No
6.6,49.2,89.7,No
12.9,53.9,,Yes
13.7,73.8,80.5,Yes
3,,77.2,Yes
12.9,95.1,67.3,Yes
10.6,75.1,47.9,Yes
5.4,66.6,63.5,No
6.1,59.2,75.3,No
-0.2,89,65.8,Yes
18.6,88.2,82.5,No
15.1,78.6,68.6,No
3.6,81,59.8,No
14,107,71.3,Yes
7.1,95.3,53.5,No
14.6,46.7,66,No
7.5,92.8,60.8,No
8.2,,49.3,No
8.6,58.6,76,No
6.7,94,50.9,No
17,,69,Yes
14.5,84.6,59.4,No
10.5,70.3,69.7,Yes
15.1,73,65.6,Yes
,77.6,56.1,No
3.9,43.5,64.4,No
12.4,42.5,66.1,No
13.7,80.4,83.9,No
,74,92.7,Yes
0.6,88.3,50.2,Yes
4.7,69.4,55,Yes
12.1,76.7,30.2,No
22.1,94,47.5,No
16.1,29.5,50.9,Yes
17.9,56.7,33.1,No
11.7,64.5,40.9,No
11.7,,,No
4.8,46.7,57.2,No
14.8,56.8,58.3,No
9.6,89,51.9,Yes
13.5,84.3,107,No
10.2,19.1,70.6,Yes
11.4,70.5,64.3,No
9.6,72.2,84.2,No
11.1,,62.3,No
15,72.2,44.2,Yes
3.7,82.9,53.7,No
2.5,89.3,89,No
12.1,77,59.8,nan
17.2,87.9,38.6,Yes
18.5,,76.5,No
3.9,29.3,70,No
8,72.3,56,Yes
2.6,50.4,67.7,No
7.2,77.3,84.8,No
15.6,,75.8,Yes
9.9,70.4,61.7,No
8.1,58.2,82.6,No
12.7,67,87.7,No
6,81.1,50.3,Yes
,56.7,97.9,No
10,62.6,66.6,No
8,39.9,75.1,Yes
12.9,80.6,,nan
14.7,49.5,73.8,Yes
18,75.6,73.1,No
9,89.1,,Yes
15.4,100.4,,nan
10.5,68.6,81.9,No
-1,87.5,57.1,Yes
6.1,74.9,80.1,Yes
,37.6,43.3,No
6.3,45.3,75.2,No
15.6,91.9,106.7,No
13.5,98.2,71.6,No
3.8,32.6,44.9,No
1.3,81.7,78.3,Yes
4.4,80.4,88.6,No
6.1,58.9,73.1,No
8.5,59.2,59.2,Yes
15.9,53.9,51.2,No
,36.6,66.3,No
18.4,53.9,73.7,No
1.6,88.9,37.8,No
,68,,No
,89.7,20.7,Yes
14.2,35,79.9,Yes
8.3,83.8,76.8,No
,90.6,81.2,No
14.1,22.7,44.9,No
6.6,64.5,80.6,No
11.6,81.9,101,Yes
13.5,101.1,62.9,No
6.9,47.4,69,Yes
18.5,102.7,43.8,No
5.8,83.8,53.4,Yes
10.7,54.9,60.8,Yes
3.8,94.9,,No
10.5,121.1,48.9,No
4.7,68.3,58.7,No
8.5,66.6,,No
2.1,56,43.6,Yes
14,111.8,64.3,No
11.8,,41.3,No
15.4,55.6,64.2,No
8.3,62.5,86.1,nan
15.7,62.8,69,No
10.2,63.4,83.3,No
10.6,59.2,65.4,No
20.6,60.7,70.5,No
7.6,,52.3,No
16.1,102,75.5,Yes
12.4,55.2,55.6,Yes
7.1,48.9,,No
3.4,81.5,64.3,No
4.8,85.7,42.4,No
15.7,105.8,74.5,Yes
18.7,103.2,94,No
,43.3,60.7,No
10.7,35,61.4,No
-1,,72.5,Yes
10.4,85.8,73.9,No
15.5,104.6,66.9,No
11.5,82.9,40.7,No
10.7,63.7,83.1,Yes
6.5,95.8,81.1,No
5.3,54.1,46.7,No
-5.8,115.1,23,Yes
16.2,80.4,105.9,Yes
9.3,60.3,54.1,Yes
8,57.3,43.8,Yes
0.2,78.9,,Yes
6.8,73.4,57.4,No
-1,72.3,73.3,Yes
6,48.8,93.7,No
11.7,71.8,59.3,Yes
10.6,91.5,37.7,Yes
3.2,59.9,71.5,Yes
3.5,80.1,69.4,Yes
3.5,97.4,54.5,No
19.1,87.6,60.2,Yes
17.5,50.8,67.3,No
5.7,81.4,77.1,No
0.1,104.3,73.3,Yes
10.6,84.9,69,Yes
10.2,98.6,65.7,Yes
11.6,94.6,94.1,Yes
13.7,52.2,73.2,Yes
12.3,110.6,81.6,Yes
4.4,100.1,78.1,Yes
11.5,69.3,70.3,Yes
14.3,100.9,87.4,Yes
6.4,150,53.6,Yes
11.5,73.2,77.4,No
7.2,57.1,45.3,No
20,54.3,66,No
3.4,78,36,Yes
15.8,,46.1,Yes
1.6,45.3,,Yes
19,82,92.3,Yes
4.3,85.2,62.5,No
10.9,81,,Yes
1.9,80.8,87.6,Yes
3.3,83.2,61.7,No
14.5,78.3,90.8,No
15.1,82,64.4,No
11.2,85.1,49.6,No
13.7,63.3,81.5,Yes
15.2,49.7,74.4,nan
6.6,81.4,60.5,Yes
3,78,50.7,No
9.9,84.1,80.1,No
7.1,97.8,48.4,Yes
11.9,74.3,32.5,Yes
12.7,72.3,82.5,Yes
6.6,84.4,78.2,Yes
13.5,54.6,75.2,Yes
13.3,75.8,60.8,No
13.6,73,75.3,Yes
8,92.5,53.7,Yes
13.9,65.8,67.7,Yes
12.6,76.8,91.7,No
13.2,71.9,64.5,No
18.4,25.3,72.1,No
11.6,64.4,45,Yes
7,74.8,57.9,No
4.4,57.2,,No
15.6,72.6,81.6,No
11.8,101.8,95.9,No
18.4,94.3,70.1,No
-0.1,37.7,39.1,Yes
14.6,90.2,47.3,nan
8.7,86.2,82.4,Yes
8.2,73.1,54.5,No
6.2,28.1,76.7,Yes
14.5,90.7,70.4,No
13.1,66.4,65.7,No
4.3,79.2,69.2,No
10.8,55.6,67.7,No
13.5,60.2,45.1,Yes
10.9,93.7,60.7,No
15.5,107.5,97,No
8.5,66.5,48.5,Yes
-1.3,105.3,48,No
10.9,66.4,58.2,Yes
10.9,66.2,93.4,Yes
11.6,46.6,51.4,Yes
15.5,84.9,57.7,No
0.2,,,Yes
8.8,72.2,57.2,Yes
5.4,67.4,60.8,Yes
4,55.2,72.4,No
9.6,87.5,40.6,No
13.5,73.8,68.7,No
11.5,91.2,50.2,Yes
6.6,56.1,71.7,No
9.3,79.8,,Yes
14.6,117.7,60.8,No
13.4,60.8,51.2,No
7.2,65.3,,No
6.9,65.1,88.6,No
1.4,54.1,73.9,No
7.9,108.2,74.4,No
1.3,28.9,63.9,No
,50.5,62.1,No
5.7,84.4,62.9,No
15.5,60.4,61.2,Yes
19.1,74.4,55.6,Yes
11.1,74.4,54,Yes
9.5,84.9,53.7,Yes
3.4,76.6,60.7,Yes
7.5,67.2,200,No
18,77.6,68.1,Yes
11.8,71.4,42.3,No
10.1,108.9,70.3,No
16.6,63.5,64.6,No
13.5,86.1,89.8,No
9.3,93.3,84.5,Yes
,48.6,49.1,Yes
6.2,52.7,64.7,Yes
7.2,113.6,69.9,Yes
9,61.5,55.9,Yes
12.8,75.2,51.4,Yes
3.8,71.5,68.6,No
10.4,74.2,74.9,No
8.1,67.6,65.5,No
5.5,77.4,62.4,No
8.1,,62.2,No
-1.6,70.5,48,No
6.2,35.6,75.5,Yes
4.5,72.7,68.1,Yes
8.6,81.7,66.9,Yes
-1.4,94.2,72.2,Yes
11,98,104.5,Yes
14.5,67.5,93.3,Yes
9.4,91.8,71.8,No
12.5,52,55.7,Yes
,64.7,77.9,No
2.2,107.4,61.7,nan
10,78.6,67,No
13.4,79.7,77.7,No
3.4,71.4,72.7,No
7.7,112.4,67.9,No
8.8,85.6,73.7,Yes
24.3,104.7,81.4,Yes
11.1,63.2,45.2,Yes
0.5,55.6,73.2,Yes
-0.8,,51.5,Yes
13.7,87.6,71.6,Yes
22.4,107.9,47.3,No
8.6,90,65.5,Yes
8.3,92.5,66.9,No
12.2,78.5,63.6,Yes
6,49.5,74.9,No
-2.7,115.5,60.3,No
15.2,88.3,61.4,No
6.9,85.5,63.7,Yes
15.3,92.5,55.1,Yes
,40.7,58.2,Yes
10.6,65,75.8,Yes
14.3,87.4,76.5,Yes
15.4,72.1,53.2,No
11.2,73.5,,Yes
10.9,100.6,43,nan
,77.3,60.2,Yes
12.3,122.6,48,No
3.5,74.2,66.2,No
3.6,,65.1,No
-0.5,84.7,86,Yes
13.8,63.5,84.8,No
8,54.4,58.3,No
14.1,75.7,65.7,No
12,113.4,51.8,No
5,67.1,55.2,Yes
9.4,85.4,41.9,Yes
7.7,69.9,73.5,nan
7,79.4,54,No
14.6,97.8,53.8,No
22.6,77.3,57.9,Yes
15.6,62.7,57.7,Yes
9.9,107.1,51.6,No
16.3,62.9,77,Yes
18.6,88.5,65.7,No
3,45.2,54.8,No
16.1,100.7,64,Yes
13.8,127.1,62.1,No
15.9,74.5,62.3,Yes
14.1,54.5,,No
8.9,90.4,,No
20.2,76.8,93.8,Yes
11.7,117.8,,Yes
7.8,63,90.3,Yes
12.5,48.3,,No
14.9,81.1,63.7,Yes
10.5,86.7,51.4,No
12,59.6,56.2,No
,94.2,66.9,Yes
6.7,76.1,48.9,Yes
5.9,69.6,63.6,No
3,85.9,93.1,No
17.6,69.2,69,Yes
8.9,60.3,71.8,Yes
-7.1,42.7,49.6,No
12,62.7,72.3,No
11.9,124.9,41.6,No
0.7,75.7,30.7,No
5.8,54.7,71.8,Yes
5.6,100.3,67,No
6.3,74.1,85.7,No
16.1,80.8,38.2,Yes
9.3,80.5,77.3,No
7.9,104.7,61.6,Yes
15.6,48.4,75.5,No
12.5,104.2,43.7,No
1.3,89.9,72,No
6.9,76.5,41.6,nan
11.6,57.9,85.7,Yes
,70.1,56.3,No
20.1,75.8,61.9,No
10.6,111.2,70.4,Yes
6.2,103.7,51.4,No
4.4,67.2,76.1,Yes
14.6,115.2,82.4,Yes
6.8,94,41.4,Yes
11.9,84.4,58.1,Yes
4.2,69.4,56.1,Yes
10.4,63.5,49.5,Yes
6.8,85.9,64.1,Yes
8.4,82.7,70.9,No
6,67.2,52.3,No
15.1,97.3,89.3,Yes
7.5,78.3,64.9,No
9.3,83.4,67.1,nan
9.5,96.5,,No
18.1,91.5,43.8,Yes
14.5,42.6,41.3,Yes
14,90.2,83.1,Yes
2.1,75.6,84.6,No
6.7,66.1,79.4,No
15.9,76,58.2,Yes
,68.9,53.7,No
10.4,77.5,56.7,No
4.7,74.6,33.8,No
5.2,88.8,60.4,No
18.4,44.4,63.5,No
13.6,78.7,62.7,nan
14.9,74.4,54.4,Yes
13.9,120,68.3,No
9.3,35.9,80.3,Yes
6.5,93.4,49.8,No
8,83.7,57,Yes
9,90.3,8.3,No
18.9,66.1,83.7,No
3.3,81.4,56.6,No
7.2,77.9,66.5,Yes
5.4,145.7,57.2,Yes
15.3,68.8,66.3,Yes
19.3,,73,Yes
11.5,115,55,Yes
12,81.9,71.8,Yes
10.5,85.3,,nan
12.2,97.5,75.8,No
13.9,76.5,,Yes
12.1,66.6,73.5,No
12.5,77.6,72.2,No
13.9,58.2,105.3,No
1.1,46,78.3,No
10,58.1,83.2,No
11.5,27.8,69.2,No
12.1,67.7,67.4,No
9.1,65,36.4,Yes
10.8,87.1,85.8,No
6.4,77.6,94.3,No
1.1,72.2,64.8,No
,98.6,54.5,Yes
4.3,66.7,56.1,nan
9.2,52.8,62.1,No
6.3,24.4,53.1,Yes
17.9,75.5,68.8,Yes
9.6,73.9,79.2,Yes
8.4,100.4,63,Yes
13.7,57.6,71.9,Yes
20.8,90,,No
12,25.3,59.4,No
8.1,49,89.4,Yes
13.5,82.7,94,No
2.1,88.8,84.9,Yes
10.2,41.8,68.8,nan
20,59.1,49.8,No
10.8,75.9,73.5,Yes
10.5,73.1,70.8,No
10.1,86,92.5,Yes
8,93.3,59.7,Yes
11.6,49.4,53.9,nan
13.9,83.9,92.3,No
8.3,60.6,,Yes
-2.5,81.7,65.3,Yes
12.3,65.7,55.4,No
20.7,96.5,67.9,Yes
8.1,86.7,,nan
2.6,55.2,64.9,No
13.4,41.4,,Yes
18.7,98.8,65.5,No
12.6,60.9,46.3,Yes
18.6,63,82.3,Yes
14,89.8,77.8,Yes
13.5,54.5,73.6,No
7.4,79,54.3,Yes
11.4,,81.8,No
9.9,73.4,64,Yes
9.7,98.9,58.9,Yes
8.7,84.3,62.3,nan
11.1,94.6,62.8,No
3.5,70,47.4,Yes
14.1,60.5,76.6,No
5.6,95.8,67.4,No
8.7,63.6,78.1,No
11.7,77.5,56.4,No
5.4,83.5,71.1,Yes
0.2,59.6,63.6,No
8.1,59.7,58.7,Yes
2.8,69.6,70.3,nan
13.6,89.9,75.3,No
4.2,81.9,55.9,No
17.4,47.9,88.7,No
10,114.1,61.3,No
10.3,82.6,97.8,nan
0.1,66.5,53.8,Yes
10.7,71.9,59.9,Yes
9.6,70.2,33.7,No
3.5,67.6,64.9,Yes
,98.3,83.1,No
8,122.5,49.9,No
8.9,64.7,74.7,Yes
10.1,65.8,55.2,No
7.6,73.2,69.7,No
11.2,47.5,78,Yes
9.6,85.6,98.4,Yes
12.4,78.7,83.3,No
7.4,,60.5,Yes
4.7,37.9,41.9,Yes
6.5,29.8,72.5,nan
17.2,67.6,86.6,No
14.8,88.2,,Yes
16.1,39.4,58.6,Yes
16.4,92.9,77.1,Yes
7.7,68.9,,Yes
11.5,58.4,,Yes
10.4,,69.7,No
,49,76.3,Yes
8.6,24.2,48.9,Yes
10.5,99.1,38.8,No
10.4,74,47.2,nan
12.7,60.6,52.8,No
13.3,63.4,94.3,Yes
10.5,59.5,58.1,Yes
10.6,67.9,72.8,Yes
11.1,72.8,56.5,No
18.2,88.8,54.8,Yes
1.4,61.1,81.3,nan
-1,,38,Yes
13.4,64.3,84.6,No
11.3,124.3,64.9,No
11.3,78.1,66.6,nan
13.3,83,81.2,No
11.1,,86.3,No
7.2,109.7,51.7,nan
13.1,92.2,42.1,No
10.1,54.2,40.2,Yes
7.8,78.2,65.3,Yes
13.5,67.3,51.1,Yes
13.3,83.2,45.7,No
11.1,94.9,72.8,Yes
18.6,,73.8,No
16.6,82.2,61.1,No
15,58.9,61,No
22.8,103.3,68.7,No
9.3,94.3,46.6,No
7.7,35.2,73.4,No
14.3,52.5,76.4,Yes
8.7,48.1,84.8,No
10.1,73.8,37.6,No
5.1,81,72.7,Yes
13,90.8,73.7,No
2.6,70.1,89,nan
9.5,69.4,62.1,nan
9.9,80.7,62.1,Yes
7.8,138,61.6,No
,44.7,59,No
1.2,37.4,51.5,Yes
6.3,64.3,49.7,Yes
12.7,60.6,54.7,nan
11.4,,71.8,Yes
9.9,,51.5,Yes
5.6,51.6,74.5,Yes
11.7,63.1,64.5,No
1,69.1,73.2,Yes
-2,69.6,75.5,Yes
8.8,,60.9,No
7.3,72,82.6,nan
15.1,58.9,82.3,Yes
10.8,69.9,47.3,Yes
18.3,74.9,54.5,No
7.3,,60.1,Yes
12.4,45.4,80.4,No
8.7,75.5,84.5,Yes
16.9,78.3,69.5,No
9,78.7,86.3,Yes
14.3,79.6,59.8,Yes
4.6,48.7,87.5,No
7.9,78.2,79.2,Yes
9.6,77.1,67.6,Yes
16.3,86,74.8,No
-1,71.7,82.9,No
8.3,64.2,58.4,No
8.2,95,55.6,Yes
-0.4,50.6,73.2,No
7.7,47.5,62.1,Yes
2.3,50.2,65,No
-1.7,81.9,88.3,Yes
8.7,,53,No
8.5,72.8,78.2,No
8.8,102.7,69.1,Yes
11.3,51.5,48.4,No
5.6,41,45.9,No
19,91.6,30,Yes
9.8,58.3,58.4,Yes
16.4,51.6,48.9,No
1.6,72.8,65.6,Yes
5.8,71.2,67.7,No
13.4,57.6,39.3,Yes
8.9,86.2,33.7,No
4.6,59.4,73.3,No
,58.5,58.9,Yes
13.7,37.7,52.1,Yes
13.3,25.9,60.9,Yes
11.2,79.7,71.6,No
7.5,48.6,79.5,No
4.4,71.9,64.8,No
9.7,113.6,68.7,Yes
3.4,84.3,78.8,No
6.2,75.6,78.5,No
16.3,83.5,82,Yes
0.7,118.1,45.7,Yes
13.4,37.3,23,Yes
17.5,72.3,53.2,Yes
14.1,104.5,79,No
12,,64.1,No
7.7,99.1,,Yes
6.8,62.5,46.2,No
-1.2,50,53.4,Yes
10.2,113.2,71.3,nan
8,76.5,68,Yes
6.5,91.5,68.3,Yes
9.9,92.8,62.6,No
,100.6,63.3,No
6.8,80.9,90,Yes
18.1,81.8,63.4,No
13.7,84.9,,Yes
14.5,62.2,64.4,nan
9.5,96,81.5,Yes
12.6,63.6,63.5,No
5.5,97.1,61.9,Yes
13.3,90.9,63.4,Yes
9,30.9,77.2,Yes
4.9,91.1,42.7,Yes
9.9,,58.7,No
8.5,101.7,74.9,Yes
21.6,109.7,63.1,No
12.2,77.2,53.2,No
17.9,82.1,63.3,No
,49.3,76,No
,71.6,82.6,nan
7.8,108.1,48.7,No
1.3,75,90.4,Yes
5.6,93.5,54.4,Yes
13.3,74.6,63.3,No
8.5,72.7,49.6,No
,86.5,68.5,No
-0.2,16.8,57.5,No
12.3,82.4,56.5,Yes
,30,71.1,nan
1.1,73.3,62.9,No
11.9,58.3,55.1,Yes
16.7,51.9,57.7,Yes
18.4,104.6,74,No
7.5,97.4,45.7,No
13.9,,69.7,Yes
17.1,122.6,48.5,Yes
12,94.9,73.2,Yes
16.4,71.8,85.4,No
9.8,37.2,52.3,No
12,73,51.9,No
6.9,62.4,94.4,Yes
9.2,65.8,,No
12.2,,60.5,Yes
6.5,62.4,63.8,Yes
8.9,101.4,,Yes
13.8,64.4,33.5,No
20.3,54.6,64.4,Yes
-0.2,88,57.7,No
19.9,74.4,74.7,No
8.7,92.1,65.2,No
14.8,78.4,59.8,Yes
15.8,47.2,,Yes
17.8,81.1,39.8,No
,56.8,48,No
8.9,77.9,48.6,No
,63,76.2,No
8.2,70.9,73.8,No
,75.9,68.4,No
9.6,89.7,90.9,No
1.9,64,68.7,No
6.8,19.2,66,Yes
2.1,55.9,57.4,Yes
8.9,77.7,61.1,Yes
13.4,98.6,52.1,Yes
6.7,81,82.9,No
8,94.9,72.2,Yes
,78.2,62.4,No
10.7,79.4,61.9,No
,70.2,84.1,Yes
14,,75.5,Yes
21.3,107.9,53.3,No
10.6,55.7,43.2,No
,79.5,,No
2.1,51.2,69,No
8.1,108.4,39.3,No
8.6,78.4,38.8,nan
4.9,74.6,59,No
7.3,52.2,76.4,Yes
9.5,70.5,68.2,No
7.5,73.5,66.5,Yes
23,53.5,60,Yes
12.6,78,78.9,nan
20,57.8,75.6,No
17.5,83.7,92.9,No
6.8,55.3,62.9,No
,78.1,82.8,Yes
7.8,71.1,,Yes
9.2,81,59.9,No
5.1,78.3,69.9,No
7.8,76.9,61.9,No
,60.2,58,Yes
11.7,86.1,73.2,No
11.3,,56.6,No
9.7,87.7,96.1,Yes
14.3,,71.4,No
8.7,71.4,73.2,Yes
17,54.7,70.8,Yes
0.8,61.8,93.2,Yes
13.3,65.5,86.5,No
12.4,94.2,81,Yes
6.6,50.1,87.4,Yes
8.2,48.2,64.7,Yes
12.3,73.6,81.5,Yes
14.6,59.7,69.7,No
1.3,67.4,83.1,Yes
13.1,66.2,66.9,No
7.7,62.4,68.2,No
15.6,59.7,49.6,Yes
0.8,56.4,44.3,No
,67.6,80.1,No
5.6,45.8,,Yes
17.1,87.1,71.6,No
9.7,57.3,69.5,No
5.9,84.1,53.3,No
11.3,,47.8,No
15.1,95.7,81.3,No
2.2,75.8,72.4,No
13.5,53.5,84.3,Yes
9.9,125,49.1,No
12.9,66.6,66.1,No
10.1,63.9,76.9,No
7.1,65.2,92,No
4.4,83,71.9,Yes
13.4,45.9,70.9,Yes
13.3,77.7,54.8,Yes
13.3,41.3,62.3,No
12.1,73.5,45.3,nan
14.7,97.5,55.4,Yes
17,,80.5,No
0.6,92.8,53.6,No
-1.7,41.6,65.6,Yes
18.6,150,,Yes
,50.5,69.4,Yes
4.6,113.2,56,Yes
8.6,66.8,70.4,No
1.7,62,71,No
,69.8,55.3,No
5.3,75.1,47,Yes
8.8,67.6,49.8,Yes
11.4,51.2,75.4,No
8.3,102,40.4,No
8,96.8,52.6,No
11.3,81.7,65.2,Yes
15.2,80.6,83.7,Yes
18,79.3,76,No
8.9,65.9,58.1,Yes
19.1,63.7,56.3,No
14.4,106.9,62.9,No
3.8,87.5,86.6,No
3.7,48.4,47.1,No
7.1,66,47.2,Yes
17.2,84.8,63.8,Yes
7.5,82.4,71.4,No
0.5,85.6,51.2,No
8.9,45.3,76.9,Yes
0.1,81.4,77,No
4.7,97.3,64.3,Yes
7.1,44.9,58.3,No
10.7,109.8,67.5,Yes
15.1,81.6,33.1,Yes
13.5,77.2,36.8,Yes
4.1,56,71.2,Yes
8.1,62.3,42.7,nan
10.4,67.4,53.7,nan
8.7,,,nan
8.7,,78.3,No
1.4,57.2,70.8,No
4.2,88.7,63.7,No
8,14.1,64.7,Yes
-5.5,70.1,58.8,No
13.2,55.6,65.1,No
3.1,75.1,63.2,No
13.4,122.1,,Yes
13,108.5,64.7,Yes
7.3,,59.3,Yes
15,71.3,77.8,Yes
13.7,58.2,67.4,Yes
8.5,72,70.8,nan
7.9,89.7,43.2,Yes
15.5,48.7,50.4,No
11.2,106.3,66.2,No
15.2,93.3,78.4,No
-1.9,,75.5,Yes
10.5,82.6,54.3,No
2.1,56.9,70.3,Yes
9.9,95.2,81.8,Yes
13.6,68.6,58.8,Yes
18.7,41.2,56.8,No
5.3,76.6,75.4,No
7.4,51.8,84.7,Yes
9.5,62.9,67.3,Yes
5.1,89.1,45.6,Yes
14.9,72.6,72.6,No
9.6,74.3,72.5,No
10.6,98.4,71.8,No
,29.9,56.4,Yes
9.6,97.5,97.9,No
5.9,77.9,89.3,Yes
9.7,73.6,63,Yes
5.7,74.2,49,No
10.5,87.8,56.5,No
15,95.5,75.2,Yes
4.1,70.3,72.2,Yes
2.3,72.3,74.1,No
10.2,87.2,70.3,Yes
6.2,33,78.3,Yes
10.2,73,54.5,No
11.6,85,53.1,No
-0.7,65.1,68.4,nan
13.4,59,,No
4.2,72,41.8,No
9.9,63.3,67.8,No
6.7,70.1,55.1,Yes
7.2,65.6,66.7,Yes
18.5,106.2,68.7,nan
11.6,52.2,53.4,No
14.5,,65.4,No
10.8,63.3,56.6,Yes
13.1,81.5,42.5,No
12.1,87.9,72,No
11.3,105.6,,Yes
15.5,82.9,68.6,No
10.8,67.1,85.9,Yes
21.4,76.3,74.3,Yes
14.8,113.4,55.2,Yes
4.3,78.3,65.7,No
9.1,48.8,93.3,No
12,67.3,55.1,No
10.2,66.8,66.3,No
13.4,89.6,80,No
14,150,77.8,Yes
3.2,64.8,55.6,Yes
16.4,79.3,94.3,Yes
7.5,69.4,65.6,No
7,76.8,63,Yes
7,78,55.1,Yes
14,,85.1,Yes
8.7,56.5,47.2,No
6.7,91,60.1,Yes
7.9,64.3,83.3,Yes
1,74.8,74.6,No
,50.8,90.3,nan
3.8,75.8,82.5,Yes
8.7,78.8,50.9,No
13.3,75.7,72.6,No
12.8,59.4,47.3,Yes
16.3,97.6,74.5,No
15.2,86.7,49.3,No
7.4,72.2,65.2,nan
10.1,72,46.4,Yes
,60.2,57.9,No
-0.8,62.5,57.9,No
3.9,104.1,,Yes
9.2,67.8,78.3,nan
9.1,130.3,54.4,No
12.6,51.8,48.2,No
12.3,82.4,67.1,Yes
1.1,79.5,,No
12.6,75.7,61.9,No
10.9,43.2,74.1,No
13.1,47.6,63.4,No
15.3,78.9,62.3,Yes
9.3,54.5,76.2,Yes
16.2,99.2,82.6,nan
5.6,70.5,74.1,Yes
5.3,,66.9,Yes
12.1,74.2,45.1,Yes
8.2,73.6,65.1,No
11.3,105.4,50.6,Yes
20,96.7,70,Yes
12,,58.2,Yes
11.1,88.5,88.4,nan
5.7,98.5,83.4,Yes
1.5,63,74.1,nan
9.6,43.9,43.8,Yes
15.3,86.1,52.6,No
8.4,99.9,81.3,Yes
12,40.7,62.8,Yes
17.1,62.9,72.9,No
17,70.2,46,Yes
,55.4,41.6,No
10.9,72.1,60.7,No
2.4,52.7,74.1,Yes
6.8,68.6,43.3,No
,89,,No
5.7,33.6,72.8,No
11.2,54,81.5,Yes
19.6,103,55.5,No
17.6,58.5,85.6,No
11.2,23,52.5,Yes
13.9,78.4,36.1,No
6.4,73.5,66.1,No
17.3,78,77.4,Yes
2.2,76.1,55.1,Yes
14.6,100.5,68.8,Yes
12.5,60.9,80.8,No
6.2,73.1,86.3,Yes
9,66.3,76.9,Yes
4.3,88.5,61.6,Yes
4.5,90.6,62,No
,82.4,59.5,Yes
13.8,118.1,65.8,Yes
16,,76.5,Yes
-0.8,100.1,51,No
19.2,57.3,56.3,Yes
9.9,61,75.8,No
11.4,114.6,62.7,Yes
2.6,47.9,67.6,Yes
16.6,90.4,74.6,Yes
,100.7,62.8,Yes
15.7,98.5,52.4,Yes
16.1,43.1,89.4,Yes
16.7,68,70.9,No
6.8,87.4,79.3,Yes
9,89.8,61.7,Yes
6.9,74.8,69.6,No
14.5,61.1,83.2,Yes
11.7,69.5,69.9,Yes
15.3,62.6,65.7,Yes
15.6,50.1,,No
1.4,69,34.8,Yes
16.8,,92.4,No
14.8,69.4,65.3,No
8.2,44.7,101.7,No
11.7,67.8,73.8,No
9.4,109.6,55.8,No
13.1,43.1,62.5,Yes
8.1,75,88.7,No
12.4,89.8,86.4,No
10.3,52.2,79.1,Yes
7.8,78.8,42.3,Yes
11,56.7,42,Yes
23.5,50.5,84.4,Yes
6.6,87.5,74.1,No
8.8,111.5,88.5,Yes
6.7,67.3,63.9,No
7.2,86.6,50.8,No
14.1,84.7,69.9,Yes
13.6,78.5,71.9,No
10,,53.5,No
15.1,54.7,46.3,Yes
14,59.1,75,No
9.2,71.4,52.2,No
2.3,66.6,95.2,No
,52,89.6,No
10.8,70.9,76.7,No
10.1,62.3,90.3,No
7.7,86.1,73.7,No
13.7,67.2,61.7,No
11.7,91.9,89.2,Yes
8.8,79.6,73.1,Yes
3.9,65.1,59,No
15.3,71.7,49.9,No
13,72.3,54.8,Yes
11.3,78.3,82.3,nan
-3.3,82.2,64,No
9.8,,91.7,No
8.8,70.2,74.7,No
6.9,77.3,77.1,No
13.8,15.9,55.4,No
13.6,86.1,58.2,No
12.2,55.9,44.5,Yes
15.2,69.2,53.6,Yes
4.9,61.5,56.4,No
7.7,90,62.1,No
10.4,95.5,94.7,Yes
6.9,72.8,56.8,No
13.6,73,84.9,No
7.4,74.2,48.5,No
16.5,74.7,,No
5.3,95,68.2,No
20.7,135.2,79.9,Yes
20.1,71.6,65.3,Yes
9.5,86.4,62.2,Yes
15.7,58.1,76.5,No
8,59.9,67.9,nan
15.1,54.6,,No
9.1,101.8,88.5,Yes
3.6,89.1,70.3,Yes
-7.7,67.3,68.1,Yes
8.7,79.3,68.1,No
11.4,90.3,43.9,No
16.7,98.9,42.8,Yes
10.2,83.2,92.4,No
15,,60.2,Yes
7.7,101.4,64,No
,52.9,,Yes
15.3,36.6,68.5,Yes
-2.3,100.1,55.4,No
10.1,66,59.2,No
8,,62.4,No
16.8,113.4,71.7,Yes
7.4,112.1,74.4,No
12.6,14.8,64.7,Yes
14.6,91,37.9,Yes
2.5,64.8,79.6,No
,62,74.8,Yes
7.8,82.4,44.4,No
14.7,,63.7,Yes
13.4,90,60.5,Yes
8.8,101.4,82,No
4.8,71,74.8,Yes
15.2,82.2,47.3,Yes
,65.8,95.7,Yes
1.9,84.4,64.9,Yes
2.3,103.3,76,No
12.2,83.2,62.7,nan
3.6,72.6,52.3,No
19.3,101.2,,Yes
5.3,66.9,37.6,No
10,67.4,35.9,No
10.8,61.7,61.1,No
6.4,43.6,55,Yes
-1.2,57.8,60.7,Yes
11,76.1,51.2,Yes
6.2,,,Yes
10.6,55.6,70.2,No
9.4,64.8,65.8,No
11.3,37.1,85,No
17.8,118.7,97.7,No
7.3,104.3,45.7,No
7.7,60.7,70.4,No
1.7,77.8,59,Yes
9,57.4,73.7,Yes
12,95.5,67.7,No
7.6,87.9,52.3,Yes
12.1,48.7,80,No
9.1,55.5,64,No
3.5,73.6,70.3,No
11.6,102.7,77.8,Yes
9,67.4,77.7,Yes
10.6,101.2,57,No
7.2,81.2,60.6,Yes
6.7,58.3,60.1,Yes
10.8,66.6,48.2,No
8.8,87.6,63.2,No
18.6,91.8,72,Yes
14,93.6,50.2,No
12.7,79.3,66.4,Yes
9.1,83.9,79.3,Yes
-0.1,120.1,81.4,Yes
6,123.1,39.1,Yes
6.8,75.9,26.1,No
8.6,39.6,63.1,No
9.8,77.6,58.7,Yes
13.3,77.3,46.3,No
11.4,49.8,60.9,No
15.8,77.5,55.3,Yes
8.4,54.1,52.4,No
11.3,82.5,53,No
11.7,86.9,65.3,No
11.2,85.5,31.4,No
16.4,94.8,62.5,Yes
14,84.4,107.9,No
3.4,,77.3,Yes
9.4,100.8,58.5,Yes
9.9,66.2,81.2,No
20.8,72.1,86.5,No
8.4,67.9,,No
5.1,60.1,47.3,Yes
12.2,69,52.9,Yes
12.5,91.7,51.6,No
9.6,89.5,41,No
8.9,,80.4,No
14.7,109.3,96.5,Yes
5.7,91.9,65.6,Yes
8.3,79.6,54.6,Yes
7.4,47.4,75.3,No
15.5,51.3,82.5,Yes
11.4,105.1,54.6,No
4.7,95.1,68.9,Yes
5.2,97.6,39.2,Yes
19.4,72.3,66.9,No
15.4,101.1,50,No
14.2,47.6,69.5,No
10.1,50.3,56.8,No
17.5,95.2,65.2,No
,56.6,97.3,Yes
13.8,74.2,66.5,No
7.8,39.5,72.2,Yes
8.8,18.1,62.5,No
13.6,54.6,38.6,Yes
9.3,67.4,55.5,No
7.8,56.5,56.9,No
7.5,87.4,73.7,No
,95.2,70.8,No
13.8,87.2,69.8,Yes
5,51.9,78.5,Yes
19.3,85.5,47.7,No
8.6,50.4,95.7,No
16.5,112.3,39.8,Yes
1,76,45.1,Yes
13.7,57.9,70.6,Yes
14.9,76.1,48.7,No
16.5,78.4,65.7,Yes
2.4,89.2,54.1,Yes
6.5,37.2,72.6,No
12.9,61.1,64.4,No
10.7,84.6,56.4,Yes
,90.6,64.6,Yes
,140.4,95.4,Yes
17.8,102.6,63.7,nan
23,61.2,44.1,No
10.5,110.5,37.7,No
12.3,86.6,,No
10.3,102.3,,Yes
16.4,84.3,86.8,No
14.1,103.7,78.3,Yes
4.7,96.7,53.3,No
6.9,86,45,Yes
5,,61.9,No
23.5,66.2,63.3,No
13.2,56,,Yes
7,73.5,74.6,Yes
6.6,97.1,50.9,Yes
14,86.6,62.2,No
14.5,59.5,69.3,Yes
14,94.4,41.5,Yes
,51.5,69.8,No
11.5,81.6,79.4,Yes
10.6,102.9,76.5,nan
5.3,51.5,64.6,nan
5.4,78.4,48.4,No
12.1,61,51.9,Yes
11,107.6,61.8,nan
12.8,120,67.3,Yes
14,86.1,50.1,No
17.5,92.6,70.1,No
6.1,102.3,55.5,No
13.2,90.3,60,No
13.7,58.5,74.8,Yes
8.4,66.1,28,No
10.6,66,64.3,No
8.6,40.3,61.5,Yes
20.5,94.6,49.1,Yes
10.5,50,93.1,Yes
12.3,91.6,49.1,No
8.7,60.5,76.7,No
7.6,70.6,75.3,Yes
3.5,86.2,70.6,Yes
15.5,105.6,48.3,Yes
13.8,92.4,76,No
8.5,72.6,54.2,Yes
5.5,74.3,31.5,Yes
10.9,51.5,63.6,No
7.5,87.7,67,No
8.9,73.4,76.3,Yes
3.7,56.4,54,Yes
11.1,90.6,92.4,No
11.2,103.4,64.5,No
15.5,,79.1,Yes
9.2,63.8,75.5,No
8.3,63.4,72.3,Yes
2.2,83,82.9,nan
15.5,51.2,61.3,Yes
14.5,76.5,,Yes
10.1,66.9,63.8,No
3.4,85.1,63.7,nan
3.9,86.6,55.3,Yes
7.3,,63.9,No
14.8,,85.4,No
11.5,84.2,75.1,No
2.5,71.2,71.4,No
12,66.4,55.9,Yes
5.8,66.5,55.7,Yes
7.4,150,53.7,No
14.9,56.4,84.5,No
13.8,61.3,77.9,Yes
15.5,79.1,42,Yes
9.9,63.6,79.5,No
14.4,92.6,83.2,Yes
7.1,72.4,68.5,No
8.7,65.5,89,No
,81.6,49.3,Yes
10.1,66.9,68.4,No
3.6,59.4,85.9,No
8.9,68.2,74.9,Yes
17.3,34.2,93.3,No
4.5,35.6,,No
3.4,56.6,50.7,No
3.8,51.1,55.3,Yes
23.3,88,60.9,Yes
12.3,100.2,98,No
8.6,81.5,55.4,No
10.3,37.1,61.2,Yes
11.1,46.8,47.3,nan
6.8,82,55.8,Yes
7.4,71.6,67.3,No
9.2,37.9,31.7,Yes
6.4,57.9,62,No
8,53.5,51.6,Yes
11.8,104.1,,Yes
5,89.1,82.1,Yes
23,69.3,58.4,No
13.8,79.6,67.1,Yes
3.6,77.9,57.6,Yes
-2.4,,79.4,No
6.6,111.5,61.2,No
13.4,103.2,80.7,Yes
12.5,105.5,68.3,Yes
9.4,81.6,88.7,Yes
7,68.2,72.6,No
5.5,50.2,66.2,Yes
8,55.1,79.2,No
4.9,95.3,90.8,No
8,49.5,88.7,No
16.7,71.4,100.3,Yes
6.1,47.3,63.6,Yes
13.1,73.1,69.2,No
13.8,53.8,60.4,No
4.6,88.3,51.6,No
5.8,70.1,73.8,No
15.3,58.8,28,No
5.4,55.9,70.9,Yes
,77.7,85.7,No
20.2,76,77.4,Yes
14.9,64,76.5,Yes
10.4,68.6,37.5,Yes
14.2,65.1,89.9,No
9.7,31.4,59.3,Yes
15.1,74.2,73.4,No
-0.2,43.9,58.4,No
9.3,57.3,62.3,Yes
-0.4,81.4,76.9,Yes
10.8,70.2,83.5,Yes
8.8,105.6,61.5,Yes
16.8,59.1,67.6,No
13.6,,48,No
7.4,78.2,81,Yes
8,74.3,33.1,Yes
11.9,96,43.7,No
7.1,87.8,30,Yes
9.8,102.8,60.4,Yes
16.6,42.7,63.1,No
5.9,,70.6,nan
7.8,55.4,81,Yes
8.5,83.9,59.9,Yes
,70.1,72.1,No
13,61.2,43.3,No
15.7,98.5,73.8,Yes
13.8,41.5,59.3,Yes
14.2,111.3,59.9,No
12.4,87.6,64.4,Yes
11.8,78.4,53.9,Yes
2.7,72,62.1,Yes
11.8,67.6,84.3,No
9.5,84.4,82.6,Yes
12.7,,68,No
,13.5,61.2,No
13.8,76.7,54.3,Yes
14.7,60.1,50.1,Yes
-4.6,56.7,82.6,Yes
7.8,43.5,64.9,No
0.7,99.1,36.5,No
11.2,111.4,45.3,No
8.5,74,49.7,No
16.8,71.9,20.6,No
11,83.5,53.9,No
7.6,82.3,31.2,Yes
14.7,,69,No
8.4,99.3,,Yes
7.5,97.6,79.8,No
12,89.9,70.4,Yes
18.1,110.6,104.4,No
14.3,90.5,59.7,Yes
12.8,61.9,56.2,No
23.8,76.6,81.2,Yes
6.3,93.8,68.8,No
6.2,54,65.5,Yes
10.7,69.5,,Yes
17.6,43.3,81.1,No
5.3,115.2,37.8,Yes
18.8,83.1,62.8,No
2.8,86.9,71.7,No
9.4,44.8,26,No
10.9,97.2,53,Yes
5.6,81.2,72.6,Yes
6.9,39,79.8,No
14,,59.6,No
17.2,55.4,48.6,No
-0.6,76.1,66.5,No
10.9,90.1,63,No
9.4,78.9,55.8,No
10.5,38.1,43.3,Yes
8.4,80.3,57.8,Yes
3.5,92,41.3,Yes
17.7,71,53.8,No
15.8,85.3,63.8,No
9.5,85.7,55,nan
7.6,34.6,93.5,Yes
7,100,62.7,Yes
-2.9,63.8,78.5,No
11.8,60.5,66.7,No
13.9,61.1,47,No
10.7,99.6,55.4,nan
9.6,104.5,62.4,No
10.7,,55.2,nan
5.7,65.4,64.6,No
7.5,133.2,55.1,No
9.2,74.6,66.4,No
13.5,61.9,79.4,Yes
16.9,,77.3,No
8.9,72.6,70.1,No
4.8,116.8,67.3,nan
10.2,58.1,48.6,nan
20.1,71.4,81.6,No
,105.7,38,No
14.4,84.8,59.9,Yes
16.7,69.1,,No
8.2,56.5,74.1,Yes
6.5,52.3,90.8,Yes
12.9,150,59.7,No
11.8,94.4,89.5,Yes
13.5,90.7,57.5,Yes
20.4,85.4,55.8,Yes
10.8,52.9,,Yes
4,69.2,83.3,Yes
10.3,81.5,82.6,Yes
11.2,100.2,60.1,No
16.3,82.2,74.2,No
,77.6,56.7,Yes
8,56.4,81.3,No
3.1,93,57.7,Yes
12.7,69.4,78.8,Yes
26.7,46.8,76.8,Yes
8.9,57.3,72,nan
12.3,88.7,32.2,Yes
,89.3,76.5,Yes
3.6,21.4,83.1,No
12.2,73.2,68.5,No
10.1,49.1,78.7,No
-1.9,82.9,64.2,No
18.1,86.8,53.2,Yes
12.1,53.5,63.5,No
10.4,75.2,88.3,Yes
7.9,91.7,70.8,No
12,95.5,54.2,Yes
12.3,58.1,78.6,Yes
12,96.6,76.9,nan
15.3,80.2,84.6,No
16.5,65.1,48.5,No
20,73.2,54.6,Yes
5.8,91,86.7,Yes
7.1,90.7,61.4,No
11.8,93.2,25.1,Yes
6.1,61.5,41.7,Yes
6.9,79.5,78.1,No
12.4,70.2,57.6,No
14.5,79.2,55.1,Yes
16.4,64.9,89.8,Yes
9,106.7,68.5,Yes
12.3,74.6,81,Yes
,150,68.3,Yes
,83.9,59,Yes
5.9,97.2,40.4,Yes
5.3,75.9,58,Yes
13.3,68.8,59.6,No
5.8,92.8,47.7,No
1.1,109.8,76,No
9.8,103.4,53.7,No
17.3,55.3,66.7,No
-4,,57.4,Yes
8.6,73.6,51.8,Yes
13.4,100.5,43.1,Yes
0.9,111.7,55.7,No
,27.5,61.5,Yes
4.3,75.3,66.8,nan
,65.9,58.4,No
8,60.8,65.8,Yes
4.4,56.5,68.7,No
4,66.1,76.5,No
9.7,69.2,82.2,No
21.1,68,80.8,Yes
13.8,34.6,50.1,No
15.1,,66.4,No
14,96.1,88,Yes
6.5,63.8,57.6,No
11.6,42.2,,No
15.5,76.9,69.9,No
14.1,96.2,43.4,No
11,78.1,,No
12.6,60.5,77.5,No
22.3,54,71.1,No
14.2,89.1,70.9,Yes
8.4,70.4,69.4,nan
9.6,64.6,57.5,Yes
4.7,62.9,75.7,No
21.7,79.4,59.6,No
18,77.3,48.8,No
10.4,76.1,53.4,No
20.9,55.7,39.4,No
13.2,54.5,,Yes
7.8,62,48.7,No
14.5,80.8,55.7,No
12,86,43.1,No
14.2,104.3,41.4,No
3.2,58.3,94.4,No
5.9,,66.4,No
17.4,40.6,,No
18.5,82,,Yes
17.1,44.8,70.2,No
21.1,50.5,65.5,Yes
12.9,90.1,60.5,No
12.5,78.1,70.8,No
5.4,68.7,,Yes
7.1,47.1,32.1,No
0.1,82.4,65.4,Yes
,76.7,70.8,Yes
-0.3,89.5,61.3,Yes
15.4,40.3,42.5,No
11.9,87.4,59.7,Yes
-0.1,64.2,63.3,No
9.1,80.8,68.4,Yes
19.8,73.7,78.3,Yes
9.4,58,79.6,No
5,66.8,61.3,Yes
1.1,57.5,70.3,nan
1.2,64.5,63.3,Yes
12.7,56.8,78.5,No
7.8,83,76.6,Yes
8.2,57.8,75.1,No
7.9,86.2,62.3,Yes
9.3,140.3,83.3,Yes
3.9,69.9,73.7,No
11.6,43.4,59.2,Yes
2.9,117.1,66.8,Yes
6.2,82,54.8,Yes
15.1,72.4,72,No
11.9,67.5,69.9,No
13.4,54,63.6,Yes
20.8,68.2,49.4,No
9.7,59.4,73.7,Yes
,59.6,69.1,No
,86.7,45.3,Yes
7.8,94.4,74.8,No
4.9,70.5,61.1,No
10.4,85,49.3,Yes
,116.9,73,Yes
12.1,58.2,52,Yes
10.3,42.3,40.6,No
14.6,91.7,67.6,No
10.1,60.3,53.2,nan
8,64.5,68.5,Yes
5.4,77.5,86.9,Yes
2.3,99.8,,Yes
17.3,77.6,60.3,No
6.5,32.6,63.2,No
5.4,82.2,36.7,No
7.9,79.6,50,Yes
8.6,57.8,80.8,Yes
18.2,41,81.5,Yes
8.4,67.4,93.6,No
23.2,28.9,52.9,No
10.3,39.3,,No
20.3,48,47.3,No
,,65.3,No
11.8,92.6,83.5,Yes
17.9,72,74,No
15.6,82,57.4,nan
13.2,79.2,64.9,Yes
21.6,44.2,44,No
,63.7,52.6,Yes
5,70.4,71.2,nan
6.6,72.3,85.3,No
18.8,84.6,65.4,No
17.3,93.5,91.4,Yes
7.4,82.4,86.3,Yes
-1.8,110.2,78.6,No
9,83.8,66.1,Yes
4.9,64.3,64.1,Yes
7.5,,48,Yes
4.7,50.6,60.8,Yes
2,85.7,35.7,nan
19.4,72,51.9,No
6.6,57.8,69.8,Yes
17.1,79.2,65.7,Yes
8.9,69.3,89.8,No
4.3,38.1,43.6,No
12.5,78.7,94.4,No
8,54.4,69,No
9,77.4,74.8,No
10.7,72.5,88.4,No
5.9,83.6,74.9,No
1.9,29.6,22.7,Yes
9.7,55.2,95.9,No
14.8,77.1,57.5,No
5.5,132.7,56.9,No
10.8,77.8,78.6,No
17.5,66.2,51.1,Yes
9.6,92.5,71.7,Yes
10.4,63.2,33.6,No
10.3,83.7,63.8,Yes
6.6,76,70.8,No
5,96.4,52.5,No
5.1,88.2,50.9,No
11.8,65.4,79.6,Yes
,45,64.8,No
,53.6,54.3,No
8.1,80.9,73.1,Yes
15.5,74,51.7,Yes
11.5,75.5,37.3,Yes
10.4,80.1,40.2,Yes
-6.7,58.6,64,Yes
5.9,72.9,60.4,No
2.4,74.8,60.2,No
13.1,46.2,70.1,Yes
10.5,,34.2,No
4.6,82.8,73,Yes
11.5,89,53.8,Yes
2.9,,65.7,Yes
4.8,85,76,No
6.4,62.7,86.3,No
12.7,57.4,50.6,Yes
17,113.2,79.2,Yes
7.1,66.7,73.5,Yes
16.6,45.5,62.1,Yes
10.2,66.2,73,No
11.2,69.7,57.5,No
9.7,93.3,48.6,Yes
9,67.8,81.2,Yes
12.2,82.6,61.5,Yes
13.7,96.3,91.4,No
5.6,63.3,87.8,Yes
9.1,80.8,46.2,No
18.3,73.7,89.7,No
10.9,79.5,62.8,Yes
11.4,77,72,Yes
15.8,77.9,70.3,Yes
7.5,69.3,50.3,No
,75.5,59.2,No
14.1,69.5,83,Yes
16.2,121.6,69.5,No
-1.8,,45.8,Yes
6.3,75,79.4,No
5,68.2,47,No
9.4,94.6,79.2,No
5.4,58.7,88.1,Yes
13.3,49.3,49.6,Yes
10.9,47.8,81.9,Yes
14.4,100.9,79.5,No
14.8,99.9,91.7,Yes
13.4,78.2,47,Yes
8.3,63.8,45.3,No
10.5,64,55.7,No
7.7,115.8,47.9,Yes
3.2,73.2,105.3,No
14.8,81.9,65.9,No
9.6,66.2,66.3,No
2.5,76.8,89.5,Yes
12.7,82.6,56.4,No
8.9,111.1,,Yes
-0.3,73.3,41.6,No
3.1,85.3,60.3,Yes
6.5,67.9,91.1,No
11.1,78.7,84.6,Yes
13.9,81.8,72.2,Yes
13.8,70.9,62.7,Yes
13,79.7,66,Yes
9.8,60.8,71.8,No
18.6,85.1,36.7,No
13.5,76.1,90.1,Yes
11.1,64,41.6,Yes
12.8,72.7,47.4,No
8,101.1,34.9,Yes
9.7,72.9,75.5,Yes
-0.4,83.6,94.4,Yes
8.1,83.5,,Yes
18.8,86.6,56.1,No
,52.9,,No
10.5,54.3,53.4,No
15,60,62.7,No
11.8,87.1,62.5,Yes
6.1,80.2,78.2,Yes
10.1,79.2,64.7,Yes
4.3,72.6,43.3,Yes
10.9,48.5,84.7,Yes
5.8,63,86.3,No
14.6,79.2,57,No
7.4,71.6,78.4,Yes
5.9,78.6,82.5,Yes
9.4,43.9,64.2,Yes
11.8,74.7,58.3,No
4,33.3,87.8,Yes
7.4,48.9,64.1,nan
10.5,55.6,82.7,Yes
16.7,38.1,101.9,nan
-2.6,59,78.1,Yes
13.1,,43.4,No
8.1,98.3,52.1,Yes
7.5,64.3,51.5,Yes
6.6,61.9,72,No
8.2,72.6,34.8,Yes
13.1,69.6,65.1,Yes
7.3,54.7,54.2,Yes
18.3,85.8,200,Yes
13.1,69.1,64.2,nan
11,61.8,43.4,No
9.2,63.6,,Yes
15.9,122,76.7,No
16.7,90.5,61.8,No
4.2,68.2,82,Yes
6.5,26.3,77.5,No
13.2,40.9,82,No
,76.7,83.9,Yes
8.5,69.2,59.4,Yes
6.3,52,61.1,No
10.4,72.4,49.5,Yes
17.4,60.1,70.4,No
10.2,62.2,66.3,Yes
3.7,71.5,,No
10.5,54.7,66.7,Yes
13.9,47.3,78.9,No
9.5,47.9,59.7,No
16.3,66.9,66.8,No
14.3,43.3,70.2,No
9.7,118.8,73.3,Yes
10.2,93.7,73.5,Yes
0.8,89.4,59.3,Yes
16.1,57.3,31.5,No
8.4,58,55.5,Yes
8,46.7,58,No
7.3,111.8,85.3,Yes
12.3,101.9,47.8,Yes
4.4,88.4,87.1,Yes
5.1,72.6,73.2,Yes
9.7,67.2,76.9,No
6.9,85.1,54.3,Yes
11.7,107,49.4,Yes
,87.9,90,No
18,52.7,50.5,No
13.5,59.7,50.8,No
13.4,84.4,44.8,No
7,57.7,44.3,No
,65.6,67,No
7.8,105.2,85.2,No
6.4,68.7,67.5,Yes
13.5,43.5,72.9,Yes
11,132.7,77.8,No
5.9,96.8,28.8,No
21,73.7,68.1,nan
14.9,74.9,71.4,Yes
10,32.5,45.2,Yes
22,67.1,75.3,Yes
14.1,60.1,57.4,No
9.9,77,62.5,No
21.4,107.6,93.2,No
13.3,83.8,80.3,Yes
13.1,115.6,,nan
8.1,47.1,71.4,No
10.2,44.2,51.9,No
7.9,99.8,56.7,Yes
17.2,77.1,66.7,nan
2,84.3,49.8,No
16.8,74.5,52.7,Yes
5.6,78.9,55.5,No
9.7,88.8,96.7,Yes
8.5,80.1,82.7,No
7.4,63.6,66.1,Yes
13.4,121.6,47.9,Yes
10,76.9,,No
6.7,71,63.4,Yes
10.8,68.1,90.9,nan
6.5,81.8,88.2,Yes
7.3,70.1,51.2,No
2.5,34.4,75.5,Yes
7.7,69.9,56.3,No
12.5,53.3,50.5,No
10.2,,83.5,Yes
19.1,74.4,69.5,Yes
23.1,61.7,105.9,Yes
7.7,93.8,61,Yes
5.8,73.6,51,Yes
15.6,67.5,54,No
11.7,67.8,65.9,Yes
15.7,67.3,47.7,Yes
12,85.1,58.7,Yes
9,59.4,47.4,No
9.1,76.4,54.4,No
12.2,,54.6,No
8.9,62.1,72.2,No
16.1,84.5,60.3,nan
,56.3,61.3,No
16.1,85.4,56.4,Yes
0.6,,,No
10.7,101.5,54,Yes
8.3,39.8,87.5,No
2.4,95.4,44.2,No
-0.3,68.9,59.5,Yes
4.5,39.2,50.8,Yes
,61.8,71.3,nan
7,85.2,55.1,No
4.8,73.3,,No
16.8,102,,Yes
3.8,68.2,63.7,No
13.4,74.3,54.8,No
5.6,71.3,85.1,No
4.4,54.6,,Yes
7,,73.7,Yes
13.1,70.6,57.2,No
3.1,,74.8,No
11.4,76.2,75.7,No
5.2,75,89.8,Yes
6.1,76.9,59.5,No
12,97,81.2,No
20.9,55.4,75.6,Yes
5.4,60.5,62.1,Yes
13.6,103.3,50.2,No
8.4,100.4,41,No
7.6,80.2,61.6,No
15.4,115.5,57.1,No
5.8,84.8,66.3,Yes
4.2,112.5,54.6,Yes
12.3,104.2,75.1,No
18,107.6,61.3,No
13.7,52,67.1,No
3,88.4,42,Yes
6.9,,64.8,Yes
14.9,48.2,78.6,No
17.9,101.7,61.1,No
11.1,98.9,39.5,No
7.1,72.1,59.1,No
18.2,62.6,79.6,Yes
9.6,76.2,43.7,No
7,38.7,24.3,Yes
6.1,48.1,64,Yes
4,69,44,No
24.2,87.3,,No
17.1,71.3,63.4,Yes
6.7,63.9,88,Yes
18.7,58.4,56.1,No
12.7,123.8,40.4,Yes
12.4,53.5,29.4,nan
6.4,38.4,67.8,Yes
7.4,63.5,68.2,Yes
9.8,85.4,62.6,No
0.2,77.2,79.2,No
7.6,60,77.4,nan
10,78.8,47.9,No
16.5,97.2,81.5,Yes
6.9,79.1,66.2,Yes
14.1,78.1,,No
-0.3,78.1,46.8,Yes
15.8,60.1,51.3,No
5.5,84,48.3,No
10.7,95.8,85.5,No
12,102,58.3,No
11.1,83.6,65.7,No
,75.3,32.9,Yes
3.8,112.5,46.7,Yes
5.6,77.4,53.7,Yes
15,65.3,94.4,Yes
7,61.2,60.4,No
9.5,58.9,60,No
2.5,64.9,44.2,Yes
14.3,113.5,55.3,Yes
3.4,59.9,55.4,No
14.6,105.5,81.4,No
4.7,70.9,29.8,Yes
15.1,95.8,38.8,Yes
10.1,53.4,67.7,Yes
7.2,74.6,76.2,nan
18,42.7,50.3,Yes
9.7,75.4,82.1,No
8.2,90.7,62.7,No
14.5,94.3,47.7,Yes
2.6,74.9,45.5,Yes
-2.6,67.8,68.6,Yes
15.8,76.7,72.7,Yes
5.8,63.6,27.6,No
14.3,63.5,55.4,Yes
10.2,66.8,40.5,No
4.2,79.6,64.4,Yes
13,103.7,62.3,Yes
7.9,101,59.1,Yes
4.6,68.6,98.7,Yes
4.7,58.7,87,Yes
1.3,60.3,70.3,No
12,45.4,50.1,No
5.3,89.6,51.6,Yes
9.8,47.1,83.3,No
9.1,29.8,44.8,Yes
5.3,89.6,68.6,Yes
2.4,88.7,94.2,No
,53.4,39.5,No
9.8,81.1,82.6,Yes
19.1,48.6,74.3,Yes
15.8,,69.9,Yes
8.4,82.2,,Yes
10.9,88.9,69.3,No
10.8,82.9,71.9,Yes
19.2,37.1,56,Yes
14.1,81,71.6,No
,118.6,57.6,No
11.8,82.9,52.5,No
14,47.3,58.9,No
,60.8,61,No
,64.8,91.1,Yes
16.7,28.4,81.8,No
5.7,77,67.4,No
6.4,68,44.1,No
15.8,68.9,52.4,No
8.2,72.5,89.8,No
5.1,60.6,45.8,No
14.4,92.1,75.2,Yes
12.9,78.7,55.5,No
10.5,64.3,74.1,Yes
15.6,83.9,67.4,No
16,82.1,67.7,Yes
9.6,55.9,48.7,Yes
19.9,71.5,70.6,Yes
,71.5,64.4,Yes
0.1,63.3,62.1,Yes
4.8,47.9,53,No
-1.3,62.7,58.4,No
8.4,100.3,49.7,No
3.9,62,59.9,nan
5.9,93,71.8,No
15.5,74.3,43.2,No
1.2,78.4,,Yes
,50.5,56.1,Yes
,98.3,84,Yes
9.6,116.2,59.2,No
10.7,61,,Yes
-1.2,101.1,70.7,No
6,49.6,90.6,No
17.7,73.9,70.7,No
4,51.6,100.9,No
18.3,82.5,82.3,No
3,70.9,63.3,Yes
2.4,74,,Yes
5.2,101.2,53.8,No
15.6,99.9,74.7,No
7.3,71.6,46,No
11.7,97.1,35.9,Yes
,98,68.9,Yes
9.7,97.2,41,Yes
16.4,78,66.3,nan
13.9,81.6,62,No
4.3,69.3,42.5,Yes
8.6,121.7,93.4,Yes
18.7,83,54.9,Yes
11.6,73.4,79.7,No
2.5,85.1,84.4,nan
2.8,80.4,53.6,No
14.5,116.2,96.2,Yes
13.5,74.6,52.1,Yes
5.4,90.3,63.3,Yes
13.7,72.6,,Yes
18,41.3,43.8,No
17.3,75,62.3,No
18,92.1,74.7,Yes
12.8,77.7,70.1,No
,51.9,84.8,Yes
8,106.7,47.2,Yes
9.9,51.2,,No
5.6,59.5,57.2,No
8.2,52.5,51.4,No
16.4,54.3,60.5,Yes
2,75.9,68.3,No
2.3,87.2,54.4,No
,63.3,54.1,Yes
8.2,86.3,69.9,Yes
0.4,90.4,83.3,No
9.7,68.4,81.6,Yes
9,44.7,72.2,Yes
7.8,105.3,47.8,Yes
13.4,61.6,50.3,No
3.3,30.8,55.8,No
10.1,67.2,57.6,No
8.9,86.7,68.7,No
10.2,89.7,,No
1.3,,71.1,nan
7.4,38,49.6,Yes
10.1,81.1,81.9,Yes
12.7,85.3,63,No
19.2,97.4,72.5,No
14,95.1,65.9,Yes
12.3,77.9,46.5,Yes
16.4,56.6,75.6,No
8.5,65.3,52.5,nan
17.8,70.1,57.7,Yes
15.6,56.7,37.6,Yes
7.8,96.6,53.3,Yes
19.6,95.6,53.5,Yes
12.2,47.1,55.4,No
21,68.6,69.6,Yes
11.5,116.2,69.5,Yes
7.2,,,Yes
6.2,78.8,78.4,Yes
8.2,96.9,92.8,No
7.1,108,47.3,No
16.4,76.9,,No
9.9,47.9,87.3,No
1.9,92.2,68.6,No
11.1,,67.7,Yes
10.6,54.9,74.4,No
7.7,80.2,43.8,No
11.3,59.2,85.6,No
9.8,42.1,50.3,Yes
13.2,79.4,55.4,No
12.9,104,52,No
11.8,81.4,66.3,No
3.5,78.5,70.7,Yes
20.6,48.3,58.2,nan
2.2,87.6,46,No
9.4,63.9,46.3,No
4.5,59.4,55.1,Yes
12,92.6,76.4,Yes
10.7,50.7,32.8,No
9.2,70.8,89,No
17.6,52,54,Yes
15.5,69,71.4,No
8.4,31.2,68.9,Yes
14,85.8,56.5,No
17.8,82.8,73.1,Yes
15.5,118.5,32.9,No
9.3,79.8,65.5,Yes
2,57,35.6,Yes
11.6,94.8,66.9,No
13.3,94.4,77.1,Yes
6.2,101.1,52.1,Yes
10.1,35.8,107.8,Yes
9.6,61,79,Yes
16.9,56.8,77.4,No
19.3,105.6,62.7,Yes
15.9,91.1,58.4,nan
9.6,97.6,83.6,No
15.7,53.3,97.3,Yes
13.2,,51.7,No
9.6,42.5,57.9,Yes
20.5,53,71.5,No
6.3,77.5,86.4,Yes
13,79.4,,nan
14.2,82.9,46.9,No
8.6,62,43.2,No
12.8,83.5,78,No
14.7,75.1,77.8,Yes
11.2,106.4,42.3,No
12.4,66.5,90.9,Yes
10.5,38.3,42.1,No
14,87.3,52.6,No
8.9,81.7,42.9,No
8.4,57.2,76,No
10.1,68.5,86.2,Yes
15.9,78.9,79.7,No
1.3,67.4,63.5,Yes
5.5,52.8,66,No
21.4,71,63.8,No
11.4,92.7,67.2,No
8,67.8,72.9,No
14,79.2,61.4,No
6.1,71.4,55.1,Yes
-0.5,50.3,76,No
11.8,72.9,39,Yes
,66.1,76.6,No
10.5,90.2,91.7,No
11.6,99.7,57.5,No
10.7,92.6,62.2,No
1.5,60.3,63.3,Yes
10.1,51.7,64.8,Yes
12.2,44.7,66.6,No
3,78.4,64,No
2.4,60.8,57,Yes
4.7,52.7,70.2,Yes
13.7,114.2,77.7,Yes
0,84.7,58.2,Yes
14.1,81.7,50.2,Yes
,80.7,82.7,No
8.7,107.4,66.6,No
2.6,71.7,41.1,No
6,87.4,80,Yes
13.9,93.1,48.9,No
16.3,112.2,59.6,Yes
4.8,75,61.2,Yes
15.7,99.7,56.3,Yes
13.4,38.4,76.3,Yes
10,117.3,87.5,Yes
6.3,83.5,79,Yes
7.1,90.1,73.6,No
19.1,49.3,59,Yes
10.9,48,100,No
16.6,62.1,71.9,No
11.2,75.4,82.2,Yes
7.7,69.9,56.2,nan
12.9,66.8,91.4,Yes
20.8,71.1,34.7,Yes
6.8,28.3,36.3,Yes
14.6,83.5,77.3,No
11,71.6,42.8,No
2.8,94,56,nan
2.6,65.5,63.8,No
7.7,67.6,65.5,Yes
11.7,78.2,93.7,nan
14.4,88.7,65.7,No
2.1,98,44.2,Yes
13.3,74.2,67.5,Yes
9.4,83.6,55.6,Yes
10,,60.7,Yes
12.9,69.1,68.2,No
18.7,36.6,77.3,No
11.5,79.1,72.9,No
3.2,56.8,67.1,Yes
9.1,92.4,81.3,No
14.3,57.6,70.8,Yes
14.4,63.6,73,No
13.3,58.6,36.2,No
7.4,85.7,89.5,No
3.2,,53.2,Yes
12.9,86.4,53.9,No
3.9,21.6,71.4,No
13.5,114.9,,Yes
13.5,54.8,,Yes
7.7,90.4,91.3,No
9.4,85,88.9,Yes
11,89.2,,No
6.9,58.6,58.4,No
3.1,68.2,56.5,No
9.8,83,19.6,Yes
10.3,75.1,79.9,Yes
16.8,56.8,68.6,No
6.1,,56.1,No
,120.7,100.2,No
4.3,66.6,36,Yes
3.3,84.8,88.4,No
8.5,,48.4,No
5.3,67.6,92.9,No
3.2,91.1,87,Yes
19.7,90.9,47.1,Yes
7.7,64,74,No
21.6,103.7,72.5,Yes
5,75.2,56.2,No
1.5,96.5,79.1,No
,81.9,81.3,No
6.4,75.8,74.1,No
10.7,74.8,55.8,No
3.2,88.5,90.5,No
9.8,53,54.7,Yes
3.1,82.4,61.1,No
9.6,101.2,64.7,No
,85.2,200,Yes
11.2,40.1,59.8,Yes
13.1,47.3,61,Yes
11.2,75.4,42.2,No
12.3,59.3,34.2,No
9.5,92.8,76.9,No
7.8,65.5,78.6,No
12.4,86,,No
9.4,113.8,67.9,Yes
,75.5,49.2,Yes
12,54.8,45.1,No
4.8,82.9,53.7,No
17.1,80.7,71.1,Yes
8.8,80,51.9,Yes
10.6,102.4,77.6,Yes
9.8,51.3,73.7,No
13.3,95,70.8,Yes
11.7,62.9,42,Yes
9.8,102.6,83.5,No
,32.6,101.2,No
-6,119.6,48.9,Yes
16.2,69.6,57.7,No
14.6,50.8,48.1,No
0.8,93.2,68.6,No
14.6,85.2,73,Yes
15.3,84.1,63.9,Yes
12.8,93.6,82.7,Yes
2.2,75.7,86.4,Yes
13.4,69.1,44.5,Yes
15,,67.8,Yes
7.1,72.7,71.2,nan
12.2,,69.5,No
8.2,74.8,60,Yes
14.4,77.3,69.6,No
8.4,109.7,42.4,No
7.1,60.1,87.3,No
9.8,,60.8,Yes
3.3,66.3,56.4,No
9.3,46.9,40.2,No
,133.2,91.1,Yes
14.3,56.3,94.9,Yes
11.2,82.4,67.1,Yes
2.8,109,45,Yes
16.8,50.2,60.5,nan
17.2,92.5,62.8,Yes
10.6,44.2,53.6,No
6.2,59,70.3,Yes
7.3,86.2,76.3,nan
9,69.5,65,Yes
11.4,104.1,41.1,No
8.5,77.6,58.1,Yes
5.7,85.4,59.6,Yes
15.1,61.2,59.4,No
11.3,54.2,86.5,No
4.7,51.9,62.2,No
11.5,56.3,72.8,No
10.8,61.1,,Yes
6.4,98.1,64.6,Yes
16,83.1,65,No
10.7,49.4,66.8,No
8.9,66.8,88.5,Yes
9.6,,106.9,No
12.2,,66.5,Yes
9.6,75.2,84.6,Yes
9.6,84.1,84.2,Yes
15.3,55.2,84.7,Yes
2.9,89.4,76.9,Yes
3.7,102.6,65.9,No
13.9,72,89.1,No
22.1,87.3,39.2,No
14.4,86.5,56.1,Yes
19.3,76.4,83.1,No
7.8,100.8,,No
6.8,59,95.4,Yes
12.3,57.6,47.4,Yes
14.8,75.1,80.4,Yes
3.4,67.5,45.9,No
8.9,16.8,78.2,Yes
9.9,60.4,,Yes
6.6,32.4,76.8,Yes
7.2,68.6,65.7,No
14.2,89.3,72.2,Yes
12.3,76.1,74.3,Yes
14,77.7,78.8,No
11.7,71.9,200,No
5.6,79.2,66.3,Yes
12.1,131.5,62.8,No
5.2,68,60.3,No
,74.7,83.5,Yes
4.8,57.7,68.2,No
6.9,36.9,61.1,No
10.5,80.3,79.5,Yes
7.7,150,76,No
5.6,121.4,84.4,No
15.7,71.2,53.6,No
9.4,69.8,46.7,Yes
7.4,93.7,67.1,No
4.6,109.2,38.4,Yes
0.6,50.3,62.2,Yes
8.9,88.3,56.2,No
3.1,,55,nan
,70,36.3,No
10.1,51.8,70.3,Yes
17.8,,67.6,Yes
11.1,48.1,63.3,No
6.4,98.8,79.4,No
0.6,114.8,67.3,Yes
14,65,67.5,No
3.5,108.2,75.9,Yes
8,87.6,68.1,No
18.4,102.7,61.7,Yes
13.1,62,59.5,No
11.9,87.5,48.1,Yes
14.7,79.8,64.1,Yes
14.5,59.3,81.3,No
17.9,68,71.2,No
7,86.5,,Yes
8.1,52.5,77.2,No
5.4,51,71.2,No
9.8,49.5,57.1,Yes
9.3,59.5,85.2,No
1.2,80.7,45.9,No
6.7,64.9,64.7,No
17.2,100.6,52.6,nan
,,80.7,Yes
13.6,85.3,47.3,No
9.4,67.7,51.2,Yes
0.6,72.9,98,No
9.4,88.7,66.2,No
15.2,22.3,76.1,No
4.1,32.2,65.2,No
13.7,73.7,60.1,Yes
1.5,70.6,75.4,No
10.1,46.4,64.7,Yes
12.7,115.1,55.2,No
8.4,51.8,77.8,No
22.4,64.4,81.7,No
7.5,98,76,No
7.1,61.5,76.5,No
11,57.6,69.3,Yes
6.2,82.8,76.6,No
2.8,60.1,52.5,No
4.5,82.9,71.3,No
13.8,85.3,66.4,No
8.5,82.6,55.1,Yes
18.5,,92.3,No
7.8,67.3,69.6,Yes
,64.9,52.2,No
12.6,73.3,63.4,Yes
7.7,18.4,69.4,Yes
5.6,79.3,82.2,No
1.3,68.4,74.4,Yes
12.8,82.6,70,Yes
16,57.1,72.1,No
2.1,101.9,63.7,Yes
8.1,70.8,64.8,No
6.7,91.7,84.1,Yes
12.8,64.9,97.4,Yes
8.4,84.3,93.2,No
16.6,43.9,48.7,No
8.1,31.1,54.3,nan
3.8,70.9,,No
7.7,74.6,71.2,No
8.2,73.1,45.8,No
12.6,69.2,56.8,No
,67,71.6,Yes
12.2,88.5,52,Yes
,110.7,71.8,Yes
8.5,126.7,79.6,Yes
6.1,96.9,81.8,No
5.8,29.2,71.1,No
16.4,96,78,No
6.4,95.8,47.8,Yes
8.3,73,74.1,No
15.2,93.5,92.7,Yes
13.8,82.2,42,Yes
18.2,74.7,78.8,Yes
12.4,80.1,71.8,Yes
7,63.9,85.5,Yes
20.3,38.2,48.3,Yes
12.9,37.5,51.7,Yes
9.2,93.3,86.3,Yes
10.3,54.5,38.6,No
10.9,44.4,38.8,Yes
8.8,44,79.6,Yes
3.1,65.5,30.1,No
18.1,105.3,71,Yes
9.9,72.1,,No
10.9,,69.6,Yes
20.4,104.6,62.7,Yes
6.6,81.5,95.2,No
13.3,68.1,46.4,nan
6,84.7,59.9,Yes
11.6,75.2,69.7,Yes
11,60.7,42.2,No
14,64.1,51.1,Yes
16,50.3,86.6,No
7.1,65.6,64.1,No
17.1,93.6,51.9,Yes
17.4,93.1,69.4,Yes
8.8,71.5,59.4,Yes
10,71.7,60.5,Yes
7.5,54.3,87.7,No
8.5,82.9,69.6,No
4,47.3,,Yes
13.9,91.6,69.7,No
-0.3,83.4,55.4,Yes
6.5,,65.6,No
9.8,83.7,84.4,Yes
16.5,68.2,51.3,nan
7.3,78.8,61.6,No
,79.3,66.9,Yes
,98.3,45.5,nan
14.7,84.8,76.5,No
11.9,96,71.2,No
14.2,82.9,41.8,nan
,,57.4,Yes
4.9,85.3,43.6,No
11.8,,,No
7.6,67.8,60.7,Yes
10.2,46.8,57.5,No
11.6,64.6,56.7,No
16.2,64.4,51.7,No
,86.1,63,Yes
6.6,73.7,73.7,Yes
4.3,58.7,72.2,nan
18.5,71.7,58.7,Yes
2.1,,37.9,No
7.7,56.6,68,Yes
13.2,104.3,64.1,Yes
18.2,71.3,57.8,Yes
9.1,59.2,75.9,No
10.1,41.8,81.5,Yes
5.6,76.7,87.7,No
10.6,85.4,92.3,No
,62,62.8,No
6.2,77.8,96.8,Yes
13.8,53.2,58.5,No
7.8,70.4,66,Yes
14.6,96.7,90.8,Yes
9.2,70.3,51.5,Yes
3.2,62.1,73.3,No
,101.8,82.8,Yes
3.4,79,59.5,No
7,,62,No
9,57.7,85.7,Yes
15,52,63.7,Yes
7.4,83.5,59.9,No
5.4,90.3,48.4,Yes
10.8,75,56.2,No
8.9,71,59.1,No
7.7,86.8,53.2,Yes
11.1,46.6,88.7,No
4,76.5,55.8,No
1.4,75.3,91.5,Yes
20.7,83.3,93.5,Yes
10.5,84.6,81.7,No
10.9,66.8,60.1,Yes
6.1,112.1,57,Yes
14.5,53.3,74.4,No
,65.5,65.6,No
-3.9,92.2,68,No
7.2,62.3,84.1,Yes
8.6,77.2,46.3,Yes
9.1,64.4,63.9,Yes
9,67.2,64.2,No
6.8,49.1,67,No
6.3,90.2,78.6,No
8.5,90.7,101,Yes
1.8,90.6,62,No
0.2,66.4,75.2,Yes
10.5,81.6,50.7,No
10.6,114.9,66.7,Yes
14.4,80.8,86.3,Yes
8.7,51.9,69.3,No
4,57.9,92.1,Yes
0.3,57,55.9,Yes
5.5,101.4,,Yes
12.1,82.9,44.5,Yes
,43.5,81.4,Yes
,101.1,48.4,No
3.9,86.3,66.8,No
5.6,78.5,94.7,Yes
5.8,105.3,73.8,No
8,70.4,53,Yes
15.6,102.2,32.4,Yes
16,30.8,48.6,No
9.1,60.3,72.1,Yes
10.9,90.8,77.7,No
6,108.6,64.1,No
1.5,50.6,46.8,No
18.9,66.6,60.3,Yes
-1.6,78.3,61.1,No
0.8,56.2,82.5,Yes
19,69.7,78.2,Yes
10.1,,69.5,Yes
4.4,54.4,80.9,Yes
13.4,70.2,70.7,No
13.9,80.5,81.2,No
3.3,84.3,72.8,No
7.3,57.7,70.7,No
,71.4,64.5,Yes
5.9,69.2,94,No
11.4,81.1,71.8,Yes
,51.5,59.5,No
-2,100.4,45.7,Yes
8.3,80.2,84.4,No
11.3,96.3,63,Yes
,63.6,68.5,Yes
7.4,50.6,87.8,Yes
15.2,55.9,72.9,No
,89,72.8,No
2.6,66.2,72,Yes
15.7,42.6,67.5,No
12.2,78.6,59.3,No
9.7,68.6,72.2,No
9.5,69.1,52.2,Yes
15.1,40.8,59.7,Yes
11.5,44.8,37.4,No
13.2,64,51.9,Yes
6.5,56.4,74.4,Yes
0.4,63.6,73.8,No
13.1,91.7,,No
15.5,53.7,19.4,No
8.9,56.9,,nan
14.4,64.5,80.9,Yes
8.3,55.7,75.9,Yes
9.5,70.7,63.8,Yes
18.8,95.6,74.9,Yes
8.5,69.3,49.9,nan
8.2,80.2,79.8,No
0.7,28.6,61.3,No
13.5,76.6,52.4,No
,104.5,64.4,Yes
10.7,77,55.5,No
8.4,77.6,47.3,No
,80.7,61.7,No
9.4,106.4,69.2,No
9.8,102.1,76.9,Yes
15.9,54.6,72,No
17.6,99.1,101,No
13.3,102.5,69,nan
16.4,40.8,88.7,No
14.3,75.5,68.6,No
12.5,85.5,75.4,No
17.3,,65.5,No
3.5,61.4,70.9,No
6.6,60.7,73.6,Yes
,62.1,80.2,Yes
8.5,95.9,40.3,Yes
13.4,73.9,60.9,Yes
4.4,83.4,50.3,No
12.5,76.8,34,Yes
7.1,124.4,,Yes
8.3,94.9,60.9,No
11,74.6,56.1,No
18.4,69.7,67.8,Yes
6.4,61.1,75.7,Yes
9.6,55.5,73.5,No
4.6,51.1,56.3,No
6.4,94.6,66.9,No
4.6,57.1,78.2,Yes
11.2,87.8,35.8,No
12.1,64.9,50.9,Yes
13.4,60,63.7,Yes
6.2,68.4,42.5,No
12.5,110.8,49.4,No
10.6,135.8,84.5,Yes
9.7,67.7,68.3,Yes
3.8,65.8,64.5,Yes
10.8,94.1,50.2,Yes
10.9,78.1,58.8,No
10.5,61.9,44.6,No
12,84.8,60.6,Yes
13.5,90.4,38.3,Yes
4.5,70.2,84.6,No
8.9,,51.5,Yes
12.6,109.3,49.6,Yes
8.7,58.6,63.4,No
14.8,64.2,,No
10.5,65.7,,Yes
0.2,109,75.5,nan
14.2,35.5,52.7,Yes
9.4,91.4,66.9,No
1.2,74.4,65.3,No
8.7,111.3,71.4,Yes
3.7,82.1,71.7,Yes
13.8,32,77.6,Yes
9.8,107.2,94.4,Yes
5.4,70.3,,No
14.1,34.2,48.2,Yes
12.3,66.9,57.1,Yes
8.8,75.7,59.8,nan
3.8,54,75,Yes
5.8,44.4,,No
5.7,80.9,68.9,No
13.7,50.1,67.2,nan
1.6,54.5,60.3,Yes
9.8,102.1,64.9,Yes
-1,68.4,46.3,No
15.2,50.7,63.7,No
11.2,57.1,68,Yes
12.7,82.7,80,Yes
7.4,83.4,42.2,Yes
3.8,88.3,70.3,Yes
8.4,91.1,91.7,Yes
13.9,81.7,68.8,Yes
13.9,87.2,62.4,No
7.8,65.5,75,No
5.7,52.6,65.5,No
4.7,102.2,48.1,No
9.3,92.6,63.9,No
10.7,69.4,75.5,Yes
17.4,150,32.8,Yes
10.6,120.7,59.1,No
13.1,56.9,45.9,No
6.1,79.5,64.2,Yes
10.2,61.6,73.7,Yes
10.7,66.8,62,No
9.3,,57.4,Yes
9.9,31.7,53.4,nan
10.6,82.8,53.5,Yes
,88.1,,Yes
15.8,61.7,73.3,Yes
-1.3,127.1,90.4,No
15.6,80.7,72.2,Yes
1.4,78.3,79.8,Yes
11.5,82.7,48.8,No
21.8,63.1,61.2,No
9.8,55.4,47.2,Yes
10.9,59.8,,Yes
8.4,64.1,56.4,No
13.3,86.2,69.3,No
11.8,67.4,64.1,No
,87.4,74.1,No
9.4,49.8,82.7,Yes
4.4,62.1,69.5,No
9.4,60.8,63.9,Yes
7.9,-1.3,67.6,Yes
10.7,65.8,92.6,Yes
6.5,54.2,52.8,No
8.9,84.1,65.5,Yes
10,89.7,50.2,Yes
10.4,47,60.1,Yes
11.4,70.1,73.6,Yes
9.1,49.4,70.4,No
6.1,,66.1,Yes
10.4,61.3,42.5,No
9.1,64.3,77.1,Yes
,70.7,84.7,No
15.8,80.7,41.3,Yes
3.1,76.1,74,Yes
13.1,82.9,46.8,No
14.1,89.4,79.9,Yes
,72.3,77.6,Yes
12.9,54.3,85.4,Yes
14.5,43,57.3,Yes
5.3,59.7,,Yes
8.8,79.5,93.3,Yes
10.9,47.3,62.4,Yes
12.9,96.5,57.7,Yes
5.1,54,53.3,No
15.8,72.7,43.2,Yes
-0.1,104.5,59.5,Yes
16.6,71.4,78.3,No
12.8,53.2,43.5,Yes
6.9,24.8,,No
14.3,,65.6,Yes
4.8,81.2,46.5,Yes
10.6,86.5,44.3,No
11.2,77.3,63,No
11.2,64.3,80.5,No
5.8,59.3,49.5,No
7.5,75.8,57.5,No
10.6,94.8,64.5,No
6.4,15.8,88.5,No
,93.8,75.4,No
6.9,69.2,88.1,Yes
15,71.7,77.5,Yes
17.8,88.9,80.2,Yes
8.5,71.6,41.3,Yes
14.6,79.5,26.5,No
8.9,42.3,78.3,Yes
5.3,69.5,70.6,No
7.9,85.1,32.7,No
10.4,,52.8,No
1.1,68.4,58.2,Yes
13.1,78.3,76.5,No
10.4,83.6,66.2,Yes
15,105.4,77.7,Yes
,83.8,46.7,Yes
10.6,102,39.7,No
8.2,73.1,35.9,Yes
17.6,27.6,72.4,Yes
20.8,66.4,63,No
8.3,58.8,66.7,Yes
15.2,73.7,67.6,No
6.5,68.6,34.1,No
7.1,80.3,,nan
8.1,61.6,80.3,Yes
13.4,79.3,81.3,No
4.6,82.4,54.4,Yes
17.7,75.7,55.4,No
14.7,45.7,71.4,No
13.3,92.9,65.4,Yes
8.5,87.4,46.1,No
14.1,71.2,,No
-4.6,,75.6,No
12.2,,49.5,No
10.8,64.4,93.9,No
0.6,64,64.6,No
12,73.4,58.6,Yes
13,104.1,79,No
0.7,77.9,70.2,Yes
4.1,,75.4,No
20.3,64.6,40.7,No
9.1,,67.5,No
14.9,75,75.6,No
15.6,,67.8,Yes
12,64.4,77.4,No
15.1,58.8,87.7,Yes
-0.6,66.1,76.4,No
8.8,73.3,65.8,No
-1,74.6,89.9,No
1.3,74.8,85.2,Yes
7.3,55.2,80.2,No
,73.3,57.8,No
10.2,88.7,,Yes
9.9,100.4,61.1,No
10.7,94.7,71,No
,73.8,57.5,Yes
11.7,71.8,67.3,Yes
5.2,99.9,70.2,Yes
6.4,72.8,83.2,Yes
9.8,92.3,90.6,Yes
9.9,74.4,65.5,Yes
4.6,27,53.3,Yes
15.4,88.3,77.1,No
13.6,94.3,55.3,Yes
5.7,68.4,48.7,No
9,51.9,84,Yes
20,105.4,56.6,nan
-1,72.1,83.5,Yes
12,68.1,46.8,No
7,84,77,No
8.4,129.7,93.7,Yes
17.6,84.7,45.3,Yes
10.6,78.6,73.7,No
9.6,,58.4,Yes
10,108.1,51.1,No
22.7,85.5,111,No
10.2,92.3,48.7,No
5.8,81.1,73.1,Yes
6.7,85.7,51.8,Yes
13.9,69.4,67.1,No
2.9,78.4,66.5,Yes
12.3,61.3,74.1,Yes
6.4,64.8,64.3,No
0.7,84.8,64.7,No
5.1,60.9,70.2,Yes
10.1,,72.2,Yes
17,67.6,79.2,No
14.6,52.5,58.6,No
8.5,79.6,45.5,Yes
14.9,90.5,53.4,Yes
8.2,48.7,72.3,Yes
2.7,87.2,47.5,No
10.1,52.7,46.9,No
2.5,102.1,50.3,Yes
14,86.3,55,No
14,48.7,,No
5.6,92.1,65.9,Yes
10.7,62.7,62.9,No
10.7,55.7,73.5,nan
14.4,89.4,54,No
3.8,99.1,75.8,No
13,84.5,50.7,Yes
3.4,67.6,95.3,Yes
13.9,78.4,43.4,No
15.3,63.4,65.5,No
6.7,71.5,70.8,No
16.1,83.2,76.4,No
2.1,46.5,38.6,Yes
15.5,83.9,47.1,Yes
17.2,46.8,62.9,No
11.7,49.5,56,No
9,88.1,73.6,No
11.6,58.1,58.1,Yes
7,55.2,75.2,No
23.1,,39.7,No
7.1,63.2,83,Yes
16.6,79.6,88.8,Yes
,78.5,84,No
18,55.3,73,No
20.1,40.8,47.3,No
11.9,70.9,62,Yes
11.4,97,59.9,No
5.2,73.7,64.9,Yes
,68,57.8,No
11.5,109.6,69.1,Yes
17.3,90.1,51.5,No
7.3,40.4,45.1,No
21,69.4,71.2,No
6.9,79.5,73.1,No
11.1,53.6,48.2,Yes
11.2,69.1,68.2,No
9.5,75.4,82.8,Yes
-0.2,70.5,64.9,No
6.9,50.8,74.6,No
11,104.4,39.3,Yes
9.5,80.3,61.6,No
13.2,57.8,61.7,Yes
13.8,92.5,73.8,Yes
8.8,73.4,67,No
5.2,94.8,,No
17.7,72.9,48.1,No
3.2,45.5,54.5,Yes
7,53.7,77.4,Yes
5.8,150,75.8,Yes
13.7,95.7,55.8,Yes
16.6,48.4,61.9,Yes
9.1,102.9,57.3,Yes
11.1,95.5,38.9,Yes
12.1,62.3,67.7,Yes
19,73.4,46.5,Yes
1.1,30.9,62.4,Yes
13.7,61,54.7,No
11.9,70.8,60.5,Yes
8.1,81.2,93.4,Yes
11.6,72.7,37.9,Yes
13.7,,97.6,Yes
12.9,55.6,,Yes
20.8,81.5,74.6,No
10.6,108.7,42.4,Yes
10.1,83.8,82.4,No
,75.7,64,No
12.8,60.2,56.9,Yes
9.8,67.9,55.6,Yes
10.1,48.8,34.4,No
10.1,46.1,50,Yes
9.3,73.6,50.8,Yes
7,86.1,49.7,No
12.1,57.9,79.6,Yes
8.6,98.9,70.1,No
13.1,63.8,85.4,No
10.6,,40.6,Yes
8.1,93.9,51.5,No
,68.7,69.5,Yes
9.5,87.6,54.9,No
13.1,86.5,55.4,No
6.5,61.5,,No
-0.1,62.1,53.6,No
7.2,99.4,32,No
-0.7,101.4,54.8,No
8.8,87.5,,Yes
17.3,57.6,64.5,Yes
5.5,92.4,61.2,Yes
-0.5,69.4,73.3,No
17.5,49.6,58.2,Yes
7.6,,,nan
,70.5,42.3,Yes
13.9,96.7,54.3,No
12.6,58.9,65.4,Yes
13.8,,82.3,Yes
14.5,65.3,55.6,No
1.3,72.6,81.7,Yes
2.9,88.5,79.4,No
15.9,86.4,55.6,nan
6.1,30,68.8,Yes
6.6,67.9,71.7,nan
3.7,77.5,72.2,Yes
8,57.6,62.4,Yes
8.3,59.4,74.7,No
,87.5,86.4,Yes
4.7,88.7,98.9,No
11.6,71.5,69.8,No
6,83,66.8,Yes
7,,59.6,No
-0.9,53.1,54.4,No
19.7,53.3,40.9,Yes
14.7,67.1,39.4,Yes
7.5,61.1,75.2,Yes
5.5,63.1,56.2,Yes
10.1,73.1,55.8,Yes
9.9,73.2,66.4,No
3.6,23.8,79.4,No
-2.8,76.9,58.8,Yes
7.4,70,30.9,No
,79.5,45.7,No
10.9,62.2,94.1,Yes
10.9,62.3,87.1,Yes
5.1,67.2,95.9,Yes
7.3,96.4,,Yes
18.8,66.7,50.3,No
13.9,97.2,63.5,No
7.7,94.5,,Yes
21.5,68.2,89.7,Yes
4,64.8,61.1,Yes
5.9,65.5,113.9,Yes
9.4,72.1,74.9,Yes
2.3,63.8,86.1,No
19,89.7,40.8,No
10.9,62.1,95.7,Yes
6.1,92.3,64.7,nan
12.2,56.4,61,Yes
10.7,41.7,50.2,Yes
8.5,39.1,45.1,Yes
4,64.2,70.5,Yes
2.8,58.8,49.6,Yes
20.9,57.9,84.1,No
3.2,94.7,60.3,nan
18.5,60.4,62.5,nan
5.8,35.7,49.2,Yes
14,86.3,75.2,nan
12.3,101.7,59.6,Yes
13.3,84,54.6,Yes
13.7,61.6,51,No
1.9,78.4,79.8,Yes
6.6,,66.3,Yes
3.2,55.6,59.4,No
10.9,71,80.6,No
3.4,73.9,68.4,Yes
,70.9,66.4,Yes
8.8,108.4,55.9,Yes
-1,75.9,75.5,No
11.3,94.2,76.2,No
3.7,119.6,69.3,No
5.8,65.5,66.5,Yes
-1.4,78,93.2,No
18.3,91.3,52.3,Yes
,77.4,60.1,No
,,52.1,No
1,121.9,67.6,No
,99,50.2,No
18.8,33,60.3,No
11.5,102.1,77.6,No
6.4,107,49.1,No
9.8,98.9,77.6,No
7.2,90,48,No
9.5,,67.7,Yes
13.7,92.7,71.1,No
8.3,86.6,80.8,No
11.1,77.7,78.5,No
11.2,53.6,52.1,Yes
8.4,47.5,69,No
6.3,90.5,53.1,Yes
7.4,90.1,73.9,Yes
13.5,74.1,80.6,No
13.9,57.9,64.3,Yes
4.3,52.4,65.4,No
8.7,67.8,63.8,No
6.2,89,57,No
14,119.8,55,Yes
7.6,74.5,79.6,No
21,80.8,61.3,Yes
11.1,97.5,67,No
15.9,73.7,74,Yes
4.9,82.4,68.3,Yes
10.1,91.4,54.7,Yes
13.1,97,64.1,No
4.8,76.1,74.1,Yes
10.1,65.4,70.2,No
15.3,79.1,44.7,No
8.4,41.1,43.3,Yes
5.7,80.9,54.2,Yes
19,92.3,60.3,No
4.1,109,54.8,Yes
10.8,93.5,38.8,No
6.5,23.7,44.7,No
5.3,102.8,59.4,No
13.7,104.3,89.9,nan
9,56.6,99.1,Yes
12,67,74.3,No
-1.3,,62.5,No
12.5,76.1,65.5,No
6.4,63.2,66.3,No
0.6,60,69.2,No
19.4,127.7,63,No
13,90.7,58.1,Yes
11.1,69.4,90.6,Yes
16.2,103.6,46.5,No
11.2,73.2,78.8,No
6,99.2,38.3,No
9.1,86.6,71.5,No
6.6,68.2,40.3,No
7.5,85,,Yes
3.7,85.8,53.7,Yes
5.1,91,67.2,Yes
14.5,107.6,79.2,No
11.7,119.2,48.7,Yes
7.5,83.2,66.5,No
4.9,36.8,60.7,Yes
8,92.5,79.9,No
1.6,69.8,80.4,No
10.6,41.2,70.3,No
14.7,88.8,44.9,No
21.8,83.8,57.5,nan
4.5,58.9,63.7,No
14.5,51.3,83.9,Yes
6.5,102.9,44.2,Yes
4.4,85.1,61,No
4.4,59.2,84.5,No
,88.3,61.7,Yes
,66.6,64.9,Yes
7,85.9,37.3,No
7.8,81.3,,Yes
6.3,23.7,73.3,No
5.9,77.2,53,No
-2.1,71.7,38.7,Yes
10.4,60.2,50.6,No
10.3,49.7,84,Yes
6,70.6,70.5,No
,67.9,78.4,Yes
17,88,,Yes
10.1,72.1,,No
16.7,76.8,80.3,Yes
21.2,81.5,64.5,Yes
,65.7,,Yes
4.1,55.1,72.2,No
4.1,119.3,83.2,nan
7.8,73.4,52.6,Yes
10.6,70.8,71.8,No
17.9,103.3,67.8,Yes
13.1,,69.7,No
4,103.9,60.4,Yes
6.9,67.2,73.6,No
9.8,81.9,84.6,nan
,,70.5,No
10.1,119.7,38.2,Yes
4.1,83.4,50.9,Yes
1.7,84.3,90.8,No
5.3,54.7,47.1,No
12.1,49.9,46.1,No
12,102.1,56.2,Yes
10.5,81.9,53.5,nan
15,83.9,65.2,No
14.4,96.5,71.9,Yes
11,92,71.2,Yes
10.3,89.4,57.8,No
10.6,87.7,57,nan
9.3,77.8,60.2,No
-0.9,79.2,83.7,No
15.7,93.3,58.3,No
12,56.2,70.5,No
3.9,54,63.1,No
17.1,76.6,56.9,No
7.1,78,77.3,No
9.5,89.5,56,Yes
15.1,70.6,68.6,No
11.1,59.4,74.7,Yes
16.7,87,71.5,No
8.2,101.9,69.9,Yes
18.5,82.3,65.9,Yes
6.1,,66.8,Yes
16.6,80.5,64.7,No
-1.3,36.4,57.4,nan
4.5,74.2,56,Yes
11.5,34.8,64.8,Yes
8,66.4,67.5,Yes
9.6,85.2,68.9,No
10.2,69.3,73.8,No
4,98,47.9,nan
,79.4,70.4,Yes
11.2,52.5,69.7,Yes
6.7,93,69.9,No
16.7,88.8,71.4,Yes
9,100.5,53.9,No
13.6,89.2,68.2,No
12.2,,68.5,No
7,55.1,39.6,No
0.1,91.3,86.2,Yes
15.9,72.1,51.7,Yes
,91.1,68.5,No
8,119.6,33.3,Yes
9.2,,81.2,No
9.7,80.7,56,Yes
14.8,76.5,58.8,Yes
10,66.6,50.2,Yes
9.4,28.5,57.6,No
15.1,75.9,66.9,Yes
13,64.7,88.3,No
6.3,81.4,78.2,No
4.3,64.7,77.7,No
5.9,79.4,47.1,No
9.8,99.9,68.4,No
3.8,78.1,58.6,nan
10.5,53.3,48.4,Yes
9.4,58.4,55.4,Yes
-2.7,88.8,200,Yes
3,90.1,59.4,No
-4.4,57.6,69.7,No
8.3,74.4,46.3,No
15.4,93.1,100.8,No
0.5,109.4,68.3,No
3.4,78.5,57.8,No
9.2,71,60.2,No
4.7,67.6,43.4,No
4.7,77.9,41.9,No
12.7,102.8,62.1,No
7.5,,68.2,No
2.6,85,45.7,Yes
-0.4,46.6,,Yes
21,,66.9,Yes
15.6,101.7,49.1,Yes
7.7,69.1,78.5,No
10.4,72.9,69.5,Yes
7.6,98.6,58.4,No
12.6,133.9,67.2,No
5.7,41.3,52.3,Yes
7.3,64.8,52.4,nan
12.3,67.1,86.9,Yes
17.3,95.8,90,No
13.7,82.1,58.5,Yes
16.2,64.8,65.2,No
8.4,46.7,58.6,nan
6.9,95.2,81.9,No
0.3,71,94.2,No
10.4,51.8,56.1,No
11.9,61.4,46.4,No
8.5,66.5,78.6,Yes
6.1,69,75.6,Yes
16.2,54.1,84.2,No
13.2,54.4,68.2,Yes
16.6,122.4,34.1,Yes
5.2,,47.2,Yes
6.5,66.8,92.3,nan
16,82.6,64.1,Yes
9.8,78.2,51.9,Yes
7.2,56.9,36.5,Yes
7.5,36.7,,Yes
9.9,64.4,66,No
15,71.3,46.5,No
9.2,,51,No
14,38.4,53,Yes
,124.6,71.8,Yes
5.6,123.1,90.4,Yes
5.6,83.9,59.8,Yes
7.7,75.5,,No
3.3,63.7,64.8,No
7.4,86.6,52.7,No
17.6,72.7,85.8,Yes
9.8,100,72.1,Yes
6.2,93.3,85.2,No
19.6,58,70.7,Yes
5.3,61.2,101.4,No
5.2,94.4,69.1,No
16.1,88.9,72.7,No
13.3,52.7,54.2,Yes
9.3,,79.3,Yes
14.2,71.9,63,Yes
11.5,74.3,75.5,No
4.1,73.6,86.7,Yes
-2,93,65.9,No
7.2,77.9,75.4,Yes
15.4,76.6,86.2,Yes
7.9,59.9,50.2,No
12.3,78.4,67.2,No
10.9,74.4,40.6,Yes
1.5,65.4,62.9,No
8,,79.1,No
11.8,100.5,37.5,Yes
6.1,110.6,52.2,Yes
-1,79.9,46.1,No
12,103.7,77.7,Yes
10.4,79.6,72.5,Yes
15.2,47.3,82.5,Yes
11.9,81,79.3,Yes
5.2,,56.9,No
7.6,84.5,62.8,Yes
10.1,106.4,59.3,Yes
16.7,64.9,86.7,Yes
7.6,82.8,73.1,Yes
1.3,92.2,79.6,No
12.2,,76,Yes
6.2,,,No
3.6,150,51.4,Yes
10.1,52.7,72.5,Yes
14.9,90.3,87.1,Yes
,67.3,70,Yes
12.5,55.3,47.2,No
13.4,98.8,73.5,No
14,,57.2,Yes
6.3,107.6,38.7,Yes
4.4,66.2,89.2,Yes
,60.1,52.7,Yes
14,73.7,84.4,Yes
13.3,90.2,85.7,No
5.2,80.9,71.1,Yes
20.7,112.8,52.2,No
4.6,78.4,82.7,No
15,71.5,52.9,Yes
17.6,105.2,64.3,Yes
10.5,86.9,61.4,No
6.2,66.7,,Yes
6.3,79.8,68.6,No
8.7,79.4,39.8,No
15.4,70.9,54.8,Yes
4,78.6,51.5,No
0.8,49.2,73.2,Yes
11.8,,75.6,No
12.9,83.6,62,Yes
19.8,64.4,74.3,Yes
3.1,57.2,64,nan
9.3,74.2,,Yes
15.8,65.5,69.9,Yes
10.6,48.6,68.2,Yes
9,,49.1,Yes
13.9,83.2,79,Yes
7,76.8,43.5,Yes
14.3,81.3,45.4,Yes
3.7,,49.6,Yes
2.4,44.7,64.7,No
8.6,57.5,88.5,No
-2.8,68.6,84.3,No
10.4,83.7,51.3,No
1.3,40,63.4,No
11.4,28.8,46.4,Yes
10.9,104,54.6,Yes
9.7,,93.9,No
12.2,57.5,61.9,Yes
11,70.3,82.7,Yes
8.5,66.6,77.2,No
19.2,80.8,54.8,No
12,64.9,52.1,Yes
13.9,,64.4,No
15.4,84.8,62.9,nan
13.3,111.3,78.4,No
20.3,85.6,,No
10.8,76.5,78.2,Yes
10,70.7,55,Yes
6.8,59.2,,Yes
8.7,66.8,50.1,No
6.3,82.8,39.5,Yes
13.4,98.7,51.3,Yes
5.4,,72.6,No
10.4,78.4,85.5,Yes
12.8,78.7,62.9,No
10.8,76,71.9,Yes
5.5,86.4,60.1,Yes
13.5,76,57.9,No
9.6,76.3,81.7,Yes
-4.4,57.8,84.5,No
5.1,,86.2,Yes
17,61.2,77.6,Yes
17.4,79.8,60.3,No
12.6,68.9,56.2,No
13.9,126.6,40.1,Yes
6.1,82.8,94,Yes
8.7,106.4,42.7,Yes
16.2,104.7,65.6,Yes
12.1,83.5,41,No
10.3,74.2,81.1,Yes
9.1,57,70.8,Yes
15.9,63,84.8,No
15.6,91.8,68.2,No
13.2,80.4,75.5,No
,62.2,70.3,No
8.2,70.9,84,Yes
13.5,81.6,70.3,No
4.5,,79.9,No
5.5,70.2,95.3,Yes
,73.9,52.9,No
16.2,26.7,54,No
6.4,75.4,83.7,Yes
12,53.8,68.7,No
9.4,82.3,69.1,No
24.5,77.7,74.9,Yes
12.2,90,,No
,90.2,41.2,No
,,68.9,Yes
8.1,35.3,48.6,Yes
9,72.5,73.1,No
6.6,34.2,72,No
11,84.8,,No
10.9,71.7,63.2,nan
6.8,65.6,96.5,No
7.5,80.3,98.7,Yes
10.5,53.9,38.2,No
-1.7,112,57.9,No
2.8,70.1,90.8,No
18.3,76.5,80.2,No
11.6,72.4,61,Yes
7.4,93.4,83.2,nan
1.5,51,53.4,No
9.7,91.6,54.4,Yes
14.9,64.6,65.2,No
23.2,64.8,72.5,No
19.5,92.6,71.7,Yes
5.6,69.6,69.1,No
7.5,87.3,67.4,No
2.6,87.6,62.4,Yes
5.8,68,59.1,Yes
8.9,79.7,65,No
8.2,65.3,70,No
20.3,74.6,53,No
3.4,84.5,44.5,Yes
9.8,55.9,66.3,No
-0.3,83.8,67.7,No
11.7,81.4,59.8,No
3.3,45.2,57,Yes
15.5,60.1,67.6,Yes
8.5,61.2,64.3,No
3,66.1,64,Yes
-0.5,55.9,94.5,Yes
5.1,93.8,37.6,No
11.2,96.2,45.8,No
12.1,59.2,62.5,No
7.5,51.9,,Yes
14.6,74.7,54.5,Yes
4.3,101.6,47.2,No
-4.6,118.1,62.4,Yes
11.4,61.5,62.3,Yes
16.5,29.5,39.3,Yes
16.5,45.3,71.3,No
,39.4,62.7,No
7.3,83.3,72.6,Yes
13.6,77,71.7,No
6.9,79.3,31.3,Yes
10.5,97.5,64.5,Yes
6.4,107.6,63.4,No
4.6,,58,No
5.5,89.7,69.2,Yes
14.8,45.5,59.9,nan
10.1,64.8,54.4,No
16.4,102.7,61.3,nan
12.6,64,52.6,Yes
18,97.1,66.4,Yes
14.1,77.5,56.6,Yes
13.8,90.7,60.4,No
9.4,57.6,42.7,No
25,90.3,48,No
10.6,62.2,70.4,No
0.1,79.6,83.9,Yes
11.3,74.4,65,No
5.1,98.8,90.1,Yes
15.1,91.6,73.5,Yes
13.6,39.7,61.2,Yes
9,58.8,87.9,No
5.6,62.3,53,Yes
10.7,88.8,70.4,Yes
6.8,65.1,,Yes
13.9,53.2,29.1,No
12.8,47.7,60.8,No
24.7,89.5,91.1,No
7.8,33.5,57.7,Yes
8.5,96.1,57.2,No
9.2,49.3,73.1,No
,,31.4,No
15.1,51.6,76.7,No
8.6,56.6,59,Yes
19.9,70.5,49.2,No
12.9,72.3,78.5,No
7.6,44.1,71.4,nan
6.3,66.9,87.3,Yes
15.2,77.1,70.6,Yes
10.1,84.4,67.4,No
10,,68.5,Yes
7,,62.9,No
9.7,33.9,50.6,Yes
6.8,64.8,75.1,Yes
16.8,66.4,63.1,No
13.6,87.6,78,Yes
9.1,94.5,,Yes
9.1,54.6,52.4,No
10.5,80.9,66.5,No
10,88.1,65.8,Yes
5.2,60.1,68.2,No
0.5,90.5,63,No
6,77.7,82.1,No
9.4,69.5,38.2,Yes
6.3,77.8,56.6,No
14.1,43.4,66.4,No
8.9,77.8,66.4,No
19.4,58.1,61,No
7.2,75.6,50.5,Yes
10.7,66.9,200,Yes
8.6,80.8,76.9,No
12.2,98.8,67.6,Yes
15.3,77.5,78.7,Yes
13,95,34.8,nan
-0.2,54.5,50.1,Yes
12.5,103.7,62.1,No
,54.7,42.3,Yes
8.5,49.9,59.4,No
13.4,69.5,78.2,No
4.4,66.1,52.6,Yes
15.8,43.4,83.5,No
8.2,52.4,52.9,Yes
20.9,3.1,76.6,No
10.3,48,52.9,Yes
18.5,61.8,85.4,Yes
16,104.8,70.2,Yes
6.9,89.3,71.6,No
3.5,81.5,50.4,No
10.6,118.3,54.8,No
7.1,39.2,71.1,No
17.9,73.6,73.8,Yes
8.8,115.7,50.4,Yes
8.5,64.9,84.2,nan
3,58.4,,No
12.1,91.3,72.8,Yes
4.1,63.9,70.2,Yes
12.2,100.2,44.9,Yes
12.9,91.6,88,No
6.3,71.2,87.1,No
14.8,94.6,60.4,Yes
8.6,70.3,94.6,Yes
2.6,77.7,67.5,Yes
17.7,86.7,68,No
5.4,67.2,62.1,No
12.5,105.2,62.5,No
12.1,76.4,93.9,No
11.9,80.8,77.7,No
11.9,48.7,67.1,Yes
5.1,62.1,57.9,Yes
18.5,78.3,58.1,No
14.8,92.4,61.9,Yes
12.4,103.3,49.7,Yes
3.3,53.8,68.3,No
,58.5,87.4,No
13.3,50.4,83.7,No
,84.9,,Yes
11.7,,66.7,Yes
3.3,71.8,32.1,No
5.7,76.2,77.8,No
2.9,77.7,64.1,Yes
11.2,65.6,96.1,Yes
15.6,50.6,71.5,No
11.7,96.2,50.8,Yes
12.3,78.1,44.1,Yes
10.8,64,66,No
13.4,135.1,69.3,No
12.3,74.9,58.7,Yes
-3.6,40.8,62,No
14.5,88.1,53.7,Yes
,38.2,67.9,Yes
8.2,84.3,58.2,Yes
0.1,83.8,56.9,Yes
11.2,102.6,47.4,No
11.6,55,90.6,Yes
7.8,69.1,51.9,Yes
10.9,150,75.9,No
15.4,92.3,61.4,No
,83.7,69.9,No
10.7,85.4,64.2,No
11.7,99.4,57.5,Yes
5.9,70.6,62,No
7.5,104.3,49.8,No
9.3,73.2,90.9,Yes
15.9,92.9,60.6,Yes
14.1,65.1,74.4,nan
19.6,86.9,75.7,No
2.5,98.2,72.5,Yes
3.4,53.4,72.6,Yes
15.5,93.9,46.8,Yes
,78.6,39.5,No
,115.8,37.4,Yes
-12.3,,49.9,No
6.3,80.9,72.1,No
11.7,71.9,104.6,No
5.5,88.3,93.1,No
-1,31.3,86.2,nan
19.5,46.8,48.5,No
17.1,88.4,80.6,No
14,75.5,66.9,No
9.7,34.9,44.5,Yes
7.5,62.3,90.6,No
13.8,67.1,56.8,Yes
10.1,65.3,91.7,No
10.3,93.6,74.6,Yes
2.2,100.1,57.1,No
6.4,30.2,,Yes
13.8,72.6,69.4,Yes
4.5,77.3,83.4,Yes
11.3,45.4,66.7,No
12.1,100.1,80.4,No
12.4,82.4,64.9,No
12.8,92,57.9,Yes
13.1,66.1,60.8,No
6.9,59.4,72,No
2.7,63.6,58.2,No
5.6,72.8,57,No
13.6,,42.8,Yes
4,93.1,67.6,No
4.8,128.3,58.2,No
4.8,86.7,45,No
0.8,36.1,58.6,Yes
4.3,78.1,65.9,No
15,51.2,,No
6.4,150,74.3,Yes
1.3,,,Yes
,69.8,52.6,Yes
12.6,54.3,70.9,No
0.8,85.4,53.2,No
14.8,35.1,55.9,Yes
2.8,82.7,54.5,Yes
8,57,57.9,No
8,80.6,78,Yes
7.2,48.1,72.5,Yes
9.7,79.6,74.7,No
13.9,102.5,82.5,No
,63.1,48.4,No
7,62.7,65.3,nan
12.3,83.6,62.9,Yes
11,150,69.9,Yes
6.7,47.4,69.6,No
10.2,97.2,42.1,Yes
6.2,91.2,83.6,Yes
5.7,100.6,57,No
14,85.9,67.9,Yes
12.2,112.8,71.3,Yes
13.9,37.5,64.6,Yes
13.2,105.5,48,No
5.6,67.2,67,nan
15,64.1,64.5,No
8.5,60.7,64.3,Yes
14.6,85.2,61.6,No
9.4,91,75.1,No
11.6,65.7,89.3,No
11.7,80.5,91.6,Yes
14.1,130.3,76.4,No
1.8,61.6,75.1,No
2.1,67.1,41.9,Yes
13.4,103.4,67,Yes
11.8,43.5,72,Yes
6.1,79.9,33.8,No
11.8,26.7,,No
3,47.4,63.7,No
26.3,51.2,52.1,Yes
16.6,57.5,49.5,No
13.1,50.1,68.7,No
10.4,79,71.2,Yes
6.9,103,85,No
3.4,115.8,51.9,Yes
9.4,54.4,64.2,No
5.7,89.6,,Yes
6,99.2,58.4,Yes
2.9,77.4,53.8,No
11.2,89.2,,No
8.1,84.2,78.2,No
12.7,84.2,66.5,Yes
12.3,60.3,71.3,Yes
11.1,35.1,79.5,Yes
23.3,,54.5,No
14.1,59.7,51.1,Yes
3.7,69.4,60.9,No
12.3,94.2,79.1,No
9.7,103.7,98.4,No
3.3,78,61.9,No
2.9,51.3,48.3,No
12.3,67.2,69.1,No
13.5,59.6,63.3,No
4.8,77.5,83.2,No
14.9,65.7,66.7,No
11.4,93.1,72.5,Yes
16,58,58.9,No
15.4,118.7,68.2,No
9.2,45.6,46.1,No
18.2,81.1,60.4,Yes
,42.8,,Yes
22,96,68.5,Yes
,75.9,61.3,No
9.8,79.1,46.3,Yes
7.2,,71.8,Yes
8.1,96.7,70.8,Yes
24.6,87.9,,No
7.7,64.1,61.6,No
14.3,74.7,57.2,Yes
8.8,57.2,53.1,No
14.7,55.6,70.8,Yes
7.3,62.7,71,nan
11.3,69.5,57.4,Yes
13.1,75,62.4,Yes
6.4,74.1,69.7,No
,57.7,64.6,No
13.4,90.2,65.8,Yes
8.9,96.8,86.2,Yes
6.5,93.3,45.9,Yes
10.5,89.1,60,Yes
3.9,24.9,87.6,Yes
18.9,55,69,nan
12.2,45.2,52.4,Yes
9.6,39.5,69.6,Yes
15.2,97.9,69.7,No
6.4,108.9,79.4,Yes
4.2,75.2,77.2,Yes
9.3,84.4,54.9,Yes
,67.8,66.8,Yes
12.7,98.4,73.6,No
2.6,80.6,53.2,No
7.7,64.6,65.8,Yes
-5.4,86.2,40,Yes
4.1,71.4,67.4,nan
13.6,78.9,68,No
14.8,88.9,58.5,No
4.3,150.2,77.9,No
8.4,110.7,80.4,No
10.1,78,50.6,Yes
15.4,56.2,81.4,No
17.6,29.9,65.9,Yes
10.8,100.7,53.2,No
8.7,97.4,84.1,Yes
2.8,62.4,66.5,No
10.5,73.2,49.7,Yes
20.4,79.2,55,No
,86.9,66.6,Yes
10.9,108.1,71.6,Yes
11.5,48.9,80.7,Yes
6.6,88.5,71,nan
8.2,79.4,47.1,No
10.7,64.8,56.4,Yes
10.8,91.1,98.6,No
15.1,72.8,94,No
14.8,73.4,,No
12.6,81.3,76.3,Yes
5,65.8,71.6,No
5.2,88.1,,Yes
5.6,67.1,75.3,No
11.2,108.8,68.1,No
-0.1,79.6,85.1,No
10,,71.4,Yes
17,81.2,59.2,No
13.3,94.8,76.6,No
8.2,43.5,76.1,No
6.5,100.3,58.3,Yes
14,81.8,84.2,nan
11.5,74.4,74.2,Yes
8.8,61.3,64.6,Yes
,81.9,71.3,No
10.4,57.3,82.8,No
8.5,35.2,66.9,No
13.9,,60.8,Yes
16.2,69.5,52.3,No
3.2,87.3,31.4,No
3.9,70.6,55.8,No
16.7,52.1,57.2,No
10.8,61.8,92.8,Yes
4.3,75.4,40.9,No
14.9,87.9,61.5,No
11.7,91.3,43,No
21,47.8,57.5,Yes
8.8,76,,No
15.5,90.5,37.7,Yes
2.8,57.5,60.9,No
17,111,40,Yes
14.7,65.1,69.9,Yes
18,95.4,79.7,No
15.6,88.8,40.1,No
9.5,61.2,78.6,No
4.1,,85.2,No
7,102.3,79.9,Yes
,64.3,69.7,Yes
5.4,78.5,44.4,No
12.1,,90.4,No
9.8,,61.2,No
8.9,66.9,57.1,No
6,85.5,77.4,Yes
1.1,,61.9,Yes
10.9,81.4,53,Yes
11.9,68,59.6,Yes
5,22.2,63,No
7.3,76.8,85.5,No
17.7,100.2,68.2,Yes
15.8,53.1,82.1,No
2.6,62.1,57.9,Yes
9.6,101.5,51.4,No
17.3,86.1,80.6,No
8.9,68.4,61.1,No
8.7,80.9,63.2,No
15.5,62.5,80.5,nan
14.9,124.4,52.1,Yes
14.7,92.7,70.5,Yes
8.7,109.2,62.9,Yes
13.3,,70.7,nan
17.5,49.5,75.8,No
9.8,85.1,95.4,Yes
8,100.1,38.6,Yes
16.2,100.9,56.6,No
20.2,41.2,66.9,No
20.6,79.2,62.5,Yes
8.1,43,56.7,No
8.6,63.3,37.2,Yes
4.9,86.7,55.5,Yes
10.6,101.6,69.7,No
4.6,79.4,78.1,Yes
7.4,52,63.3,No
13.5,87,70.4,Yes
11.9,58,65,No
0.9,69.2,70.9,Yes
,76.8,46.3,Yes
4.6,61.6,73.1,No
5.2,87.7,56.5,No
3.8,90,57.3,No
6.7,95.6,63.8,Yes
5.5,103.5,62.2,nan
,72.1,55.8,No
-2.3,50.5,81.6,Yes
10.6,52.4,68.9,Yes
11.2,109.7,56.6,No
21.2,107.3,58.2,No
12.4,101.8,65.4,Yes
7.5,63.3,59.2,nan
4,108.8,52.2,Yes
9.5,71.6,66,Yes
12.2,81.9,64.5,No
7.5,91.5,62.8,Yes
10.3,100.2,85.6,Yes
19.5,85.8,64.6,Yes
8.1,102.5,51.2,No
0.6,75.3,71.7,Yes
14.4,70.9,46.5,Yes
11.6,68.6,84.9,Yes
1.5,,61.6,Yes
12.1,19,54.2,Yes
5,95.8,,No
12.2,70.3,70.8,Yes
19.5,89.9,32.1,Yes
,87,63.2,No
15.4,78.2,71.4,Yes
3.9,93.9,84.3,Yes
2.4,96.4,43.5,Yes
20.1,56,35.1,No
11.5,105.7,61.3,Yes
13.2,92.3,71,Yes
15.8,57.5,55.5,No
7.4,62,64.5,No
14.1,50.1,,No
13.4,87.6,76.6,Yes
3.5,71.5,77.6,No
17.6,25.1,49.2,No
16.5,63.9,54.5,Yes
3.6,67.4,42.8,No
11,77.1,,Yes
8.8,44.2,53.5,nan
17.1,77.3,60.3,Yes
2.9,105,56.5,Yes
28,78.7,80.2,No
9.1,86.8,50.9,Yes
13.7,106.3,87.7,Yes
16.9,73.1,42.9,nan
9,72.5,38.8,No
9.4,,54.4,Yes
7.5,57.3,95.7,No
5.6,61.1,36.4,No
11.4,34.2,70.9,Yes
9.3,120.8,64.2,No
7.5,91.6,65.3,Yes
7.7,56.1,91.7,No
12.9,95.5,56.2,No
6,58.8,71.5,Yes
8.8,,65.2,No
14.5,76.3,57.1,No
11.2,66.1,55.4,No
4.8,58.7,69.7,nan
9.9,99.2,59.5,No
12.2,76.7,59.7,Yes
14.9,108.6,50,Yes
6.2,54.2,,No
7.2,65.5,72.4,Yes
6.5,,56.8,Yes
6.8,97.1,72.7,Yes
12,59.2,77,Yes
13,86.4,73.8,Yes
15.3,81.9,82.4,Yes
9.5,103.6,79.8,Yes
3,85,78.3,No
13.3,39.1,61.1,Yes
10.8,54.7,33.2,No
10.3,55.7,45.6,Yes
3.6,66,62.3,No
9,,71.8,Yes
4,69.7,79.7,No
12.4,75.7,55.2,Yes
-1,70.5,75.4,No
7.4,85.8,65.5,Yes
2.3,60.6,67.8,No
15.1,71.6,73.9,Yes
8.7,71.3,78.6,No
10.4,73.6,54.9,No
6.3,63.7,59.8,No
1.7,48.3,92.3,No
7.3,93.7,38.5,Yes
8.1,72.7,86.3,No
11.5,97.6,56.9,No
8.2,84.6,69.7,No
6.4,85.3,80.2,No
2.5,97.6,,No
,127,63.2,nan
6,101.1,93.6,Yes
16.6,92.7,46.7,No
10.8,80.8,,Yes
12.8,100.2,,Yes
8.8,60.1,42.8,Yes
11,86.7,55.5,No
5.5,100.5,,No
4.1,,72.6,No
10.1,73.5,67.7,No
12.9,84.1,61.6,No
0.3,68.4,75.4,No
7.5,59.6,,nan
19.2,104,91.2,Yes
12.4,66.3,66,Yes
17.7,66.1,86.9,Yes
6.8,66.6,69,nan
7.7,61.1,73.1,Yes
14.8,60.5,18,No
13.1,40.5,56.6,Yes
9.5,44,68.3,No
3.7,71.1,56.6,No
15.8,84.1,71.4,No
22.6,41.5,40.7,No
2.1,78.6,55.3,Yes
17,100.7,43,No
7.7,65.6,64.4,nan
8.3,55.2,76.9,Yes
11.3,73.8,87.6,No
4,,86.2,No
9.8,63.8,77.6,nan
1.9,94.1,69.9,Yes
12.4,84.4,43.8,nan
21.2,109.6,94.4,No
6.8,41.4,75.9,Yes
9.2,46.8,,No
9.4,66.6,67.6,No
14.9,48.2,84.5,No
12,106.5,46.9,Yes
14.6,79.7,59,No
7.5,68.4,31.4,Yes
12.2,106.1,47.1,No
-6.8,80.9,93.2,Yes
13.3,70.8,67.4,Yes
3.9,59.4,52.4,Yes
8.4,86.1,65.6,Yes
13.7,85.4,80.3,No
2.3,88.6,67.5,No
15.4,91.1,77.6,Yes
9.4,104,46.8,No
17.3,58.4,81.9,No
5.5,119.7,92.2,Yes
0.9,111,44.2,No
9.9,109.3,74.9,No
12.9,70.9,78.4,No
13.4,60.7,71.2,No
,77.1,67.2,Yes
1.9,80.7,46,No
8.4,92.1,60.7,Yes
12.6,71.7,67,Yes
12.3,93.4,102.9,No
17.9,68.1,47.1,No
8.1,76,83.2,Yes
0.8,89.5,73.5,Yes
16,77.4,37.3,Yes
11,61.5,75.9,Yes
11.4,57,60.7,No
,96.3,83.7,No
16.3,84.9,64,Yes
9.9,102.7,80.5,No
15.9,97.9,,Yes
12.8,69.4,68.5,No
6.7,95.1,69.4,Yes
8.8,82,55.1,No
13.1,72.7,61.6,No
6.5,128,59.5,Yes
14.4,121.9,80.3,No
10.8,88,62,No
11.9,58,65.6,Yes
17.2,65.4,81.7,Yes
11.8,64.2,73,No
10.4,91.3,67.6,No
9.6,82.7,50.9,No
9.3,68.8,64.2,Yes
11.6,116.3,72.9,Yes
16.8,66.4,91,Yes
6.9,112.3,30.4,Yes
6.6,98.4,59.2,Yes
16.4,87.9,56.8,No
7.2,59.4,53.4,Yes
11.1,107.1,39.2,Yes
7,114.5,78.8,No
1.6,79.7,75.6,Yes
11,100,74.5,No
15.6,,61.6,No
9.7,105.1,57.1,Yes
2.6,56,50.5,No
10.5,94.8,71.2,No
6.2,24.6,52.1,No
-3.1,51.6,75.3,No
9.6,53.8,49,No
12.6,75.3,88,No
15.9,57.3,63.5,No
18.8,57.5,58.5,Yes
13.3,71.4,57.2,No
14.7,72.4,83,Yes
3.6,51.9,71.2,Yes
18.1,48.1,95.7,Yes
16.3,58,81.3,No
8.2,,52.1,nan
13.4,127.7,63.7,Yes
12.9,104.2,67.4,No
17.4,67.9,67.9,No
9.2,83.3,85.2,Yes
6.3,75,60.1,Yes
7.6,72.1,52.3,No
14.5,77.2,74.6,Yes
0.4,80.5,72.7,Yes
-5,40.1,56.2,Yes
14.5,62.6,38,Yes
11.4,74.1,95.2,No
10.1,122.7,86.2,Yes
3.5,87.7,52.4,No
1.5,97,62.9,nan
6.8,72.8,64.6,No
11.8,103.8,74.2,No
7.1,80.7,60.8,Yes
14.5,91.5,58.8,nan
,78.5,63.2,Yes
7.4,86,51.1,No
13.5,65.5,79.3,Yes
8.1,111.6,74.3,Yes
8.4,65.4,50.2,Yes
6.8,56,70.1,No
5.9,78.2,55.4,No
11.8,112.5,67.1,Yes
12.4,61.3,35,Yes
11.1,71.4,61.4,Yes
6.9,80.1,84.6,Yes
9,48.5,49,Yes
18,47.5,59.7,nan
2.9,97.5,83.9,Yes
19.4,,90.6,No
10.5,53.8,76.5,No
9.1,68.7,88.3,Yes
14.8,63.8,82.6,Yes
-0.3,75.2,39.4,No
16.9,78.9,73.4,No
19.3,32,68.6,Yes
15.4,101.7,49.5,Yes
-0.5,150,39.4,No
13.8,,77.4,nan
18.2,92.7,63.2,No
17.7,54.3,67,Yes
3,68.7,74.4,No
15.1,50.7,90.7,No
19,89.9,55.4,No
10.1,,59.7,Yes
2.7,82.7,60.2,nan
14.1,71.2,55.1,No
,,92.8,Yes
9.3,65.9,,No
4,79.6,74.8,No
14.9,63.5,73.7,No
6.2,,63.4,No
12,52.6,30.4,Yes
17.8,60.1,97.3,No
1.7,45.7,60.6,nan
14.5,80.5,78,No
9,76,,Yes
9.1,76.9,63.2,No
12.6,67.8,97.4,No
6.1,63.2,81.8,Yes
4.1,69,54.8,No
1.1,66.5,79,Yes
16.2,78.1,83.1,nan
8.1,111.7,65.1,Yes
12.8,71.2,75.3,Yes
7.6,63.2,62.7,Yes
4.2,70,58.5,Yes
13.3,65.2,67.6,Yes
11.6,65.1,67.6,Yes
8.8,63.3,61.8,No
11.5,88.7,34.1,Yes
5.2,88.4,89,Yes
15.3,93,84.9,Yes
,97.3,53,No
13.8,67.7,61,No
8.1,43.6,50.6,nan
10.3,114.4,41.8,Yes
17.8,29.8,50,Yes
16.4,68.2,67.1,No
20,46.5,71.2,No
6.1,83.1,51.1,No
5.6,55.9,61.2,Yes
10.7,97.6,69.6,Yes
12,79.6,55.8,Yes
9.3,105.2,72.8,Yes
8.1,77,51.1,Yes
16.3,98.2,95.8,No
9.5,53.3,56.2,Yes
3.9,94.7,60.5,Yes
4.5,72.3,49.3,nan
11.2,79.8,34.6,Yes
25,93.6,71.2,No
5.1,82.7,,No
8.4,59.2,68.5,No
22,65.2,56.6,No
,53.8,83.4,No
12.3,89.3,64.6,Yes
19.4,68.1,42,Yes
5.2,66,67,No
8.5,79.1,102.6,No
7.6,70.3,62.1,Yes
,98.4,57.5,Yes
17.8,,74.4,Yes
7.1,89.5,56,No
5.6,66.7,66.1,No
7.8,,,No
14.6,85.1,49.9,Yes
10.6,50.7,77.6,Yes
6,70.1,81.8,Yes
12,71.6,53.5,nan
14.1,104.9,76.4,Yes
9.9,66.6,77.9,Yes
8.8,84.6,64.8,nan
15.1,101,87.5,Yes
9.1,56.5,,No
18,80.6,56.5,Yes
6.2,115.6,72.1,No
6.1,43.6,73,Yes
5.5,62.9,78.5,No
8.8,80.5,,No
10,82.3,79.3,Yes
3.4,78.1,70.2,Yes
10.5,85.9,,nan
12.8,100.2,65.6,Yes
2.7,76.1,51.6,Yes
7.4,,78.3,No
12.8,86.9,61.1,No
4.6,114.8,57.8,Yes
8.4,87,65.1,nan
15.4,95.8,71.3,nan
19,43.5,55.7,No
12.2,71.4,76.7,Yes
9.2,50.7,58.3,Yes
7.5,75.3,77.5,No
14.6,103.5,66,No
15.7,49.2,71.3,Yes
4.2,109.7,48.1,Yes
14.6,74.9,41.5,Yes
7,92.9,73,Yes
5.7,95.6,95.5,Yes
9.2,114.9,54.6,No
15,86.6,92.7,No
11.5,57.6,72.6,No
11.4,95.2,58.6,No
,,60.7,No
,56.9,72.6,Yes
9.4,63.4,88.4,No
13.2,32.9,73.2,No
6.7,108.7,65.3,No
13.3,101.6,71.4,Yes
14.3,84,50.4,Yes
13.5,94.6,55.8,No
13.8,82.3,70.4,Yes
12.3,92.3,68.6,Yes
15.9,100.2,64.9,No
-1.4,46.1,68.3,Yes
14.3,93.3,62.5,Yes
19.9,97.6,48.6,Yes
6.9,63.2,51.8,No
6.3,70.4,74.6,Yes
16.4,59.5,90.3,No
5.4,81.2,72,No
6.7,82.8,51.8,Yes
10.8,78.9,80.8,Yes
6,,66.1,Yes
14.4,102.4,76.3,No
6,63.4,,No
11.8,86.1,81.6,No
11.4,90.8,77.4,No
18.3,40.8,46.3,Yes
15.8,81.7,78,Yes
7.4,,67.1,No
3.7,74.7,63.6,No
14.2,93,75.1,Yes
6.7,61.4,72.4,Yes
8.3,96.1,56.6,Yes
4.7,52.3,71.8,Yes
13.4,74.6,43.2,Yes
6.8,99.7,78.6,No
9.8,98.6,71.6,Yes
9.9,49,72.7,Yes
10.9,,58.3,No
13.3,63,111.7,No
8.8,98.6,81.4,No
6.3,73.5,62.5,No
0.7,78,74.2,Yes
10.5,84.6,73.5,No
9.2,50.7,71.5,Yes
6.4,81,15.8,No
10.3,54.8,69.7,No
14.3,65.2,80.7,Yes
15.6,66.1,58,Yes
2.3,84.7,42.4,No
8.2,59.1,57.5,No
14.8,65.5,67.1,No
18,81.5,91.7,No
,102.7,68.5,No
16.9,83.8,56.8,No
3.2,97.6,81.4,Yes
15.7,,60.9,Yes
8.6,103.7,44.9,No
17.8,57.9,53.8,No
7.7,62.8,74.8,No
8.5,113.8,52.8,No
9.3,78.4,80.3,No
,60,93.1,Yes
1.2,62.8,86.4,Yes
12.6,47.3,58,Yes
14.9,75.3,47.1,Yes
13,68.3,32.4,No
3.7,88.4,59.2,Yes
12.4,109.4,34.2,No
5,49.9,70.9,No
12,86.9,88.6,No
15.7,44.3,70.5,No
,83.7,57.6,No
17.3,51.5,84.4,No
9.3,48.1,56.7,Yes
8.9,126,60,No
10.3,118,62.9,No
3.3,60.8,52.3,nan
8,113,64.5,No
8.4,74.2,81.5,Yes
8.6,47.6,65.7,No
,88,44.8,No
,94,67.3,nan
4.3,90,72,No
15.7,41.2,59.8,No
0,52.1,,Yes
13.1,93.7,83,No
8.1,,60.7,No
10.8,95.4,70.2,No
17.8,67.7,68.7,Yes
9.3,42.1,41.5,Yes
13.1,48.6,47.9,Yes
10.3,84.1,,No
9.5,85,74.9,No
8.8,106.2,90.7,No
13.5,75.4,41.5,Yes
6.3,71,43.2,Yes
4.3,111,63.8,Yes
10.4,58.2,73.9,No
11,69.3,51.1,Yes
0.9,84.5,70.4,Yes
,57.1,78,No
3.9,83.9,77.2,No
13.1,75.1,98.6,Yes
1,,55.9,Yes
19.6,66.6,29.6,Yes
8.3,62.2,54.5,nan
5.7,113.4,80.1,Yes
8.6,92,82,Yes
12.8,96.7,40.6,No
14.5,91.7,87.3,No
8.6,61.5,41.2,Yes
2.8,55.8,59.7,Yes
3.9,56,73,Yes
11.4,63.5,59.2,No
14.9,99,72.8,No
15.6,,58.6,No
10.8,93.8,67.6,No
14.8,91.5,45.4,No
19.6,107,88.8,No
16,91,62.8,No
14.6,79.3,60.3,No
6,49,72.4,No
14.8,113.8,45.3,No
12.3,96.3,62.2,Yes
13.3,83.5,46.7,No
16.3,79.3,53.5,No
11.8,39.4,64,No
9.5,83.4,72.3,Yes
4.7,64.4,57.3,Yes
8.5,42.2,60.5,No
11.1,65.3,76,Yes
11.4,,60.8,Yes
11.2,82.5,54,Yes
14.8,51.4,71.4,Yes
14.3,47.8,65.3,Yes
9.7,68.9,63.4,Yes
5.8,86.4,82.4,No
11.9,59.1,58.4,Yes
,66.1,75.1,Yes
11.6,78.8,31.6,No
,58.6,60.5,No
12.7,34.9,65.8,Yes
13,81.2,62.7,No
12.9,40.1,54,No
16.9,81.6,,Yes
11.9,70.6,56,Yes
16.6,70.4,57.2,Yes
11.2,52.9,67.9,No
17.6,,80,Yes
16,57.4,48.6,Yes
14.6,,69.7,Yes
13.9,58.9,56.1,Yes
21.5,95.8,75.2,Yes
15.4,63.7,79.9,Yes
5.8,79.9,75,Yes
11.2,75.2,72.9,No
8.7,71.7,31.7,Yes
20.3,71.1,57.5,No
16.3,79.9,78.4,nan
20.2,102.5,92.1,No
6.2,52.4,78.2,No
15.5,39.6,73.7,Yes
3.2,58.4,66.4,Yes
2,77.6,58.3,Yes
8,69.1,87.7,No
17.6,105.8,72.9,nan
5,103.4,62,No
,65.9,69.5,Yes
15.9,105.9,,No
14.2,83.4,71.3,No
21.1,60.4,76.3,No
10,72.6,46.9,No
7.8,,47.1,Yes
4.5,60.3,82.9,No
8.2,62.3,53.9,No
4.5,84,61.7,No
1,67,71.1,Yes
19.8,69.3,65.3,Yes
10.2,70.9,67.2,No
23,71.6,56.2,No
5.8,93.4,90.2,No
7.9,58.5,75.6,No
6.1,79.6,65.6,No
6.8,44.7,,No
14.4,64.6,55.7,Yes
12.8,48.9,72.6,Yes
14.4,,67.9,Yes
16.7,77.7,70.7,Yes
15.5,66.5,69.5,Yes
5,40.3,106.5,Yes
7.4,48.2,70.8,No
10.6,92,72,No
28.6,82.1,52.1,No
13.9,46.2,58.7,Yes
10.5,,72.5,Yes
13.4,112,60.7,Yes
7,102.1,74.9,No
11.3,80.9,62.3,No
14.8,,55.3,No
9.9,71.6,39.9,Yes
6.2,49.9,84.6,No
9.6,92.2,200,Yes
8.4,71.1,61.7,Yes
3.2,89.6,,No
,66.9,56.1,No
3,82.3,89.8,Yes
3.8,65.4,71.5,No
4.3,76.4,83,Yes
14.8,90.9,78.9,No
17.4,64.3,76.9,Yes
2.3,115.4,57.9,No
17.9,63.4,49.1,Yes
4.4,77.7,79.6,Yes
13.7,102.6,41.8,No
11.3,104,45.7,No
,84.3,61.3,Yes
4.2,80.4,61,No
0.9,76.4,46.6,Yes
6,102.1,62.2,No
12.1,,63.4,No
19.8,96.8,59.4,No
4.9,107.7,67.7,Yes
9.5,84.2,30,Yes
6.3,66.9,78.2,Yes
9.9,82,91.6,No
,76.1,62.3,No
17.5,71.2,66.2,Yes
10.1,66.9,60.4,Yes
14.6,,72.6,No
8.8,87.8,77.6,No
11,61.1,47.9,Yes
15.6,81.3,57.8,Yes
10.7,107.5,51.7,Yes
10.8,60.1,85.7,Yes
6,102.4,64.9,No
7.3,57.5,60.5,No
4.9,82.2,74.8,No
6.3,39.4,59.3,Yes
16.3,87.8,55.4,Yes
19,70.6,41.4,No
3.8,40.1,84.1,No
12,65.6,71,No
8.4,110.3,58.1,Yes
17,86.4,99.3,No
10.7,77.3,73.8,Yes
10,85.6,54.1,No
6.3,95.2,93.7,No
2.3,105.5,62.6,No
13.8,69.2,59.7,Yes
11.8,86.9,64.4,No
11.9,84.5,,No
7,77.1,59,Yes
9.3,71.3,92.1,No
14,107.1,61.3,Yes
14.9,80.3,59.3,Yes
4.1,50.7,48.5,nan
6.8,16.9,66.8,Yes
3.1,,35.1,No
11,66.4,49.7,Yes
14.4,72,70.3,No
8.6,83.2,67.3,No
6.7,124.2,69.2,Yes
8.3,102.1,63.7,Yes
21.5,70.5,54.3,Yes
16,89.6,18.6,Yes
13.7,63,65.7,No
11.6,90.5,37,No
9.9,58.5,46.7,Yes
5.5,78.7,70.3,Yes
4.7,79.3,71.5,nan
,54,73.3,nan
5.2,63.2,55.8,No
7,31.5,60.5,Yes
9.5,67.4,66.8,No
9.9,97.3,66.4,Yes
6.9,115,65.1,No
12.5,104.8,49.8,Yes
9.1,67.3,56.2,Yes
11.1,74.9,70.5,No
6.3,73.6,74.8,nan
13.5,70.8,68.5,No
7.3,94.5,68.6,Yes
18,64,95.6,Yes
8.9,104,85.7,Yes
9.5,77.8,58.3,No
,51.7,94,Yes
14.1,73.1,77.9,Yes
14.6,84.6,90.2,Yes
18.9,94.5,,Yes
13.3,90.1,54.5,No
9.7,68.7,74.4,Yes
7.4,64.6,58.7,Yes
9.3,109.6,77.4,Yes
17.4,75.5,42.8,Yes
3.1,52.3,70.6,No
5.9,63.3,70.9,Yes
8.9,35.8,81.9,No
5.8,42.4,79.4,Yes
8,64.4,58.9,No
19,59.1,56.8,Yes
8.5,61.3,55.3,Yes
12.1,90.4,61.1,Yes
1.7,92.5,,Yes
4.5,51.7,79.5,Yes
14.7,112.8,36.3,Yes
18.3,77,42.9,No
11.1,75.2,43.9,No
,59.2,63.2,No
12.5,69,73.8,No
-3,115.6,70.3,Yes
11.1,53.4,50.5,Yes
4.8,80.3,79.1,No
14,,81.9,Yes
-1,38.8,76.4,No
6.9,44.3,58,Yes
9.8,87.2,64.8,No
6.2,40.5,80.1,Yes
8.1,50.3,64.4,No
14.5,91.4,67.1,No
,89,70.8,Yes
5.3,76.2,62.2,Yes
14.7,51.4,57.7,Yes
11.3,51.4,71.3,Yes
,48.5,,Yes
5.5,72.3,46.3,nan
-2.7,87.8,64.5,Yes
5.5,66.5,51.4,No
5,92.7,64.5,No
6.9,107.2,84.7,No
5.8,82.8,73.1,No
10.6,49.9,62.5,Yes
14.4,,96.1,Yes
15.4,102.1,39.7,nan
14.2,62.4,56.8,No
5.5,61.8,67.3,No
10.3,97.8,50.1,Yes
17.8,46.3,43.5,Yes
2.1,79,80.3,No
16.7,62.6,89,No
5,66.3,55.8,Yes
11.5,109.1,99.2,Yes
12.1,65.4,29,No
10.9,77.4,66.7,Yes
21.1,95.6,,No
8.5,49.4,64.6,No
1.8,91.7,66.1,No
11.8,66,63.5,No
9.1,49.4,45.9,Yes
12.8,65.2,66.9,nan
14.4,76.2,65.1,No
9.8,79.8,68.3,Yes
12.2,60,43.1,No
10.7,,85.5,Yes
19,47.1,54.5,No
8.1,60.8,70.4,No
6.6,47.8,72.7,No
14.4,73.4,73,Yes
5.4,58.2,48.6,No
12,116.5,35.4,No
9.2,82.7,90.5,Yes
9.5,42.5,82.2,No
22.2,60.1,90.3,No
16.2,89,65.4,No
15.1,79.9,77.7,Yes
12.7,43.6,50.6,No
6.5,,70.2,No
11.3,87.9,65.2,nan
12.9,82.4,69.3,No
11,86.5,,No
,69.4,,nan
8,57.9,50.9,Yes
,49.5,58.8,Yes
7.4,94,65.6,Yes
13.5,113.9,76.7,No
-0.1,80.5,73.1,Yes
16.8,93.7,84.4,Yes
3.4,59,,Yes
4.7,74.6,75.6,Yes
12,73.7,68.7,Yes
12.7,82.7,47.8,Yes
,76.6,41.8,No
11.5,130.5,43.2,Yes
9.8,91,49.5,Yes
11,101,74.4,Yes
18,80.4,44,Yes
22.1,32.5,85.6,Yes
,84,65.3,No
12.7,96.9,47.6,No
9.6,102.9,88.5,nan
9.5,73.7,84.5,Yes
19.4,46.3,79.2,No
5.4,69.2,66.5,No
-1.7,46,74.2,Yes
11.6,100.7,38.5,No
16,84.1,55.1,Yes
11.1,64.8,56,Yes
12.5,89.8,38.4,No
13.8,104.4,62.8,Yes
10.6,90.7,69.2,Yes
12.8,115,51.6,Yes
12.7,57.3,61.7,nan
0.2,94.5,57.2,No
10.6,45.8,,No
2.1,112.9,73.4,No
9.8,89.6,79.3,Yes
7.5,67.5,77.2,Yes
15.2,51.9,64.9,Yes
11.2,64.2,50.5,No
12.4,69.8,,No
9,79.3,77.2,No
15.3,74.7,70.3,Yes
2,,47.8,Yes
5.5,98.1,66.9,Yes
16.4,41,64.5,Yes
7.8,86.5,59.8,No
-0.7,,,No
,74.9,52.4,Yes
15.4,87.6,79.3,Yes
13.6,61.6,68.7,No
10.5,,80.6,Yes
18.3,69.2,44.4,No
16.3,64.5,66,Yes
17.7,,91.4,Yes
13.5,89.4,55.2,nan
10.6,77.2,80.8,Yes
8,75.6,67.2,Yes
3.7,79.6,81.2,No
12.5,68.4,57.6,Yes
12.9,93.1,85,Yes
,86.3,73.4,Yes
13.1,75.1,50.7,No
8.3,52.3,77.7,nan
14.3,101.2,82.1,nan
5.6,88.3,84.3,Yes
4.7,86.3,45.7,No
8.8,109,68.1,No
14.1,88.9,98.6,No
4.2,74,70.2,Yes
15.2,64.8,35.5,Yes
1.8,64,74.1,Yes
8.8,80.5,79.3,No
2.9,94.3,85.8,No
-3,94.6,55.9,No
11.8,47.4,45.1,Yes
9.1,150,82.7,Yes
3,69.1,63.6,Yes
7.4,,61.7,Yes
12.2,82.3,51.8,No
8.2,90.8,69.2,No
9,50.3,55.4,No
8,79.3,40.6,Yes
7.1,42.6,54.2,No
7,90.8,54.6,No
6.9,52.8,39.9,No
6.2,78.8,61.6,Yes
4.9,67.7,48.4,Yes
8.1,63.6,,No
6.8,35,71.8,Yes
4.6,47,74,No
13.8,73.5,41.8,Yes
16.2,56.4,79.2,No
10,68.6,90.5,No
10.3,59.3,72.5,No
6.5,69.4,89.2,Yes
15.3,51,71.3,No
18.7,65.5,64.3,No
9.2,69.6,57.5,No
7.4,75.6,75.6,Yes
,38.5,45.3,No
10.6,76,74.4,No
7.5,52.8,89.4,Yes
12.4,47.7,72.5,No
14.7,99.6,36.8,Yes
6.1,89.6,60.1,Yes
22.7,86,78.3,Yes
,70.6,59.1,No
5.7,63.4,75.2,No
11.2,104.7,43.6,nan
21.2,77.7,35.1,nan
7.2,57,65.3,No
4.7,55.1,32.4,No
12.7,81.2,83.2,Yes
8.8,68,53.6,No
13.3,95.7,70.2,No
9.6,76.4,84,No
5.7,51,65.6,Yes
21.7,112.2,52.4,No
-4.8,54.6,54.7,Yes
19.1,50.6,,Yes
14.7,73.3,51.8,Yes
6.3,84.3,62.6,No
19.4,57,65.9,Yes
3.1,,59,nan
15,65.1,34.4,Yes
-0.4,123.9,69.1,Yes
4.3,81.7,73.3,No
4.3,53.3,51,Yes
6.2,60.9,69.8,No
10.1,84.9,57.5,Yes
5.9,58.8,38.8,Yes
-0.2,73.5,56.5,Yes
12.3,114.4,38.2,No
10.2,87.8,67.8,No
12,86.9,76,No
10.9,114.7,107.4,No
,59.8,85.7,Yes
9.6,74.7,83.2,Yes
15.1,68.9,38.6,No
6.1,62.5,69.5,Yes
6.4,69.9,72,No
16.9,65.9,57.3,No
16.8,61.8,42.8,No
12.9,69.1,,No
5.6,61.9,37.4,No
5.2,,59.9,No
16.6,55.9,73.1,Yes
16.4,95.3,69.8,No
9.7,89.5,69.2,No
21.7,83.9,61.9,Yes
12.3,65.8,53.9,Yes
4.5,75.9,57.3,No
8.6,72.5,24.9,No
10,75.5,48.2,No
10.4,48.2,76.8,No
16.3,77.1,63.9,No
5.2,81.5,83.1,No
3.3,,59.3,No
13,54.9,95.3,Yes
7.5,51.3,,nan
22.1,94.7,84.5,No
14.7,44.8,78.3,No
7.4,104.1,72.5,No
16.1,98.7,85.3,Yes
13.7,86.6,84.4,No
13.2,44.7,61.9,Yes
9.4,71.8,62.7,No
12.1,74,71.9,No
-0.5,80.8,89.5,Yes
16.6,86.1,73.5,Yes
-7.2,,88.7,Yes
7.8,96.2,70.6,Yes
2,85.4,55,Yes
7.5,85.2,44,Yes
9.6,70.5,74.5,No
4,82.8,56.9,No
-3.9,32.1,76.1,nan
11,83,200,No
20.4,108.2,58.3,Yes
8.2,90.6,51,No
14.8,88.3,57.8,Yes
17.5,90.5,48.7,Yes
0.5,99.2,50.8,No
7.7,71,26.7,Yes
3.6,94.7,31.2,No
6,84.1,67,No
18.5,76.3,95.3,Yes
11.1,102,68.5,No
13.9,61.2,67.9,Yes
9.8,62,82.6,No
3.9,27.9,67.6,No
,56.4,67.2,No
16.3,66.2,44.4,Yes
11.6,74,64.7,nan
,84,56.1,Yes
3.8,92.6,63,No
,48.4,57.2,Yes
16.7,77.2,57.3,No
12,55.3,61.9,Yes
1,48.4,67.4,No
18.2,81.5,50.6,No
5.3,77,60.8,Yes
11.9,84.9,63.4,No
14.8,86.6,67.2,Yes
15.4,65.4,82.5,No
1,96.9,80.7,No
10.6,56.6,81.3,Yes
10.3,53.9,76.2,No
17.2,83,107.1,No
12.3,79.3,67.4,Yes
17.2,58.8,49.9,No
12.7,58.3,92.3,No
9.6,82.6,67.4,Yes
11,80,90.5,No
17.6,54.2,,Yes
3.5,62.1,,Yes
14.5,56.8,101.4,No
6.9,32.6,43.6,No
5.8,102.3,52.1,No
15.1,79.8,76.6,nan
5.6,98.2,79.7,No
11.9,68.9,67,nan
7.6,55.6,67.9,Yes
-1.8,57.5,53.5,No
12.4,57.5,83.6,Yes
10.6,64.6,83.7,Yes
0.4,44,75.3,No
6.5,67.3,44.6,No
1,63.5,68.6,Yes
13.7,92.5,63.3,No
16.9,85.7,64,Yes
14.2,67.3,41.4,Yes
14.9,84.5,56.7,No
7.4,53.1,67.6,Yes
,49.7,67.4,Yes
10,73.1,64.1,No
10.9,77,56.9,Yes
14.8,,,Yes
15.9,,51,Yes
8.1,,71.7,No
3,95.7,73.1,Yes
9.1,63.9,53,No
8.9,81.7,78.4,nan
11.4,54.1,53.9,Yes
14.2,60.4,68.2,No
0.4,81.6,77.5,No
6.6,57.2,64.5,No
5.2,59.2,57.1,No
16.3,83.6,65.2,No
9,59.7,75.9,No
7.4,94.2,70.8,No
12.7,70.7,58.3,No
7,71.5,59,Yes
9.9,80,64.6,No
19.1,72.3,78.2,Yes
18.9,80.6,70.4,No
,56.6,62.2,Yes
9.1,20.6,59.9,Yes
6.9,46.7,45,No
0.4,65.9,98.8,No
15.2,84.8,60.4,Yes
22.1,118.2,55.2,No
7.8,63.1,84.8,No
5.9,61.9,58.3,Yes
8.6,81.7,69.6,Yes
10.4,79.4,63.2,No
4.3,80.1,60.9,No
7.7,,72.7,Yes
15.1,35.4,70.9,No
10.6,78.9,50.3,No
16.4,74,61.5,No
11.8,43.2,75.1,Yes
4.6,86.6,72.3,Yes
7.1,89.6,62.3,No
11.2,86.2,50.9,Yes
4.4,,84.3,No
3.7,79.4,75.8,Yes
4,57,104,No
12.6,47.3,66.1,No
8.2,73,74.2,No
15.9,45,69.6,Yes
5.5,72.3,43.1,Yes
-2.3,74,69.3,No
9.3,58.7,37.4,Yes
18.2,113.8,53.1,No
10.2,63,,No
3.1,79.2,64.7,No
1.9,71.2,22.2,No
16,93.8,68.1,No
6,68.3,47.8,No
17.7,49.7,75.2,Yes
13.3,83.3,63.7,Yes
6.2,44.9,83.1,No
15.8,58,41.2,Yes
5.4,64.8,37.5,Yes
2.8,65.5,81.7,Yes
5.7,68.1,84.4,Yes
13.8,66.5,103.1,Yes
15.7,77.5,69.8,No
8,61.4,69.1,No
0.7,83.7,69.8,No
,58.2,76.4,No
4.7,49.6,65.6,Yes
3.5,52.4,36.5,Yes
11.3,66.8,59.1,No
19.7,94.4,58.2,Yes
14,74.4,56.6,Yes
,65.8,76.7,No
6.5,74.2,,No
7.5,50.8,,No
11.9,40.9,48.5,No
17.9,55.2,60.4,Yes
7.7,54,48.4,Yes
17.7,123,63.9,No
20.5,113.4,40.6,Yes
8.3,113.2,58.7,No
8.1,50.7,76.3,Yes
8.2,110.1,,No
10.3,60.7,72.1,No
,107.9,72.6,No
14.4,83.8,50.1,Yes
2.3,55.2,64,No
7.3,150,81.6,Yes
11.6,107.3,68.8,No
14.4,53.8,70.4,No
21,,61,No
3.6,36.3,51.6,No
,67.1,62.9,Yes
-1.3,67.2,68.9,No
4.5,66.8,64.6,Yes
1.2,107.2,62.3,No
7.4,48.3,63.3,No
8.9,70.5,74.8,No
12.3,90.1,62.2,No
8.5,48.7,51.2,No
12.3,57.3,57.2,No
10.6,97.3,80.1,Yes
4.8,,67.8,nan
1.6,66.3,48.5,Yes
12.9,92.2,70.4,Yes
18.2,106.1,53.2,Yes
22.7,66.9,65.9,No
,90.8,80.4,No
17.3,66.5,53.8,Yes
12.3,47.9,48.9,No
11.5,75.1,71.6,Yes
10.6,70.1,63.3,No
9.5,56.5,67.1,No
13,68.2,81.9,No
7.4,70.5,55.4,No
9.3,80.6,69.4,No
4.1,95.8,68.1,No
12.4,95.8,45.3,No
5.2,73.3,75,No
10.2,64.1,71.9,Yes
12.5,101.8,62.3,No
12.9,73,79.5,Yes
13.9,63.1,37.2,No
8.9,,57.6,No
12.4,38.5,74.9,No
7.6,65.6,55.5,Yes
0.1,64.3,50.7,Yes
,59.2,70.5,Yes
11.5,,51,Yes
15.1,96.6,74.2,No
9.9,108.9,,No
2,65.1,62,Yes
9.5,69.3,62.4,Yes
14.4,61.4,56.1,Yes
12.4,85.8,64.3,No
9.3,37.6,58.9,No
1.7,67.2,84,No
4.9,80.8,85,Yes
12.4,,63.1,Yes
1.7,66.4,78.1,No
8.4,94.8,72.2,Yes
10.2,73.9,51.6,Yes
15.7,98.9,47.8,No
,107.7,59,No
14.8,85.6,52,No
11.5,69.2,69.3,Yes
5.8,106.6,72.3,nan
6.9,,,No
5.3,44,77.8,Yes
13,90.4,89.5,Yes
6.5,124.5,57.6,No
8,88.7,71,Yes
10.1,78.7,72.5,No
18.2,,65.2,No
13.3,86.1,89.1,No
6.1,98.2,75.7,Yes
10.8,90,75.9,Yes
18.3,76.3,58.9,No
13.1,95.7,78.9,No
2,81.1,60.8,No
,85.2,75.2,No
5,,40.9,Yes
17.2,56.3,75,nan
16.3,74.6,75,No
6.9,77.3,69.3,Yes
6.8,51,30.6,Yes
10.2,53.2,78.7,Yes
10.4,62.5,82.6,Yes
5.2,95.8,47.1,Yes
8.8,71.1,79.4,Yes
2.7,77.6,48.5,No
16.4,81.2,55.9,Yes
1.2,87.6,61.9,Yes
1.1,85,79.7,No
12.2,76.3,73.7,Yes
3.8,72.2,64.4,Yes
7.5,96.9,61.6,No
10.3,65.1,71.4,No
13.4,102.2,66.8,No
8.9,63.6,79.8,No
18.9,69.3,52,No
10,89.2,93.4,No
16,122.3,78.5,No
11.4,36.3,36.5,Yes
20.7,92.3,67.5,Yes
15.3,84.5,46.9,Yes
10.2,65.9,63.5,Yes
13.1,82.2,29.8,No
8.7,51,44.4,No
8.6,59.1,64,Yes
3.5,83.6,57.4,Yes
6,54.8,80.6,No
20.3,78,58.9,nan
4,61.7,71.8,No
6.7,65.9,83.7,No
9.5,96.5,44.4,No
9.7,51.7,48.3,Yes
11.9,74.3,55.2,Yes
7.7,84.6,63.9,No
12.2,80.2,75.3,Yes
15.7,63.2,43.5,No
16.3,82.3,46.4,Yes
8.7,54.4,65.8,Yes
13.1,65.3,43,No
4.3,106.8,54.6,Yes
6.4,87.8,53.3,No
4.1,75.1,59.3,Yes
9.8,84,88.3,Yes
5.7,58.9,54.6,Yes
2.4,,50.3,nan
8.1,66,55.9,No
1.4,63.4,54.3,No
16.6,72.5,74.4,No
7.2,63,71.6,Yes
14.9,77.8,54.8,Yes
7.5,83.3,62.8,No
4,,54.8,No
15.9,18,67.4,No
10.4,57.6,81.3,Yes
19.4,53.4,80.7,Yes
7.7,82.4,71.5,Yes
7.8,60.4,56.3,No
15,65,54.3,Yes
15.1,91.8,43.7,Yes
,59.4,63.4,No
26.7,79.1,54.8,Yes
8.6,62.6,79.8,Yes
-1,65.6,44,No
5,51.7,76.1,Yes
8.6,64.6,43.4,nan
17.6,85.2,49.6,Yes
9.1,55.7,53.4,Yes
17.8,60.7,52.1,nan
12.2,,81.3,No
15.4,80.1,64,No
11.9,81.8,82.4,Yes
11.9,62.5,65.9,Yes
13.8,95.8,53.1,Yes
7.2,99.1,44,No
7.2,62.9,,Yes
11.7,96.4,55.6,Yes
19.7,101.8,72.4,No
2.3,33.6,79.9,No
-0.1,92.2,85.9,No
8.7,59.7,72,No
15.2,101.5,50.6,Yes
10.3,59,75.2,No
4.2,87.1,75.3,Yes
10.4,39.8,52.6,Yes
1.3,97.3,68.2,No
13.1,76.5,57,No
8.5,100.8,,No
9.6,60.7,79.4,No
12.1,79.3,,Yes
11,,80.1,Yes
7.3,74.5,62.6,No
15.2,83.6,55.8,Yes
14,89,,nan
1.1,44,90.7,No
8.8,64.6,81.3,No
4.6,97.8,52.3,Yes
3.7,34,30.9,No
,97.4,80.7,Yes
7.9,63.2,70,Yes
9.3,116.1,77.4,No
6.7,83.7,35,No
11.9,59,45.9,No
13.4,94.6,66.7,No
20.9,103.7,55,Yes
9.1,87.1,57.5,Yes
2.8,66.1,35,Yes
7.5,103.8,58.5,No
14.2,56.4,68.1,No
6.1,96.4,75.1,Yes
2.6,26.8,71,Yes
6.2,77.4,58.5,Yes
7.3,63.8,76.9,Yes
4.6,47.6,58.8,Yes
11.1,101.1,93.5,Yes
9.6,,70.3,No
13.9,102.7,64.1,No
7.8,44.3,65.4,Yes
12.8,96.1,,Yes
7.5,59.4,76.5,No
4.4,,53.4,nan
7.3,65.9,80.9,No
1.9,86.3,68.1,No
,57,52.8,No
10.7,80.2,71.2,Yes
6,88.8,55.1,No
8.1,104.9,53.7,Yes
-2.3,76.3,67.8,Yes
17.2,98.3,69.6,No
16.7,92,58.3,No
10.5,73.2,57.9,No
11.6,97.9,59.2,Yes
3.7,92.9,73.7,Yes
4,71.7,74.8,Yes
1.5,89.3,73.4,No
9.2,80.4,55.3,Yes
15.3,86,97,No
8.1,112.7,31.1,No
11.7,,51.2,No
14.9,80.1,72.6,No
1.9,75.6,87.8,Yes
19.2,90.8,69.9,Yes
,66,60.2,No
12.6,63.7,82.7,No
14.6,73.7,57.6,Yes
14.9,84.5,52.8,Yes
11.5,,77.1,No
17.1,21.9,86.8,No
7.7,56,41.4,Yes
12.3,103.3,89.8,No
16.6,105.9,78.6,Yes
-3.5,65.1,77.3,Yes
12.2,110.9,77.9,No
13.6,68.5,74.8,Yes
1.5,44.3,71.8,Yes
11.4,68.9,61.3,Yes
6,89.5,46.1,Yes
12,63.7,51.4,Yes
9.5,87.1,69.1,Yes
5.3,80.3,66.4,Yes
15.5,69.3,53.5,Yes
7.9,90.5,56,No
11.3,99.6,64.3,No
,78.6,55.3,No
5.4,86.8,53.8,nan
10,45.9,77.2,Yes
7.5,102.8,49.6,Yes
8.6,64.3,64.5,No
20.8,57.8,72.5,No
12.3,92.7,66.3,No
11.6,67.3,59.4,Yes
,61.1,88.8,Yes
12.2,69.1,78.1,No
0.9,50.7,92.8,No
21.5,60.9,57.8,No
2.7,95.4,67.6,No
18.7,98.3,80.2,No
13.1,76.3,94.3,No
10.9,,80.4,Yes
8.5,83.3,59.3,Yes
23,37.1,65.6,No
13,98.4,64.9,No
10.1,73.6,66.9,No
7.3,54.3,60.7,Yes
6.7,,67.6,Yes
10.3,75.9,20.1,Yes
5.3,66.5,,No
13.4,116,76,Yes
6.8,64.5,95.5,nan
15,90,68.6,Yes
14.9,88.9,59.2,Yes
9.7,58.1,47.6,Yes
12.9,72.2,53.6,Yes
13.2,70,,No
2.7,39.7,69.7,No
18.7,35.7,54.1,nan
8.7,31.5,64.6,No
13.5,66,73,No
13.6,55.1,79.5,No
-2.4,56.4,68.2,nan
6.7,66.6,58.5,Yes
14.2,75.1,43.3,No
,68.7,60.4,No
13.4,60.9,77.4,Yes
10.5,113.6,68.2,Yes
16.1,71,72.3,Yes
10.6,95,77.1,Yes
17.1,50.3,83.8,No
5.1,101.7,73.9,No
9.4,64,,No
7,131,26.7,No
11.9,48.8,73.6,No
8.6,53.7,93,Yes
8.9,71.2,44.4,No
6.5,67.9,80.7,No
7.7,51.5,82,Yes
9.9,104.5,69.6,Yes
-0.1,102.4,42.3,Yes
-1.5,68.2,43.7,No
10.3,95.2,67.6,Yes
-3.8,103.4,88.1,No
9,74.8,40,No
8.1,61.6,60.7,Yes
12.7,100.6,76.1,nan
6.6,97.5,59.2,Yes
17.8,49.9,61.5,Yes
14.2,103.3,86.9,No
2.4,54.6,,No
8.6,82.6,72.2,Yes
17.6,58.7,46.5,No
6.5,78.3,55.4,nan
9.7,77.3,67.2,nan
17,119.6,64.7,No
7.3,42.6,69.8,nan
15.6,59.6,86.7,No
5.5,65.7,65.1,Yes
-4.4,81.6,72.7,Yes
16.1,68.8,17,Yes
12.2,31,57.3,No
12.5,89.7,73.6,No
4.5,101.7,55.9,Yes
4.9,,50.7,Yes
15.8,65.9,97.5,Yes
11.2,79.1,75.7,No
9.4,50.7,56.8,Yes
,96.2,81.9,No
17.5,85,58.8,Yes
13.6,64.3,44.5,No
7.6,76.6,56.8,Yes
3,,53.3,Yes
12.9,98.3,55.5,Yes
5.4,73.5,48.6,Yes
4.1,117.9,64.7,No
16.6,102.4,75.4,Yes
14.4,85.6,62,No
11.9,67.1,61.5,Yes
3.8,67.7,71.3,Yes
18.9,79,61.3,No
15.1,72.8,73.8,Yes
8.5,109,62.3,No
7.4,56.3,79.3,No
,85.1,63.4,No
7.6,35,52,Yes
21.1,82.5,78.3,No
8.1,92.4,,No
4.7,103.8,53.1,Yes
17.9,63.2,76.1,Yes
7.2,60.8,48.5,No
13.9,95.5,36.6,Yes
,98.9,77.1,No
9.7,70.5,72.1,No
5.1,35.8,68.1,No
9.8,53.8,66.2,No
4.2,73.2,78.5,Yes
9.9,46.6,54.3,Yes
13.9,89.6,87.6,No
18.6,59.5,75.4,Yes
4.6,73.6,46.8,No
8.7,96.9,50.4,No
7.4,82.4,50.5,Yes
11.4,113.9,73.8,No
2.4,103,70.4,No
5.4,54.2,55.9,Yes
1.5,86.9,65.3,No
2.8,78.1,,No
6.7,98.7,77.3,Yes
18.4,85.5,66.2,No
11.7,65,,No
10.3,84.5,89.9,Yes
16.7,67.6,74.2,Yes
11.9,62.1,43.1,No
12.4,72.8,65.4,Yes
7.6,80,,No
6.8,101,82,No
3.4,65.1,57.9,No
7,36.7,80.4,Yes
8.6,71.1,60.4,No
11.7,80.1,54.3,Yes
9.8,78.6,46.6,Yes
8.2,69.9,51.5,No
5.4,94,67.3,Yes
12,81.2,64.8,No
7.5,87.1,57.6,nan
11.8,38.3,65.3,No
,71.5,77.1,Yes
11.7,72.2,96.9,No
13.7,108.7,62.8,Yes
13.1,72.9,90.4,Yes
9,61.8,65.9,No
14.6,60.6,55,Yes
3.6,94.6,87.1,No
9.6,63.4,55.1,nan
9,57.9,63.1,Yes
15.2,93.3,59,No
-0.1,82.8,108.8,Yes
4.7,70.3,55.6,Yes
18.7,48.4,51.5,Yes
-2.2,,86.7,Yes
14.1,91.5,58.9,No
6.5,55.9,44,No
11.3,82.3,79.8,No
17.1,73,49.9,Yes
11.5,57.3,59.9,No
17.2,66.1,76.1,No
7.5,74.1,69.5,Yes
8.2,48.6,53.8,No
13.9,86.4,62.6,No
7.8,60.8,52.1,Yes
13,61.6,82.7,No
15.9,85.1,69.9,Yes
14.3,65.9,34.2,No
2.1,70.7,29.1,Yes
8.3,72.9,73.7,Yes
-1,,66.4,nan
8.8,64.6,77.6,Yes
10.4,74.6,45.2,No
11.5,74.7,64.2,No
7.4,85.5,73,No
9,86.4,47.2,No
4.1,99.4,49.9,nan
7.6,,58.8,No
2.4,93.3,96.8,Yes
10.6,68.2,57.7,Yes
9,88.2,75.2,Yes
5.4,81.8,79.4,No
18.9,63.5,59.4,No
8.8,105.4,68,No
11.4,90.2,35.2,No
6.8,83.4,93.9,No
7.9,118.8,66.2,Yes
11.6,55.5,62.5,Yes
8.3,,44.3,nan
10,86.2,55.3,Yes
14,53.7,101.8,No
7.4,61.7,62.2,Yes
3.3,94.9,55.6,Yes
2.4,65.1,56.7,Yes
17.2,92.4,21.3,No
14.7,62.4,64.1,Yes
13.3,115.4,70.7,nan
7.8,28.1,51.3,No
3.3,95.2,69,Yes
,80,69,Yes
9.5,,13,No
4.3,70.5,68.5,Yes
2.7,36.5,72.8,No
1.3,82,50.6,Yes
13.3,63.1,,No
4,36,47.4,No
11.5,78.3,67.3,No
8,77.9,67.2,Yes
12.9,117.1,80,No
11.7,91.6,73.4,No
8.8,27.3,60.9,Yes
10.7,64.4,105.1,No
9.4,97.1,86.7,Yes
6.9,42.5,50.5,Yes
14.9,59.6,61,No
7.9,75,62.9,Yes
9.6,64.4,42.5,Yes
2.9,106.8,51.2,Yes
11.4,78.7,74.9,No
6.9,75.7,66.1,Yes
7.6,56.7,46.8,No
5.8,53,62.3,Yes
9.4,77.1,49.3,No
0,73.4,56.8,Yes
13.4,50.7,107.8,No
9.8,79.7,68.7,No
7.7,76.1,76.8,Yes
2.3,68.8,79.9,Yes
12.2,98.9,68.2,Yes
6.8,74.8,67.7,No
16.5,70.2,74.7,No
12.4,97.6,66.3,No
17.7,72,68.7,Yes
10.7,67,63.5,No
15.4,51.6,57.7,Yes
12.3,76.2,39.9,Yes
7.7,93.6,51,Yes
10.9,66.7,60,No
5.8,48.4,61.8,No
20.3,,83.1,Yes
9.5,96,68.9,Yes
10.1,86.7,70.1,Yes
11.9,76.9,,Yes
4.6,83.4,61.9,Yes
16.6,,50.1,Yes
,63.4,91.4,No
3.7,88.5,50.9,Yes
9.2,81.8,200,Yes
3.6,93.1,105.9,Yes
17.8,105.7,71.8,nan
8.8,50.3,16.8,No
-6.1,84.7,80.8,Yes
11,69.8,,nan
12.8,66.1,42.1,Yes
7.9,124.4,66.8,No
3.2,43.6,75,No
9.5,71.4,45.8,Yes
7.6,70.3,71.8,No
5.1,76,,Yes
4.7,35.6,84.8,Yes
10.8,55.4,65.5,Yes
14.5,76,71.8,Yes
12.3,47.1,41.4,Yes
1.4,94.1,71.3,Yes
13.1,86.6,69.9,Yes
13.9,43.3,,Yes
17,70.4,73.3,No
5.3,82.5,80.5,Yes
9.7,47.5,55.9,No
12.8,43.5,59.6,Yes
7.4,55.8,98.7,Yes
12.8,128.7,38.6,No
9.9,96.9,82.6,No
5.8,62.8,102.2,Yes
6.2,48.4,41.9,Yes
16.2,58.5,88.5,No
5,105.4,77.2,No
4.2,115.7,80.1,Yes
11.7,58.8,68.8,Yes
9.8,81.2,55.7,Yes
3.4,69.8,52,Yes
7.4,100.4,60.6,No
5.9,53.1,82.2,No
6.8,94.6,88.6,Yes
22.6,48.2,,Yes
8.5,94,,No
5.6,58,49.9,nan
20.1,68.7,64.6,nan
14.4,62.1,93.4,No
13.6,114.2,64.7,No
5.8,94.9,,Yes
16,66.8,88.8,No
14.1,58.5,45.6,No
10.7,101.3,56.7,nan
,7,47.3,No
9.9,84.6,86.7,No
18.6,55.8,73.1,No
11.1,120.1,79.8,No
,129.6,50.3,Yes
8.9,75.6,85,No
9.2,67.7,21.5,Yes
6,76.4,45.8,Yes
9.8,62.6,67.5,Yes
17.2,59.1,78.6,No
16.6,,54.8,No
6.2,87.5,35.4,No
16.4,77.7,51.5,Yes
13.8,80.8,48.2,Yes
13.2,62.3,106.9,Yes
12.2,56.3,75.3,No
5.3,56.1,49.7,No
8,90.4,41.4,No
14.2,76.6,52.7,Yes
4,79,67.4,No
4.8,81.8,57.8,Yes
11.5,73.8,97.3,Yes
6.1,77.2,53.8,No
14.1,100.9,74.3,No
6.2,90.5,54.4,Yes
11.2,71.6,77.5,Yes
,65.6,58.4,Yes
7.6,95.5,80.7,No
8.8,81.7,71.4,No
6.6,68.8,92.2,No
,49.2,68.2,Yes
5.2,108.9,73.4,No
8.9,52.5,46,Yes
13.7,80.7,,Yes
4.3,111.5,75.3,No
7.6,68.2,63,Yes
12.6,74.1,76.5,Yes
-0.4,92.1,57.4,No
19.3,,68.8,No
15.2,41.6,53.6,Yes
,67.9,72.1,Yes
-0.5,76.6,51.1,nan
10.1,76.4,66.8,Yes
4.4,103.3,200,Yes
14.8,56.1,84.1,No
,72.1,54.3,Yes
,105.1,56.2,Yes
7.1,,60.8,No
18,114.7,78.7,Yes
13.8,70.3,64.4,Yes
13,61.1,62.4,Yes
16,74.2,59.7,Yes
4.9,80.2,68.5,No
16.4,66.8,56,Yes
8.7,83,53,No
11.7,72,62.1,No
9.2,100.4,56.2,No
0.6,85.2,57.9,Yes
14.8,75.2,33.5,No
0.9,,84.7,No
5.2,91.1,,No
7.7,75.6,64.8,Yes
0.2,66,52.8,No
4.5,60.5,58.1,No
11.2,89,48,Yes
8.3,65.6,51.8,No
8.7,69,61.3,No
5.4,86.1,66.9,Yes
10.2,96.4,72.3,nan
8.4,86.9,77,Yes
1.8,92.1,83,Yes
9,89.2,74.5,No
3.8,75.2,63.9,Yes
14.5,82.9,71.5,Yes
8,111.5,62.6,Yes
22.6,71.1,50.8,No
14.8,53.2,95.8,Yes
9.3,24.5,79.2,No
12.9,113.7,72.5,Yes
-0.4,114.6,67.8,Yes
14.8,,75.2,No
5.9,100.7,69.5,Yes
10.4,,66.8,Yes
6.4,87.8,,No
6.9,85.1,65.6,Yes
9.1,60.1,83.7,Yes
10.4,77.6,67.2,Yes
9.9,82,43.1,Yes
10,76.4,72.2,No
1.9,73.9,56.1,No
21.7,101,50,No
11.2,95.3,55.3,No
12.2,92.5,,Yes
8.3,93.6,76.6,No
5.6,79.6,71.3,No
10.8,98.3,68.6,Yes
11.4,51,47.1,Yes
16.5,76.4,72.6,No
20.4,89.2,,No
17.4,85.9,67.8,Yes
1.2,82.5,56.3,Yes
7.7,93.5,48,No
11.7,,53.8,No
8,53.7,91.2,No
9.8,81,58.2,No
-0.7,60.6,40.6,Yes
14.6,96.4,69.8,No
0.6,89.5,58.2,Yes
2.1,55.6,49.9,No
4.9,74.9,74.5,No
9.5,45,59.9,No
1.9,94,67.8,Yes
4.7,64.3,66.4,Yes
,52.4,87.2,No
9.4,68.1,71.6,Yes
12.2,86.7,,No
3.8,80.7,50.3,No
9.7,65.2,40.6,No
9.3,72.9,103.9,No
6,69.2,76,Yes
9.7,56.3,49.1,No
0.5,37.7,82,No
12.2,74.9,65.8,No
8,86.7,60.4,Yes
,74.7,55.1,No
14.3,116,69,Yes
12.2,63.1,85,nan
8.4,74.2,80.7,No
4.4,84.7,97.3,Yes
,83.8,61.9,Yes
3.3,69.9,65.6,No
13.1,73.9,79.3,No
2,73.3,75.1,No
14.6,88.7,98.6,nan
15.1,61.1,99.1,No
0.4,26.3,60.3,No
12.2,68.1,34.7,No
11.8,108.8,23.6,No
13.5,91,71.6,No
11.8,43.6,59.2,Yes
5.2,88.5,76.1,No
8.9,79.2,56.3,Yes
18.3,67.5,89.8,No
-1,53.4,46,No
11.6,58.7,57.2,Yes
15.8,63.8,57.3,No
5,111.7,73,No
2.9,87.8,57.7,Yes
3.7,60.8,59,Yes
12,64.2,83.2,No
,74.3,81.4,Yes
9.3,66.3,70.2,No
,75.3,49.1,nan
9.7,72.1,71.2,No
6.1,76.9,77.4,Yes
10.6,35,63.2,No
9.7,91,53.3,No
12.3,63.8,57.2,Yes
18.1,93.1,69.1,Yes
12,118.9,85.6,Yes
20.2,45.9,51.5,Yes
12.3,77,71.4,No
6.2,66.6,80.6,Yes
21.4,82.9,71.8,Yes
,32.9,79.9,Yes
4.7,67.8,56.9,Yes
21.6,58.6,62.2,No
6.3,107.5,44.4,No
6.1,112.2,,No
7.2,69.3,52.7,No
10.8,52.1,50.2,Yes
14.7,58.2,74.6,Yes
-3.2,75.8,40,Yes
14.6,47,45.8,No
7.2,85.4,76.9,No
7.9,71.1,61.2,No
18.6,82.1,48.8,Yes
11.1,82.9,72.2,Yes
12.2,102.6,61.5,No
9.8,87.7,68.9,No
13.8,80.9,68,Yes
18.1,80,61.3,No
-2.4,35.4,52.5,No
,78.6,,No
17.7,87.2,69.8,Yes
12.5,72.6,,Yes
6.6,108.3,69.7,Yes
,45.3,60,No
21.8,60.2,70.1,No
5.5,62.3,43,No
,75.2,71,No
,,77.1,Yes
,50.2,18.7,No
8.4,67.9,80.8,nan
2,95.3,88.4,Yes
10,,72.1,nan
,61.1,32.7,Yes
23.4,67.5,66.7,Yes
13.1,59.4,53.1,Yes
13.9,49.8,65.8,Yes
13.9,83.5,70.8,Yes
6.5,49.4,75,Yes
9.3,88.3,68.4,No
10.6,111.4,61.1,No
19.7,82.5,86.5,No
4.2,87.5,52.2,Yes
6.4,86.9,45.8,Yes
8.2,65.2,60.9,No
6.6,82.4,59.7,Yes
2.7,81.2,52.5,No
-3.5,62.5,73.2,No
0.9,24.7,57.2,No
15.5,54,75.5,Yes
10,56.2,40.4,No
14.2,85,53.6,Yes
7.1,45.4,80.3,No
,112.4,56.5,No
18.1,107.6,53.6,Yes
17.8,96,87.3,No
14.7,64.8,85.9,No
11,33.4,47.8,Yes
12.6,91.6,61.6,Yes
11.9,60,66.4,No
9.2,90.8,71,Yes
8,87,44.1,No
15.6,66.2,45.7,Yes
3.5,50.6,70.6,nan
17.4,78.7,79.2,Yes
,,58.9,Yes
3.4,80.6,57.5,Yes
7.3,84.4,67.1,No
5.6,61.8,67,No
,44.9,68.1,nan
7,107.6,100.5,No
6.8,64.3,51.5,No
8.5,,51.8,No
9.7,96.8,58.6,Yes
13.8,63.6,,No
8.8,59.8,54.7,Yes
11.6,115.2,57.7,Yes
,60.3,48.8,No
12.7,99.3,51,No
10.2,78.1,42.9,Yes
6.8,77.6,72.3,Yes
5.4,64.9,56.5,No
11.1,71,76.7,Yes
16.4,110.7,73.6,No
8.9,92.1,93.3,nan
6.5,47.7,63.2,No
8.7,55.2,68.8,No
7.2,82.7,49.5,Yes
6.7,87.8,62.2,Yes
2.8,90.3,71.2,Yes
8.8,73.5,45.2,Yes
11.2,58,73,Yes
4.6,58.8,67.5,No
5.6,29,,No
5.3,107.7,67.1,No
3.1,22.4,,No
5.2,70.2,68.9,Yes
9,39.6,79.6,No
3.3,63.3,86,nan
9.3,86.5,57.1,Yes
6.5,29.3,69.5,No
5.4,82.1,,Yes
11.9,92.4,101.3,No
6.8,66.7,77.2,No
7.6,129.8,51.4,Yes
16.5,30.1,87.4,Yes
5.4,40.7,40.8,Yes
17.8,68.9,52.1,Yes
8.3,69.3,55.9,No
4.3,,61.6,No
7.2,93.6,74.1,Yes
10.3,49.9,51.7,Yes
16.3,47.8,58.1,Yes
14,61.1,62.7,No
10.3,95.6,74.8,No
16.3,91.2,59.8,Yes
0.6,73.6,69,Yes
11.2,64.8,71.2,Yes
11.5,71.9,72.2,Yes
11.6,82.2,25.8,Yes
1.9,77,69.1,Yes
4.9,46.8,38.6,Yes
9.2,45.4,64.7,No
15.6,69.8,,No
19.6,89.5,74.7,Yes
6.7,53.8,36.2,Yes
3.5,83.1,48.3,No
14.1,39.2,58.5,No
23.1,76.4,59.2,Yes
15.5,59.4,68.9,No
6.3,33.2,47.2,Yes
24.3,64.1,68.4,Yes
13.4,49.7,63,No
6,69.5,86.2,Yes
19.7,83.3,48.8,Yes
5.7,84.1,78.1,No
6.9,35.5,61.5,Yes
13.6,86.5,55.2,No
9.9,83.3,87.8,Yes
10.2,66.5,,Yes
10.2,49.6,70.9,Yes
15.6,66.8,61.7,No
,107.2,61.6,No
11.4,86.9,74,No
8.5,94.5,76.1,Yes
6.2,55.2,53.7,Yes
6.2,64.3,54.8,Yes
-3.2,49.1,13.8,Yes
6,61.7,59.9,Yes
16.5,102.2,85.9,Yes
14.2,66,88.2,Yes
9,61.2,65,No
2.9,79.8,88.2,No
14.1,63.5,82.3,Yes
16.5,76.9,74.7,Yes
15.2,63.6,45.8,No
5.2,78.8,61,No
5.7,67.4,50.3,No
18.3,52.6,49,No
4,96.1,69.9,Yes
12.4,111.4,73.9,No
1.1,85,31.9,No
8.5,45,58.1,Yes
12.9,70.4,49.1,No
9.9,79.9,65.2,Yes
12.6,41.3,54,No
3.9,64.3,69.4,No
5.9,46.9,82.7,Yes
12.4,54.4,66,Yes
13.5,81.8,76.8,Yes
11.1,74,84.6,No
14.7,53.1,67.2,Yes
1.7,73.7,44.7,nan
,67.8,47.1,Yes
19.1,92.7,63.3,No
16.4,33.5,92.2,No
13.2,60.2,37.8,No
9.2,105.3,71.4,Yes
15.2,51.7,68.6,No
12.1,53.4,73.6,No
2.4,64.6,63.3,Yes
15,100.4,65.1,No
5.7,83,64.4,Yes
13.8,53.8,49,nan
1.9,73.3,32.9,nan
18,68,95,No
8.6,84,61.2,No
4.5,74.2,48.7,Yes
6.6,78.9,81.4,Yes
8.3,68.6,57.6,No
10,101.4,69.1,No
16.6,74.1,72.1,No
10.4,62.5,54.6,No
-0.9,96.2,74.4,Yes
3.9,86.8,61.3,Yes
23.8,56.8,78.9,No
10.7,-3.8,80.9,Yes
14.8,85.8,75.9,nan
8.5,66.3,24.6,No
5,75.8,70.5,Yes
7.6,98.6,80.5,No
10.6,55.9,61.6,Yes
7.7,52.5,41.4,No
19.6,47.1,61.9,Yes
6.9,119.1,48.3,No
4.7,98.8,65.3,nan
14,88.4,58.9,Yes
14.7,36.5,69.4,Yes
10.1,46.5,24.3,No
7,89.1,83.8,No
0.5,83,75.5,Yes
16.1,69.6,47.5,Yes
14.3,48,67.3,Yes
7.8,96.1,77.7,No
10.3,110.8,56.1,Yes
8.9,83.8,63.3,Yes
18.1,59.9,35.6,No
4.8,105.5,33.3,Yes
6.9,78.4,45.6,No
6.4,107.6,56.5,Yes
11.6,67.8,89.4,Yes
10.3,116.2,64.3,No
,66,33.5,No
5.6,61.8,67.2,Yes
17.4,91.6,70.8,No
7.7,,52.7,Yes
15.9,82.7,65.2,No
25.7,54.6,81.8,Yes
5.6,55,59.6,Yes
11.7,67.4,57.7,Yes
9.3,82.2,54.2,Yes
20.2,59.4,71.2,No
8.6,,57.5,Yes
11.2,72.9,65.1,Yes
11.1,109.1,51.7,Yes
9.5,54,56.6,Yes
13.8,81.8,93.7,nan
10.5,84.2,53,Yes
12.4,80.4,87.4,Yes
11.1,74,48.4,Yes
7,91.9,88.8,Yes
8.7,50.3,62.8,Yes
12.8,80.7,70.4,Yes
12.8,55.3,51,Yes
16.2,63.4,68.9,No
19.3,80.4,70.5,Yes
7.4,94,65.1,No
10.7,47.5,43.7,Yes
9,108,51.9,No
4.5,95,46,Yes
12.8,75.9,64.2,No
13.9,53.6,50.2,Yes
4.6,105.6,47,Yes
8.1,84.2,,Yes
7.6,84.2,51.5,Yes
2.5,61.4,102.9,No
9.8,78.9,71.2,Yes
4.3,62.5,66,Yes
10.8,99.3,68.9,Yes
11.3,99.8,34.1,No
12,,77.5,No
12.2,63.3,,Yes
17.7,90.8,71.2,Yes
6,88,74.2,No
6.2,,66.2,Yes
,69.2,62.7,Yes
,118.9,65.8,Yes
15.6,74.8,30.3,Yes
12.8,79.7,93.8,No
19.6,85.9,39.5,Yes
9.5,63.8,82.1,No
2.6,90.3,77.9,Yes
11.7,82.6,68,No
9.6,97.5,28.9,Yes
12.7,41.3,69,Yes
13.3,82.1,90.4,No
7.3,79.2,66.3,Yes
5,46.7,60.1,No
9.3,69.7,62.1,Yes
-1.9,82.9,68.9,No
10.4,76,23.4,No
8,,,Yes
14.3,74.7,50.6,No
,65.7,70.7,No
10,115.1,92,No
17.9,81.6,56.5,No
,81.2,49.1,No
14.9,48.5,66.1,nan
11.7,,90.5,Yes
1.7,64.4,69.1,Yes
10.8,74.4,81.7,Yes
12,68.6,74.6,Yes
4.6,62.7,82.6,No
9.4,70.4,,No
-4.5,53.3,87.5,Yes
8.3,86.9,74.3,No
7.8,91.1,44.4,No
17,85,62,Yes
7,,67.6,No
8.7,90.7,66.6,No
9.6,49.3,64,No
7,104.9,68.8,Yes
13.6,92.4,68.8,Yes
0,36.8,57,No
15.7,59.8,71.2,No
9.9,50.3,76.8,No
16.5,83.7,91.7,No
-3.7,64.3,97.1,No
-2.2,75.5,59.7,No
8.5,109.7,58.3,Yes
12.5,103.9,60.1,nan
7.2,55.8,47.3,No
12.9,84.2,67.5,nan
14.9,111.5,115.6,Yes
13.3,56.7,51.8,Yes
10.5,94.4,55.7,No
10.5,71.6,39.9,Yes
6.9,56.2,79.3,No
9.7,105.3,67.9,No
4.9,66.4,52.6,Yes
,72,49.1,Yes
12.6,67.9,56.4,Yes
7.7,96.1,75.5,Yes
6.3,94.7,70.4,No
12.2,60.2,52,No
11.9,77.3,55.8,Yes
8.9,82.4,79.2,Yes
9.3,94.5,36.4,nan
12.1,62.8,48.4,No
14.8,102.6,67.1,Yes
11,91.3,66.6,No
4,56,75,Yes
8.9,84.7,77.4,Yes
8,84.8,74.8,Yes
4.7,60.8,36.7,Yes
12.5,83.5,77,No
12.9,75,71,No
13.6,44.4,65.5,Yes
5,11.1,79.9,No
10.8,116,,Yes
,,55.2,Yes
11.5,77.2,37.4,No
10.6,54.5,58.2,No
9.9,63,47.8,Yes
9.3,,62,Yes
15.5,123.4,74.3,Yes
5.7,37.9,55,No
9.1,,52.5,No
15.4,112.4,13.5,Yes
5.9,79,71.6,No
6.2,88.7,76.9,Yes
13.7,71.6,51.5,No
2.9,85.3,49.7,Yes
13.3,103.9,,No
7.6,85.4,39.3,Yes
12.1,50.7,81,Yes
3.9,62.4,52.5,Yes
15.9,90.5,77.3,No
3.9,73.6,63.5,No
13.6,64.1,38.4,Yes
4.1,53.2,50.8,Yes
19,,33.4,Yes
9.6,60.7,66.5,Yes
19.8,84.1,53.6,No
5.9,64.7,59.7,Yes
7.8,78.6,85.2,No
16.1,78.2,78.6,nan
2.9,90.4,59.2,Yes
6.5,58.6,63.4,Yes
12.5,107.3,52.7,No
4.9,,74.7,Yes
12.6,68.5,96.1,Yes
10.9,66.5,52.1,Yes
2.4,59.2,70.3,Yes
,30.9,52.4,No
3.7,99.3,78.2,Yes
13.9,91.6,74,Yes
10.6,85,,No
7.7,60.5,42.1,No
4.5,64.9,31.3,nan
-1,68.3,71.1,Yes
5.6,70.2,44.2,Yes
16,90.9,61.4,No
16.2,65.1,57.8,Yes
18.2,57.9,80.5,Yes
11.4,77.9,77.4,nan
,,58.8,Yes
8.5,85.1,69.9,Yes
8.1,102.8,70.2,Yes
11.2,66.9,78,Yes
12.2,93.6,,nan
,77.8,51.9,No
10.1,95.5,,Yes
3,99.6,44.6,No
8,59.9,45.9,No
17.8,114.6,62.1,Yes
2.2,78.6,,No
13.7,52.1,71.9,Yes
,52.2,83.6,No
5.6,104.5,35.2,No
12,101.3,66.1,No
17.8,96.9,62.6,Yes
11.7,64.2,46.3,No
8.7,67.5,27.4,Yes
3.5,43.5,51.3,No
9.5,69.2,39.9,No
3.3,78.4,68.1,nan
8.5,105,54.2,Yes
9.7,69.5,53.1,Yes
-1.8,68.3,75.2,Yes
16.9,80.8,93.9,Yes
3.8,92,60.5,Yes
9.1,,72.9,Yes
,61,78.8,Yes
16.5,71.6,45.2,Yes
6,77.7,41.1,No
,69.7,61.1,No
15.4,62.6,72.1,Yes
3.8,69.9,53.1,Yes
11.8,50.6,38,Yes
12.1,62.9,86.1,Yes
-6.3,50.3,75.3,Yes
1.9,75.2,60.7,No
7.7,67.2,49.5,Yes
-2.9,64.1,43.2,Yes
3.3,75.3,50.9,Yes
10.6,25.5,90.4,No
9.6,68.7,59.6,No
11.5,150,68.5,No
12.2,94.5,108.9,Yes
1.6,87.2,92.7,No
3.6,100.4,67.3,No
13.8,46.3,91.5,No
17.6,95.9,72,Yes
5.2,81,94.3,No
11.3,64.3,65.4,No
14,77.2,75.9,Yes
11.2,137.5,73.7,Yes
8.8,77.9,52.6,nan
6.8,,76.3,No
19.9,92.2,49.3,nan
10.5,70.6,57.1,Yes
,59.2,77.2,No
,103.1,70.8,Yes
5.9,46.2,65.4,Yes
10.3,75.9,69.7,No
8.4,73.7,64.3,No
8.3,58.3,80.7,No
11.6,48.6,99.8,No
5.4,72.5,86.3,Yes
4,82.3,59.8,No
12.5,96,72.6,Yes
7.3,59.6,53.1,No
8.3,59.3,83.2,Yes
0.4,105.5,,No
14.8,65.6,77,No
12.6,68.3,70,No
13.5,99.4,27.1,Yes
11.9,42.1,64.7,No
2.4,51,69.1,nan
11.1,102.8,71.4,No
7,63,51.4,Yes
5.2,64.3,45.4,No
12.5,66,68.1,No
18.3,68.6,66.7,No
17.5,,58.6,No
13.1,77.8,56.9,No
9.8,100.1,83.6,Yes
8.9,58.9,53.6,No
5.5,63.2,56.5,Yes
8.7,75.6,31,No
,106.4,77.1,No
19.1,69.1,67.3,Yes
5.9,57,88.4,No
0,34.6,51.7,No
7.3,59.8,41.7,No
14.5,57.6,52.9,nan
20.4,51.2,,Yes
16.6,,81.6,nan
16.4,69.7,66.7,No
5.8,103.5,66,Yes
5.9,79.3,89,No
3.4,95.2,73.9,No
6.7,71.6,65,Yes
,,54.3,Yes
18.1,87.4,75,nan
11.7,,46.9,Yes
8.7,98.1,46.8,Yes
4.7,60,62.2,Yes
9.4,89.8,87.9,No
,82.5,46.4,Yes
2.7,55.6,81.8,No
14.6,99.2,,No
7.9,113.4,48,nan
14.3,60,69.5,No
9.9,61.9,54.2,Yes
,76.4,54.2,No
6.5,92.4,82.7,Yes
8.3,99.5,63.1,Yes
13.2,67.8,62.4,Yes
9.3,77.8,64.8,No
4.5,68,84.5,No
,66.7,61.2,Yes
11.9,64.4,76.8,Yes
,47.7,76.9,No
15.8,92.3,40.1,Yes
9.7,77,81.7,No
7.3,105.5,83.5,No
,91.5,74.9,No
7.4,67,,No
12.5,52.2,52.5,Yes
15.2,,63.8,nan
16.2,41,38.6,Yes
7.9,68.2,71.4,Yes
7.4,68.5,46.2,Yes
,62.1,70.4,Yes
0.3,58,59,Yes
4,50.6,71,Yes
9.8,,57.8,Yes
11.9,74,63.8,No
12.5,81.1,54.3,Yes
6.1,64.5,68.9,No
7.5,64.4,78.8,No
8.7,54.2,83.1,No
8.1,78.4,59.5,Yes
13.4,76,25.1,No
3.5,82.6,57.5,No
4.3,64.2,75.4,No
8.5,56.8,80.3,Yes
3.2,74.6,93.5,Yes
0.5,,,Yes
2.5,57.3,88.3,No
8.8,62.4,60.3,No
13.2,50.5,71.8,Yes
13.3,51.6,71.4,Yes
17.9,64.1,83.9,Yes
10.5,58.2,40.8,No
11.2,91,44.6,Yes
8.7,75.6,66.7,No
9,100.3,48.9,No
20.4,100.5,66.3,No
,75.3,78.5,Yes
11.7,34.9,86.5,No
4.3,83,51.3,No
12.1,97.9,48.7,nan
13.3,87.6,72.4,No
15.6,82,77.4,Yes
13.2,70,,No
9.4,51.4,52.7,Yes
9.2,87.5,76.8,Yes
9.6,71.1,80.8,Yes
10.5,81.2,65.2,Yes
16.3,63.3,73.5,No
15.4,115,52.9,Yes
13.8,79.8,56.8,No
20.1,67.4,62.1,Yes
-3.3,52.3,56,No
7.7,,40.4,Yes
9.9,87.4,56.5,No
6.6,63.4,70.6,No
5.4,,58.7,Yes
1.4,64.1,77.8,No
8.4,53.2,59.4,No
14.5,69.2,49.7,No
13.9,76.1,66.7,No
6.2,54.9,76.3,Yes
11.1,81.6,51.6,No
16.8,50.5,36.4,nan
2.4,66.2,69.9,Yes
9.2,82.3,76.4,No
11.4,74.7,38.9,Yes
10.1,42.2,80.1,No
14.3,19.3,56.9,Yes
2.5,86.3,61.1,Yes
5,88.8,,No
13.4,83.7,59.5,Yes
1.5,70.5,61.1,No
14.1,70,67.8,No
12.2,,59.9,No
13.7,86.7,87.8,Yes
7.7,72.3,66.6,Yes
12.5,82.5,72.1,No
,101.3,95.2,No
7.9,55.7,77.2,No
10.2,71.3,106.7,Yes
5.5,57.8,61.4,No
11.1,67.1,77.1,Yes
4.3,73,72.3,Yes
11.3,57.4,68.4,No
18.7,42.5,72.7,No
3.7,48.9,66.3,Yes
,83.9,77.5,Yes
1.9,61.6,54.2,nan
5.8,70.6,47.3,Yes
,76,70.5,Yes
7.8,93.1,78.8,No
13.7,69.3,73.6,Yes
11.8,79.9,40.4,Yes
9.7,52.4,79.1,No
4.9,71.8,65.2,Yes
13.4,55.4,83.2,No
11.5,72.2,43.9,No
2.4,77.6,82.5,No
5.2,70.3,,Yes
-3.8,66.5,97.5,Yes
3.2,80.4,70.3,No
8.4,66.9,75.2,No
4.7,,56.9,No
5.8,53.9,60.3,No
17,85.1,62.5,No
15.1,74.2,66.8,No
6.5,65.4,61.4,Yes
14,54.2,74.6,No
16.1,121.7,81.7,Yes
13.1,14.7,73.9,No
11.5,59.8,68.6,Yes
15.5,65.4,60.1,Yes
13.8,93.4,20.8,No
3.9,68.7,75.8,Yes
9.1,78.6,54.2,Yes
7.2,66.2,57.2,No
15.8,111.9,56.8,nan
7.1,82.9,69.3,No
6.2,62,81.1,Yes
15.1,89.1,54.6,No
11.3,70.1,41.6,Yes
20.6,111.5,70.1,Yes
5.7,102,47.2,Yes
7.4,80.9,58,No
15.6,70.3,51.7,Yes
3.6,62.3,66,Yes
16.6,92.6,,Yes
4,104,74,Yes
13.1,69.2,61.8,Yes
0.8,84,86,No
10.2,85.1,52.9,Yes
3.2,,,No
19.6,59.4,,No
4.6,83.9,104.1,Yes
,119.9,46.7,No
12.7,76.9,83.2,Yes
7,84.1,61.1,Yes
13.5,82.6,76.8,No
6.4,,31.6,No
6.1,51.9,58.9,No
9.9,116,74.9,Yes
3.9,77,73.2,Yes
12,85.9,87.4,Yes
14.4,76.8,,No
12.8,93.9,73.9,No
13.2,65,68.9,Yes
0.4,48.9,62.9,No
7.7,72.6,65.8,No
8.9,84.6,56.5,No
17.3,68.1,50.9,No
7.1,61.6,73.4,No
-1.5,82,78.7,Yes
5,56.4,66.1,Yes
6.7,94.6,68.1,Yes
-0.8,68.8,67.5,Yes
14.8,84.9,92.2,No
2.2,51.8,45.5,Yes
12.2,102.1,69.5,Yes
4.5,84.4,61.2,No
17.5,87.3,57.5,Yes
8.6,,81.6,No
7.6,60,71.6,Yes
12.6,79,62.7,Yes
5,53.3,77.8,No
12.9,62.5,53.9,No
7.6,,87.4,Yes
7,62.9,69.5,No
9.6,82.5,76.4,Yes
4.6,58.5,54.6,No
9,87,56.8,Yes
11.7,52.6,69.6,No
-1.5,86.9,43.5,No
15.5,118.3,87.8,Yes
14.1,64.3,59.5,Yes
0.7,61.8,77.3,Yes
-0.1,97.8,75.7,No
14.2,76.3,89.1,Yes
13.8,51.6,50.1,Yes
13.1,81.8,69.8,Yes
2.9,79.3,75.5,No
19.1,62.3,46.3,No
,61.6,59.2,nan
11.2,92.4,68,Yes
11.3,55.2,58.4,Yes
18,47.6,32.2,No
10.6,59.5,39.2,No
12.1,,97.5,No
9.6,69.8,83.1,Yes
4,63.7,74.7,No
-1.6,73.6,63.2,No
,84.7,55.1,No
2.9,105.7,71.1,Yes
11.8,82,50.9,Yes
10.7,114.2,80.2,Yes
,89.6,73.3,Yes
4.7,69,66.4,Yes
15.2,92.8,61,Yes
12.4,87.7,60.8,Yes
4.1,98.2,69.9,nan
20.3,89.7,47.1,Yes
8.9,77.3,100.6,Yes
3.3,,58.8,Yes
6.2,77.7,47,No
2.5,45.4,77.2,Yes
16.8,71.7,58.1,No
15.4,51.4,57.8,Yes
13.7,84.2,,Yes
12.8,91.7,57.3,nan
16.2,81.3,,Yes
8.8,71.7,62.8,No
12.1,69.3,86,Yes
5.9,99,62.1,Yes
9.2,94.7,62.3,No
12.3,53.8,81.2,Yes
-5.4,80.1,35.4,No
6.9,81.5,74.4,Yes
10.8,70.9,75.1,No
9.6,47.7,66.7,No
7.7,33.9,59.8,No
12.9,78.4,65.6,No
6.5,41.1,60.6,No
3.9,64.5,68.9,No
15.9,88.7,61.5,Yes
15.2,83.3,81.2,Yes
7,63.1,59.5,Yes
9.7,92.9,,No
14.2,85.5,76.6,No
10.2,65.2,75.3,Yes
12.7,105.4,67.2,Yes
12.4,84.7,60.3,No
8.4,59.4,62.1,Yes
12.6,33.9,107.3,No
5.2,79.5,79.7,No
12,64.9,71.9,No
9.6,75.4,64,nan
8.2,70.3,87.6,nan
3.8,31,34,Yes
10.7,69.2,76.9,No
10.2,52.9,67.3,No
5.8,64.8,68.8,No
2,63.4,84.1,No
1.8,76.3,88.9,Yes
8.7,81,65.1,No
11.5,84.2,64.6,Yes
19.2,27,51,No
9.8,103.4,63.4,No
1.9,42.4,88.2,No
9,74.7,60.2,No
16.3,58.4,36.8,Yes
6.6,80.9,49.7,Yes
15.6,38.4,58.3,Yes
10.9,106,53.8,No
13.2,,74.5,No
19.3,85,71.9,No
0.8,59,80.6,No
14.5,108.2,60.4,Yes
9.5,47.6,69,Yes
5.3,,50.4,Yes
9.5,102.3,60.6,Yes
18.5,51.5,,No
16.7,73.6,66.5,Yes
,106.2,78.8,Yes
6.2,66.9,71.1,Yes
14.7,80.2,63.7,Yes
9.9,91.3,96.3,Yes
9.9,75.6,50.3,Yes
2.2,101,78.5,Yes
6.3,89.1,65.1,Yes
3.2,57.1,72.3,Yes
1.7,89.6,48.6,nan
3.7,74.3,48.3,No
5.4,,60.7,No
6.2,81.6,64.4,Yes
5.8,93.4,48.6,No
15.1,55.7,57.1,No
5.5,101.1,69.8,No
17.1,99.9,55.5,Yes
7.6,62.4,89.3,nan
12.2,110.2,56.2,No
12.4,71.5,63.9,nan
5.5,,61.2,Yes
8.4,65.8,46.1,No
7.5,91.4,64.3,No
11.9,66.1,52.4,Yes
9.4,78.2,82.4,Yes
6.3,22.6,66.7,Yes
10.6,65.6,,No
11.7,63.7,59.9,Yes
19.3,37.2,81.5,Yes
10.3,90.4,66,Yes
10.1,67.3,48.8,No
12.1,38.6,77.2,No
5.3,87,,No
1.4,96.8,51.5,No
8.4,72.3,60,No
15.4,150,96.8,No
16.2,37.3,69.6,Yes
0.6,50.5,121.5,No
13.3,58.4,,Yes
-0.9,109.2,102.6,Yes
12.3,70.9,54.1,Yes
,49.5,101.8,No
1.4,62.7,46.6,No
15,96.4,62.3,Yes
18.7,86.1,54.2,No
9.7,75.9,65.9,No
10.7,71.6,74.3,No
17.4,75.1,63.6,Yes
4.4,78.1,69.5,Yes
4.5,71.1,60.7,Yes
5.8,77,,No
,69,71.9,Yes
10.2,57.9,60.9,No
7.2,69.7,61.6,No
8.5,81.6,46.7,Yes
7.3,60.4,67.2,Yes
7.5,83.4,72.2,Yes
6.2,91.6,79.6,No
6.2,81.8,47.2,No
0,63.8,52.7,No
8.9,76.9,73.7,No
0.2,78.1,73.7,Yes
13.8,79,77.7,No
7.2,104.8,101.9,Yes
9.4,51.8,47.1,No
8.1,79.1,54.4,Yes
8.8,67,68.1,Yes
16.3,50.1,66.3,Yes
3.2,,70.6,No
1.9,92.5,89.4,Yes
10.6,46.9,99.2,Yes
7.5,81,53.7,No
11.8,77.6,75.9,No
13.6,57.8,87.4,No
4.5,91.7,56,No
13,51.4,68.8,No
4.9,64,60.2,Yes
10.4,53.2,,Yes
3.8,90.3,54,Yes
,98.7,62.6,No
,80,86.6,Yes
4.5,125.8,70.4,No
3.2,83.9,70,nan
13.8,87.6,63.6,nan
7.7,95.1,,No
15.1,61.6,70,No
7.3,83.2,38.8,Yes
16.5,55.7,74.7,No
5.3,48.6,64.7,Yes
17.4,96.8,83.2,No
10.9,58,51.4,Yes
12,78.7,90.2,Yes
5,107.6,52.4,No
13.6,38.8,82.5,No
13.8,88,58,No
8.4,74.6,74.5,No
,73.6,85,Yes
4.4,76.2,73.1,No
4.4,75.4,61.2,No
12.2,85.5,57.5,No
7.7,54,60.6,Yes
7.8,85,47.5,Yes
7.2,52.4,68.2,No
17.3,117.1,84.1,Yes
10.2,72.9,81.7,No
11,78.6,84.2,Yes
6.9,110.4,76.6,Yes
9.9,59.5,37.8,Yes
5.1,74.8,59.7,No
11.7,46.8,,nan
4.3,55.6,58.4,nan
13.7,46.5,60.2,Yes
6.3,91,68.5,Yes
14.7,86.4,65.7,Yes
19.5,66.3,75.3,No
10,64.9,53.5,nan
16.6,94.4,27,nan
13.8,74.9,49.1,Yes
2.8,,84.6,No
10.6,96.5,66.6,No
,72.2,60.5,No
13,88.5,84.9,No
-1,76.4,43.5,Yes
10.8,116.6,80.8,nan
10,70.9,72.1,No
10.7,34.8,78,Yes
,150,72.2,Yes
8.8,80.3,78.3,No
,84.2,72.9,No
7.5,91.2,70.8,No
7,63.4,71.9,Yes
6.7,106.3,,No
4.7,94.3,53.4,Yes
11.3,77.6,104.7,Yes
8.4,61.1,54.3,Yes
7.9,113.6,49,Yes
3,89.6,59,nan
8.5,65.2,55.1,Yes
15.7,103,49.8,Yes
15.8,79.4,75.5,Yes
11.9,105.2,61.5,Yes
8.5,58.1,46.4,Yes
12.8,71,54.9,No
6.7,102.6,47.5,Yes
8.5,61.6,58.9,No
,69.9,76.7,Yes
14.5,20.2,64.6,No
13.9,83.2,72.1,No
9.8,98.1,69.5,Yes
18.7,56.6,64.1,Yes
12.1,84,68.7,No
11.8,64.2,72.6,Yes
11.2,44.8,49.1,Yes
3.7,68.5,82.5,nan
5.5,,85.5,No
9.7,77.5,54.5,Yes
9.8,68.9,74.5,No
12.9,101.7,65,No
6.7,,60.1,Yes
10.4,72.4,94.3,No
10.4,79.8,58.4,No
10.6,74,,Yes
10.1,64.3,65.6,Yes
3,76,60.4,nan
-1.3,85.5,45,Yes
5.3,93,56.3,No
7.3,32.6,78.4,nan
4.1,85.1,68,Yes
9.7,61.5,68.1,Yes
15.5,98.2,80.7,No
13.6,93.6,70.7,nan
12.3,93.5,48.8,No
14.9,,73.1,No
5.4,47.1,65.4,Yes
7.7,100.4,63,nan
13.1,98.4,72.2,No
7.6,34.9,45.9,No
7.9,102.5,58.8,Yes
19.3,82.1,60.3,No
10.5,77.6,88,nan
18.8,58.6,57.7,No
0.9,,74.2,Yes
6.8,65.8,57.8,No
,65.7,60.6,No
,32.3,72.1,No
-0.3,60.1,53.3,Yes
8.9,55.2,,Yes
22.4,33.5,55.1,No
11.2,106.2,70.6,No
13,72.5,66.2,Yes
6.8,46.5,86.8,No
11.2,55.7,83.5,Yes
9.9,63.4,70.8,Yes
15.6,63.1,67.3,Yes
15.4,91,70.5,Yes
12,69.6,57.9,nan
10.4,77,70.2,No
1.6,,40.2,nan
1.4,98.3,66.7,No
10.4,102.6,74.2,Yes
14.4,72.3,74.1,No
16.7,56.1,87.2,Yes
5.6,72.8,52.6,Yes
2.5,12.8,92.5,Yes
14.7,81.3,109.3,Yes
5.9,47.8,78.5,Yes
2.1,70.6,91.4,Yes
7.5,84.4,71,Yes
7.4,63.6,48.5,No
16.6,66.2,42.2,No
14.3,80.2,32.4,No
6.3,63.8,74.6,Yes
17,93.5,76.4,Yes
,90.5,76.8,No
15.3,86.3,72.6,No
16.6,62.4,65,Yes
,86.5,43.6,Yes
12.9,60.1,39.4,Yes
8,73.3,59.5,Yes
14.7,22.3,42.1,Yes
10.5,98.1,26.8,No
14.8,109.5,65.3,Yes
17.6,79.5,,Yes
12.7,43.4,,Yes
9.5,70.6,67.6,No
,76.4,42,Yes
,75.3,,Yes
6.4,125.8,76.5,Yes
14.7,70.1,59.2,nan
14.8,63.5,31.4,Yes
6.3,78.3,54,Yes
10.8,72.1,,Yes
9.1,60,51.7,Yes
13.4,39.8,99,No
21,89.6,74.8,Yes
13.5,57.7,71.8,Yes
6.6,54.9,72.6,Yes
9.6,58.8,49,No
17,45.8,66.1,Yes
3,88.1,34.8,Yes
6.9,85.4,32.8,No
13.5,78.8,60.9,No
16.5,89.2,62.5,No
,83.6,79.2,No
7,86.8,47.7,No
12.7,111.5,65,Yes
12.1,94.6,57,No
11.8,78.5,40.3,Yes
9.5,56.3,59.1,No
10.3,43.1,50.3,No
5.5,39.8,54.5,Yes
22.4,93.9,58.7,Yes
10.8,63.8,97.2,Yes
12.7,76.6,76,No
8.9,55.9,79.8,No
14.2,119.1,,nan
3.5,39.1,65.8,Yes
1.3,77.8,79.3,nan
9.8,67.8,60.9,Yes
,75.4,42.1,No
16,68.6,63.1,No
6,57.2,63.6,Yes
12.6,52.6,99.1,Yes
6.8,116,79.1,Yes
12.1,69,58.5,No
12.5,81.8,62.1,Yes
14.6,43.1,57.9,No
2.2,32.7,,Yes
3.7,61.5,73.5,No
9.6,92.5,30.9,No
4.8,75.6,64,Yes
4.5,64.2,51.9,No
11.4,83.6,38.7,Yes
,64,36.7,Yes
21.3,102.5,70.8,Yes
7.3,103.4,90.4,Yes
8.6,63.5,45,Yes
11.5,59.5,77.5,No
2.5,73.5,,Yes
12.5,83.5,59.2,Yes
11.7,69.5,69.9,No
8.3,95.9,60.2,No
11.4,80.3,70.2,No
12.1,96.8,81.2,No
17.2,52.6,67.2,No
22.5,63.1,,Yes
,85.7,79,Yes
3.5,76.1,59.5,Yes
10.5,71.2,81.2,No
-0.4,64.6,89.8,No
13.2,76.7,80.3,No
10.6,103.6,71.4,Yes
11.8,34.8,79.5,nan
8.5,72,57.3,Yes
11.3,72.8,77.8,Yes
12.4,53.3,61.5,Yes
11,71.9,60.3,No
3.3,42.2,58.4,No
10.9,63.3,84.4,No
,69.6,83.5,Yes
11.2,74.9,84.1,nan
10.7,112.5,71.5,No
17.8,58.7,,Yes
6.3,48.5,22.7,Yes
14.4,94.8,69.8,Yes
7.3,-14.3,61.3,No
15.4,62.6,40.7,Yes
14,68.5,68,No
7.9,56.2,58.9,Yes
8.7,73.1,86.6,No
14.9,62,,Yes
0.7,40.2,57.7,Yes
7.8,87.4,44.6,No
13.1,88.1,65.7,No
8.5,55.3,77.5,Yes
10.7,64.2,62.1,No
-0.2,112.1,76.7,Yes
5.7,84,64.8,No
13.4,75,76.7,No
6.2,,65.7,No
-1,42.6,43.9,No
15.3,34.3,83.5,Yes
12.6,78.3,80.2,No
4.6,91.8,,Yes
10.7,40.8,,Yes
,49,63.5,No
,90.9,64.1,No
10.9,52,62.7,No
6,69.9,,Yes
13.7,79.2,73.3,No
14.5,94.1,60.4,Yes
11.3,68.9,86.8,Yes
12.1,,,No
2.7,50.2,73.7,Yes
16.8,86.8,71.7,Yes
9.5,56.8,73.8,Yes
5.3,47.4,51.2,No
10.7,116.3,84.2,No
13.7,111.6,72.3,Yes
12.6,78,72.7,Yes
4.6,105.9,72.1,Yes
13.8,68.5,29.5,No
9.7,72.3,66.6,Yes
12.5,71.5,66.3,No
6,56.7,69,No
15.2,28.1,80.2,Yes
10.9,68.8,78.7,No
15.9,101,79.8,No
2.3,80.5,50.5,No
3,91.3,66.9,Yes
8.8,82.9,41.5,Yes
17.3,58.1,,No
19.8,80,48.2,Yes
,68.4,61,Yes
10.3,53.7,77.1,No
10.8,93.4,97,No
13.6,48.9,50.6,Yes
14.4,61.8,68.8,No
4.4,119.3,64.3,No
10.3,89,58.1,No
0,79.9,69.3,No
-1,31.5,69.6,nan
8.3,72.6,66.4,No
4,51.7,44.4,No
11.7,73.4,65.6,Yes
8.2,71.2,74.5,Yes
16.3,57.9,,Yes
5.5,98.4,54,Yes
21.1,94.1,51.3,nan
14.3,52.5,62.4,No
16.4,106.5,76.6,No
4.9,52,61.8,Yes
18.9,108.3,86.8,Yes
3.9,70.8,69.8,No
9,67,66.1,No
16.5,104.8,65.6,No
12.5,71.7,38.1,Yes
3.8,97,63.4,Yes
15.7,49,71.2,No
11.7,75.6,92.9,No
7.9,84.5,50.9,No
2.3,98.9,84.2,Yes
,89.2,74.2,Yes
9.2,75.9,56.1,Yes
,84.5,56,Yes
2.1,60.4,84.9,No
7.9,87.1,73,Yes
12.4,84.6,79.8,Yes
19.4,59.4,59.5,No
9,77.5,50.3,No
17.2,90.4,22.7,Yes
13.9,123.9,,Yes
11.2,98.7,,No
4.9,79.5,77.2,No
5.1,80.7,49.6,No
13.1,72.1,40.3,Yes
7.4,77.2,56.3,Yes
6.9,90.5,57.1,nan
9.1,90,65.1,nan
9.2,73.3,103.3,Yes
14.5,53,,Yes
7.5,70.7,67.6,No
14,58.3,70.9,Yes
12.2,50.7,97.9,No
1.6,87.2,38.7,No
11.5,81.9,83.6,Yes
-3.3,56.6,77.8,Yes
5.5,68.5,42.7,Yes
12.3,81.1,54.5,Yes
9.9,80.2,51.2,No
1.2,83.8,43.5,Yes
4.4,59.8,57.1,nan
-3,82.2,45,Yes
3.3,74,73.1,No
12.9,90.4,86.7,Yes
7.2,96.5,53.3,Yes
10.8,135.6,47.4,Yes
10.1,101.2,82.4,Yes
10.2,77.5,47.2,No
15.1,,41.2,Yes
9,56.3,55,No
14.6,56.8,76.1,nan
-2.4,80.4,68.5,nan
15.6,81.1,81.4,Yes
3.5,128.5,49.5,No
4.6,60.4,78.9,No
6.5,,61.9,Yes
15.4,80,37.1,Yes
5.6,64.9,85.6,No
6.7,82.8,66.3,nan
5.2,65.5,86.5,Yes
11.3,69.3,83.4,Yes
13.7,83.6,80.8,Yes
18.5,63.7,103.2,No
22,67.8,48.2,nan
13.3,85.6,96.6,No
11.8,75.9,61.5,No
3.9,62.2,78.8,Yes
19.5,65.4,66.9,Yes
11.1,95.8,79,No
8.6,81.2,63.5,Yes
11.9,67.8,89,Yes
6.8,92.3,77.1,nan
-1.7,83.7,47.9,No
12.9,102.1,71.7,nan
16.7,92.7,75.1,No
12.8,98.3,75.8,Yes
,68.2,50.8,Yes
10.1,57.2,61.1,Yes
10.9,,69.6,No
10.7,90.6,62,No
9.7,72.9,95.6,Yes
10.1,54.1,63.1,Yes
17.8,81.1,51.2,nan
12.4,82.8,63.3,No
10.5,47.8,42.1,No
13.3,82.5,66.4,No
13.3,98,51.1,Yes
14.7,48.7,52.5,nan
6.2,85.6,75.1,Yes
7.6,101.2,37.8,Yes
5.9,,60.2,No
13.8,37.5,83.8,Yes
13.6,96.8,48.8,No
3.6,68.7,64.3,No
12,66.4,93.9,Yes
16.9,125.2,83.3,No
8.8,79.4,58.8,No
11.6,67.3,52.7,Yes
13.7,91,74.4,Yes
,108.7,59.8,No
10.8,,90.7,Yes
16.4,64.3,73.9,No
-1,76.8,38.8,No
14.2,,43.6,No
10.1,68.8,48.6,No
,96.8,52.6,No
9.5,72.2,63.9,Yes
7.4,37.9,,Yes
,105.4,46.3,Yes
,81.7,,No
10.3,96.1,48.5,Yes
9.2,81,58,Yes
8.7,75.7,,No
11.1,89.7,48.7,Yes
12.7,71.9,,Yes
4.3,111.3,,No
,74.4,51.7,No
0.1,111.4,59.3,Yes
9.2,87.1,61.1,No
10.8,27.4,88.6,Yes
12.8,55.2,70.9,No
10.8,92,47.6,Yes
12.7,56.6,89.5,Yes
10.3,47.9,85.2,Yes
6.6,100.7,48.6,Yes
4.4,43.2,48,No
8.7,90.6,55.4,Yes
6.2,67.7,45.8,No
9.4,89,76.1,No
7.5,80.3,,No
12.1,33.5,68.9,No
10.2,68.7,60.2,Yes
12.2,70.1,69.1,Yes
12.2,83.2,59.9,No
9.1,81.4,58.7,Yes
9.4,70.1,62.5,Yes
12.5,52.3,67.6,No
22.2,84.6,71.7,No
5.1,92.4,49.2,Yes
10.2,81.6,62.4,No
4,70.6,65.5,Yes
9.9,67.6,64.1,No
6.6,56.6,36.7,Yes
9.4,80,62.8,Yes
,78.8,58.7,No
7.6,91.7,52.2,Yes
1.1,62.5,73.9,Yes
17.1,77.4,77.5,No
14.2,48.7,,No
9.3,,,Yes
5.5,63.8,50.2,No
10.4,96.2,85.4,No
11.8,109.1,84.5,Yes
13.9,51.5,74.3,Yes
14.3,93.2,51.1,No
,88.6,75.3,Yes
1.3,64,84.9,nan
8.5,60,98.3,Yes
15,59.7,49.1,No
,67.5,97,No
16.1,67.8,36.6,No
19.1,71.9,86.8,Yes
,64.8,58,Yes
,91.1,75,No
7.8,85.2,48.2,No
11.4,71.5,81.3,Yes
3.3,64.2,51.8,No
6.1,63.7,51.4,No
6.4,83.8,84,Yes
10.3,76.1,44.7,Yes
8,,53.4,Yes
11.3,92.2,86.4,No
14.4,73.9,70.7,No
6.5,102.4,75.1,Yes
10.7,35,57.5,nan
7.9,48.7,44.8,No
11,111.2,62.8,Yes
13.4,67,56.9,No
14.6,80.9,57,No
13.4,100.1,62,Yes
12.1,81.9,70.2,No
2.9,93.3,54.2,No
4.6,87.3,71.8,Yes
5.9,94.7,83.1,Yes
11.8,84.9,72.4,Yes
3.5,89.6,85.2,No
11.7,63.4,80,Yes
11.3,85.5,79.3,Yes
0.3,74.2,56.2,No
4.6,73.3,79.5,No
15.2,41.4,65,Yes
13.5,66.6,87.1,Yes
5.7,72.3,89.8,No
4.8,106.1,78.4,Yes
-2.3,69.4,68.5,No
17.4,80.7,70.4,Yes
10.2,102.5,68.5,Yes
19.4,50.2,53.1,Yes
9,67.3,50.7,Yes
11.4,92.6,74.7,No
14.5,124.4,54.8,Yes
18.2,35.3,68.9,Yes
12.5,72.7,59.5,Yes
10,87.6,50.6,No
10.1,91.8,54.7,Yes
4.8,119.9,98.6,Yes
8.1,62.1,54.8,Yes
10.3,70.3,55.1,Yes
16.9,42.4,51.5,nan
7.8,77.6,68.2,No
15.3,85.2,61.1,No
,116.8,39.4,Yes
16.2,109.1,87.8,Yes
13.4,105.3,30.6,No
13,,50.7,No
14.9,83.5,60.2,No
14.2,82.8,76.4,Yes
15.3,84.3,55.3,Yes
20.7,74.1,54.7,Yes
18.1,97.6,67.3,Yes
12.3,67.9,57.9,Yes
7.8,81.6,44.8,No
11.8,104.1,82.8,Yes
0.4,118.1,74.1,No
14.1,58.4,78.2,Yes
4.7,,67.8,Yes
15.6,84.1,63.4,No
19.9,99.4,,No
2.7,107.7,53.8,No
9.7,68.3,72.6,No
4.7,73.5,67.7,No
1.4,76.5,200,No
9.5,84.6,42.5,No
13.2,91.5,50.6,Yes
,67.5,92.7,No
10.8,112.1,74.2,Yes
1.7,38.4,47.5,Yes
10.6,51.1,39.4,No
2.5,87.2,47.9,Yes
2.9,71.7,51.6,No
5,63.7,74.9,No
15.2,94.2,36.9,No
12.7,91.3,89.6,Yes
11.6,100,71.4,Yes
5.7,54.3,83.1,No
8.1,91.3,66.2,No
3.1,91,62.4,Yes
16.8,54.9,56.7,No
21,75.8,57.8,No
,94.4,69.1,Yes
13.7,101.8,69.1,No
9.2,72.1,46.8,Yes
1.9,53,27.7,No
5.8,105.6,60.9,Yes
7.7,,86.4,No
8.1,37.2,59.6,Yes
6.9,70.2,20.4,No
10.2,97.7,72.2,Yes
5.7,50.6,,nan
20.8,77.3,51.6,Yes
3.2,68.5,33.5,No
14.4,74.3,70.8,No
8.7,66.3,76.6,No
12.3,85.1,61,No
12.5,70.5,49.2,Yes
10.8,88.1,30.5,nan
4.3,67.6,,nan
8.3,97.4,64.1,Yes
10.8,75.3,74.5,No
10.5,50.9,62.3,No
4.9,57.9,63.2,No
16.5,51.8,62.1,No
-2.5,53,71.6,Yes
8.7,48.7,76.6,Yes
5.4,53.3,73.1,No
10.9,74.9,80.1,Yes
15.1,89.8,70,No
3,47.9,64.1,nan
21.8,58.9,65.3,No
11,91.1,62.1,No
11.9,71.8,77.5,Yes
2.8,40.8,37,No
9.8,75.8,71.3,Yes
14.9,82.2,62.4,No
11,81.3,64.8,Yes
10.7,119.9,69.8,Yes
9.7,59.9,69.4,Yes
3.1,97,76.1,No
3.1,74.5,,Yes
,84.4,61.6,No
14.4,62,59.6,No
15.2,61.5,59,No
5.9,50,51.2,No
9.2,45.6,88.7,No
,88.4,58.6,Yes
3.9,64.3,34,No
15.6,125.9,61.8,Yes
7.1,65.5,47.1,Yes
5.7,,63.8,No
9.8,76.1,56.8,No
,38.5,58.7,No
0.5,48.1,,No
10.4,44.8,69.6,No
12.7,104.4,82.2,Yes
16.1,101,91.2,No
13,113.6,68.1,No
19.8,30.6,62.9,No
16.8,47.6,70.6,Yes
13.7,87.1,51.9,No
12.3,59.6,52.6,Yes
16.2,88.9,56.1,Yes
-1.1,66.1,61.6,Yes
7.6,64,55.4,No
0.7,38.7,80.8,No
13.3,,73.8,No
6.3,82.4,57.1,No
25.1,55.2,29.7,Yes
7.4,76.4,62.9,No
10.5,54.1,77.9,No
8,59.5,71,No
7.6,60.9,62.7,Yes
3.8,84.3,58.9,Yes
3.6,92.2,62,Yes
-0.9,111.8,45.4,Yes
12.7,90.6,61.2,No
7.9,82.3,35.7,Yes
19.7,110.5,40.4,No
3.8,80.5,69.1,Yes
17.4,87.3,63.6,No
17.9,94.1,45.9,No
16.4,78.5,78,Yes
11.2,73.6,61.9,Yes
8.3,71.7,71.6,No
,63.5,79,No
6,65.1,52.3,No
11.4,96.2,43.6,Yes
9.8,53.1,56.6,No
5.5,77.8,53.2,Yes
11.4,74.5,65.5,No
13.7,46.5,69.9,No
5.3,91.8,56.3,Yes
12.3,48.3,77.2,Yes
-1.1,60.1,90.6,No
4.8,73.3,41.8,Yes
7.7,104.8,,Yes
11.8,85.4,60.7,Yes
14.3,,53,No
10.4,102,70.9,No
12.8,69.7,49.6,nan
9.2,115,54.7,No
12,85.1,86,No
11.8,77.7,84.5,No
7.5,39.1,82.9,Yes
8.2,94.5,52.6,No
13,,75.3,Yes
19.1,70.5,,No
16,64.9,49,No
4.4,115.3,34.8,No
4.4,59.1,74.3,Yes
7.3,82,36.2,No
10.5,75.7,54.4,Yes
10.2,88.8,39.5,No
16.2,36.6,65.4,Yes
16.5,88.5,94.2,No
10,107,76.1,No
8.9,37,87.5,Yes
12.6,,72.9,Yes
15.3,86.3,40.8,No
,72.3,63.6,No
7.8,88.6,69.4,Yes
6.9,89.9,72.8,Yes
4.4,79.5,79.8,No
11,110.3,53.1,Yes
13.1,90,67.6,No
13.7,48.5,61.1,Yes
15.8,89,77.5,No
17.4,74.3,64.4,Yes
3.1,86,65.8,No
,98.4,66.4,No
12.2,107.3,70.4,nan
9.6,,65.2,No
5.9,91.8,83.9,nan
17.2,53.4,40,Yes
7.1,65.7,78.4,nan
,63.7,71.4,nan
10.1,,68.8,nan
8.8,109.5,61.3,No
19.3,138.8,92,Yes
12.4,92.2,65,Yes
8.5,97.5,83.9,No
9,40.4,93.8,Yes
9,39.2,54.4,Yes
21.1,57.6,62.9,No
13.4,49.9,41.6,No
3,85.2,48.9,Yes
8.8,109.7,74.1,No
9.9,75.2,63.3,No
4.5,61.9,56.5,No
1.1,81.1,101.6,No
13,60.6,61.1,Yes
6,64.1,45.5,nan
16.2,71.1,51.3,Yes
10,82.8,67.6,No
7.6,41.7,70.1,No
-2.1,34.4,54.2,No
16.1,57.8,53.1,Yes
11.5,85.4,54.2,No
7.8,49.7,88.2,Yes
5.5,111.7,85.8,No
18,92,64.7,Yes
4.7,88.4,70,No
8.2,92.1,67.1,No
12.8,83.5,57,No
17.3,85.1,,Yes
8.9,99.8,40,Yes
6.3,95,70.7,Yes
9.5,81,81.6,No
14.5,113.5,52.3,No
15.6,76.5,58.5,Yes
3.1,65.9,29.4,No
10.6,45.3,51.7,No
2.8,60.6,91.2,No
14.4,99,36.1,Yes
12.1,74.3,52.7,No
5.4,84.6,86.7,Yes
,76.6,61.5,Yes
11.7,50.9,54.8,No
11.1,69.2,67.2,No
9.1,58.3,55.7,No
10,,55,Yes
8.1,57.2,68.1,No
6.3,,58,nan
16.1,91.2,69.1,No
7.5,75.7,93.3,No
7.4,35.2,76.9,No
9.4,47.9,69.4,No
17.1,87.9,60.9,No
15.7,59.9,41.9,Yes
8,59.9,83.3,Yes
,76.4,59.9,nan
10.5,59.3,50.5,Yes
5.8,32.6,42.9,No
7.6,56.5,66.4,No
16.9,66.9,,Yes
20.4,,55.2,Yes
11.6,89,77.2,No
7.2,76.8,69.2,nan
9.4,75.4,49.7,Yes
6.2,,40.6,Yes
,43.8,62.4,No
6.4,106.3,57.2,nan
9.6,108,,No
10.6,72.7,77.5,No
9.3,67.1,82.6,No
8.9,101.9,49.5,Yes
13.8,69.7,58,No
8.9,,55.3,Yes
9.2,80.6,47.2,Yes
9.1,84.8,,No
17.7,53,63.6,No
7.5,83.8,77.8,Yes
13,57.4,62.9,Yes
6.3,63,75.5,No
11.7,,56.3,Yes
12.7,64.9,47.5,No
15.4,62.2,72.9,Yes
,79.1,46.8,No
4.4,101.9,53.3,Yes
6.1,123.1,68.5,No
14.8,97.8,58.4,No
20.4,97.6,77.3,Yes
14.2,,55.1,No
3.7,126.2,42.9,No
14,79,61.5,Yes
5.3,74.3,26.2,No
8.3,82.7,60.2,Yes
10.9,80.3,46.2,No
11.8,48.7,,Yes
10.3,61.1,67.7,No
7,82.6,73.3,No
15.3,59.2,77.6,Yes
7.4,88,75.4,No
16.3,75.7,74.6,Yes
3.2,93.7,76.6,Yes
11.1,72.5,79,Yes
3.9,84.6,46.2,No
5.8,38.8,76.2,No
7.4,42.8,67.9,No
17.6,58.9,70.9,Yes
16.5,81.2,89.2,Yes
14.4,,71.5,No
10.2,89.6,61.8,No
10.9,82.7,38.8,Yes
16.3,65.8,60.8,No
13.5,79.5,72.7,No
10.1,66.1,51.2,No
17.4,81.3,82.4,Yes
14.1,64.8,90.4,Yes
11.2,82.9,67.6,No
7.7,102.2,62.1,No
7.3,50.3,60.3,Yes
8.3,61.1,91.6,Yes
12.3,61.9,83,Yes
14.2,81.2,42.4,No
2.8,91.8,64.5,Yes
0.3,40.2,92,No
5.2,71.3,77.9,Yes
8,75.6,50.6,Yes
16,92.6,61.3,No
8.6,57.1,60.6,No
11.3,89.6,48.8,Yes
12.1,,98,Yes
4.9,110.5,83.4,No
17.3,118.9,71.5,Yes
6.7,90.9,70.6,Yes
,69.8,85.2,Yes
9.4,84.8,59.1,No
8.3,,77.5,Yes
4.4,85.5,97.6,No
11,83.4,70.8,No
21.3,85.7,77.1,No
12.1,96,63.4,No
11.4,119,57.7,Yes
6.7,38.8,49.8,No
13,,67.7,Yes
,77.8,43.3,No
9.7,,54.3,No
12.5,48,57.5,Yes
0.9,,73.9,Yes
9.5,75.7,,No
4,,64.9,Yes
10.1,74.4,44.8,No
6.4,95.7,66.5,Yes
6.7,106,79.3,Yes
3.3,77.5,60.1,No
15.6,77.5,45.1,Yes
6.6,87.5,68.5,Yes
6.9,98.3,93.2,No
17.7,78.7,60.5,Yes
12.8,82,68,Yes
-0.2,67,,No
16.9,71.8,58.2,Yes
18.2,62.3,56.6,Yes
17.8,54.3,73.2,Yes
13.3,50.9,54,No
4.5,57.8,59,No
9.8,56.4,68.6,Yes
2.8,81,34.6,nan
5.7,84,76,Yes
4.4,66.6,45.6,Yes
6.9,58.2,47,No
10.8,118,47.7,No
7.8,66.2,86.3,Yes
7.6,63.1,84.7,Yes
8.5,43.5,53.2,Yes
17.5,85.3,89.5,Yes
20.8,111.4,89.1,No
7.7,71.3,66.9,Yes
,68.1,96.5,Yes
5.8,80.5,84.5,No
13.8,81.2,,Yes
7.6,25.1,,Yes
6.4,88,55.2,Yes
20,112.5,60.2,Yes
3.2,76.1,63,Yes
-2.3,72.8,51.7,Yes
13.7,90.9,68,Yes
8.2,88.5,35.5,Yes
,78.5,,No
23.7,90.5,59.4,No
13.7,91.4,76.2,Yes
9.7,51.5,58.4,No
6.5,52,69.2,No
12.2,49.2,60.5,Yes
1.3,44.7,49,No
7.4,91.2,67.4,Yes
9.8,91.3,65.6,nan
11.1,84,79.4,Yes
9.3,108.2,87,No
6.5,68.8,98.7,Yes
14.6,61.2,70.3,Yes
1.7,77.5,71.1,No
8.6,97.8,68.8,No
7.4,63.2,52.5,Yes
15.1,,59.5,No
7.7,73.6,71.9,Yes
12.2,85.3,83.2,Yes
11.7,78.3,82.8,Yes
0.8,67.1,61.7,No
9.7,93.2,53.2,Yes
1.3,5.5,86.8,Yes
11.8,68.2,55.9,Yes
6.3,90.9,46.4,Yes
15.9,46,68.3,No
9.1,61,60.5,No
6.1,65.1,63.5,Yes
16,68.4,61.6,Yes
5.6,63,63.9,No
14.5,54.6,64,No
12.3,73.6,73.4,No
8.2,91.1,66.9,No
3.3,82.6,64.5,Yes
16.2,95.5,71.5,Yes
12.5,71,77,Yes
6.1,100.2,45.6,Yes
11.2,49.5,54.6,Yes
15,101.2,41.1,Yes
10.6,96.8,64.3,Yes
11.2,43.4,57,No
15.2,84.4,50.6,No
17.7,72.5,64.9,No
9.4,72.9,49.9,Yes
3.3,76.3,72.5,Yes
3.5,62.6,63.7,nan
6.5,93.8,60.7,Yes
5.3,75.1,67,No
1.6,52.5,72.8,nan
19.2,74.2,63.7,No
12.6,65.5,,No
7.4,87.3,62,Yes
9.8,48.7,76.5,nan
1.1,115.1,,Yes
15.8,77.4,64.2,No
0.3,50.3,84.8,Yes
12.6,71,77.7,Yes
0.8,65.3,69.2,Yes
7.9,59.1,,Yes
16.2,83.5,98.9,Yes
1.8,119.6,67.5,No
9.3,112.4,58.3,No
13.1,79,83.9,No
12.3,59.4,67.7,Yes
10.4,80.6,37.9,Yes
12.5,89.8,68.2,No
6.9,79.1,73.2,Yes
19.7,89.9,50.9,No
1.9,83.9,95.4,Yes
15.8,80.7,55.6,Yes
10.9,50.7,57.3,Yes
13.1,,79.3,Yes
14,113.2,74.5,Yes
12.8,84.8,67.8,No
5.9,98.4,71.8,Yes
8.6,115.2,59.5,No
2.7,51.4,57.7,Yes
8.5,127,48.4,No
11.6,94.5,94.1,No
13,98.2,44.7,nan
12,61.6,64.3,Yes
1.2,,45.2,No
7.2,59,62.5,No
6.7,78,71.8,Yes
3.4,81.7,65.5,No
5.8,70.2,93.2,No
10,98,71.5,No
17.1,64.6,65.4,No
5.2,34.8,74.9,Yes
4.4,70.1,57.6,No
7,100.1,62.5,Yes
11.7,124.1,45.8,Yes
16.1,101.3,79.2,Yes
9.6,96.3,71.3,Yes
2.8,67.4,77,No
3.8,121.1,86.4,No
10.9,88.7,65.6,Yes
15,89.5,60,Yes
19.1,87.6,69.9,No
4.1,51.8,63.6,No
10.7,82.7,54.6,Yes
4.9,45.9,60.4,No
5.5,91.5,71.6,nan
5.1,81.7,52.7,No
8.3,62.4,38.8,Yes
5.6,97.5,42.9,No
22.4,67.8,71.6,Yes
7.7,68.3,63.3,No
,85.7,67.2,No
6.7,74.7,62.7,Yes
21.2,79.7,71.1,nan
11.7,95.6,78.7,Yes
,60.2,75.9,No
7,58.5,43.7,Yes
14.9,70.3,51.8,Yes
11.7,73.7,71.2,Yes
8.1,87.8,54.5,No
4.6,113.8,80.7,Yes
8.8,74.1,84.7,No
8.4,75.7,84.5,No
14.3,62,63.1,No
8.8,59.5,72,No
0.4,88.5,63.7,Yes
13.2,75.8,87.7,No
16.5,99.9,65.2,No
1.7,97.8,90.1,Yes
19,92.4,,No
17,45.8,55.4,No
6.8,88.7,59.9,No
4.4,56.3,99.2,No
15.3,37.3,44.3,No
3.2,79.4,68.3,Yes
6.7,102.2,71.7,No
3.4,89.2,81.7,Yes
10,57.4,55.7,Yes
17.3,130.9,40.5,Yes
11.9,91.3,80.3,Yes
15.1,58.2,82.3,No
8.2,34.1,62.5,Yes
10.5,70.9,64.8,No
3.9,35.7,36.4,No
9.5,54.4,93,Yes
6.3,41,81.9,Yes
9.2,59.9,50.5,Yes
8.9,64.3,80.2,Yes
8.4,57.5,31.7,No
20.5,121,61.1,No
18.8,71.3,61.5,No
17.1,101.6,47.5,Yes
19,86.4,63.5,No
17.1,70.9,65.9,No
9.9,65.4,77,Yes
9.4,,92.7,No
,54.3,72.5,No
8.9,62.5,99.5,nan
4.8,62.2,67.9,Yes
11.5,76.5,53.1,Yes
2.2,56.8,54.3,No
10.7,93.7,63.9,Yes
5,96.5,54.1,Yes
9.6,60.6,78.2,No
11,85.5,62.8,Yes
8.2,58.2,69.8,No
1.8,78.6,50.5,No
4.1,98.4,76.1,Yes
12.3,77.1,55.8,No
7.2,72.9,82.5,No
12.8,120.8,55.8,No
10,82.2,55.1,No
9,58.1,51.4,Yes
11.7,56.6,45.3,No
6.6,120.6,85,No
12,60.2,84.8,No
7.9,61,,No
22.7,75.5,60.1,No
4.3,89.6,41.4,Yes
8.2,50.2,78.2,Yes
8.4,69.4,50.8,No
3.2,48.2,53.3,No
13.6,71.9,65.3,Yes
7.9,91.4,76.8,No
-1.9,70,75.1,Yes
13.5,114.4,77.5,Yes
6.8,58.1,43.6,Yes
9.5,79.4,62.7,No
13.4,,71.7,No
8.2,95.2,41,No
,127.9,64,No
22.3,81.5,65.1,No
-0.8,57.1,46.8,Yes
3.6,76.7,69.2,No
4.5,58.2,75.8,Yes
18.9,,,No
6.8,99.7,87.5,No
11.2,88.9,77.4,No
7.6,72.9,,nan
13,61.3,73.2,Yes
9.9,81.5,37.6,No
11.3,85.6,89.8,Yes
16.4,49.9,72.5,Yes
12.2,54.6,70.3,Yes
6.3,69.2,53.6,No
11.6,48.4,47,nan
22.1,38.8,78.9,nan
12.8,54.4,71.9,Yes
10.8,82.7,70.1,No
3.1,77,75.2,No
,66.1,57.2,Yes
14.4,56.3,62.9,No
11.6,82.4,66.3,Yes
10.6,81.3,51.7,No
24.2,99.9,72.2,Yes
14.3,24.8,61.5,No
16.2,40.1,62.3,No
10.3,93.8,67.8,Yes
9.3,84.5,66.5,No
13.2,93.7,65.6,Yes
9.3,57.2,37.1,Yes
9.7,67.2,61.4,No
12.3,49.4,65,Yes
,28.3,49.6,No
11.1,77.8,54.7,Yes
10.4,103.3,92,No
14.8,71.6,,No
6.9,60.7,63.2,Yes
0,52.6,52.1,Yes
8.4,97.3,63.9,Yes
12,76.6,96.5,No
14.8,77.4,59.8,Yes
6.5,46.1,62.8,Yes
12.7,56.7,39.3,Yes
15.7,89.7,49.9,No
,64.5,61.8,No
6,62,68.5,No
6.6,125.2,97.3,Yes
12.2,76.4,58.2,Yes
18.1,71.6,63.1,No
,72.3,70.5,No
9.2,61.4,62,Yes
3.2,73.5,72.2,No
8.2,113.8,82,Yes
6.4,83.3,91.5,Yes
10.1,,29.6,nan
2.4,66.3,46.2,Yes
8.4,77.1,59.8,Yes
5,44.9,69.3,Yes
14.7,65.6,56.8,Yes
5.7,55.8,59.8,No
7.1,67.1,71,Yes
11.4,76.4,37.3,No
7.7,89,48.2,Yes
21.8,51.9,79,Yes
14.7,73.3,54.5,nan
10.1,68.5,90.3,Yes
11.8,70.6,68.8,Yes
-1.8,58.6,89.9,No
16.2,74.1,84.8,Yes
12.6,84.9,,Yes
9.6,47.2,42.5,No
12.8,109.6,71.8,No
13.4,93.8,60.8,Yes
7.9,43.5,62.5,nan
11.9,103.9,60.2,No
15.2,,45.7,No
12.3,64.9,72.4,No
,79.1,54,No
11.5,76.8,52.2,No
16.9,47.5,61.2,Yes
13.9,95.5,81.1,No
,37.4,63.2,Yes
12.9,80.8,49.7,Yes
12.3,,66.8,No
15.8,41.2,84.2,Yes
10.2,69.1,77.3,Yes
8.2,97.8,38.1,Yes
3.2,83,68.1,No
6.5,150,83.7,No
16,61.3,67,No
11,,41.6,Yes
9.5,,41,Yes
16.5,80.3,51.5,Yes
15.4,87,44.1,Yes
6.3,83.9,46.9,Yes
16,94.6,43.7,No
1.7,77.3,61.6,Yes
12.3,54,57,No
11.7,47.9,62.7,No
15.7,90.2,73.5,No
11.9,95.1,45.9,No
8.8,114.4,89.3,Yes
9.2,123.5,78.3,No
23.5,94.4,36.8,Yes
10.4,82.3,69.9,Yes
13,,56.7,No
,57.5,67.5,Yes
5.9,76.3,70.7,Yes
12.6,72.9,,nan
1.9,113.1,60.7,Yes
12.7,86.7,55.4,Yes
6.4,70.4,68.9,No
4.8,57.4,62.3,Yes
6.4,85.7,69.9,Yes
17.6,77.8,60.6,Yes
11.7,66,39.5,nan
5.4,61.3,,No
,86,73.7,Yes
14.1,66.9,79.6,No
8.1,68.5,38.2,No
14.8,65.3,64.8,Yes
15,131.7,81.6,Yes
14.3,78.2,56.6,No
6.6,58.5,83.4,Yes
4.1,,32.4,No
1.5,42.2,50.5,Yes
6.7,69.1,46.4,Yes
8.2,,65.7,Yes
8.6,120.7,59.2,Yes
9.8,70.2,82.2,No
18.7,82.3,79.1,No
8.3,71.7,57.9,nan
9.8,84.1,75.6,Yes
0.9,70.2,51.8,Yes
21.1,63.9,77.6,No
3.4,61.9,36.9,Yes
,89.2,104.6,No
13.5,101.1,73.2,No
11.2,66,90.9,Yes
18.2,89.5,76.4,No
13.6,78.1,53.1,nan
9.6,67.4,17,nan
15.2,88.6,53.8,Yes
15.8,102,75,nan
6.7,58.5,40.7,nan
14.8,68.5,94.2,Yes
8.9,104.3,62.1,Yes
9.5,74.1,99.4,Yes
10.7,59.1,55.9,nan
8.1,78.4,73.8,Yes
7.8,75.2,73.2,No
14.9,96.1,40.8,No
2.4,74.1,71,Yes
4.7,74.8,73.4,Yes
13.4,,76.1,Yes
,78.4,84,No
15,105.3,41.4,No
11.8,89.5,73,No
3.3,54.2,,Yes
10.3,80.6,,No
12.7,81.9,48.5,Yes
11.2,82.5,68.3,Yes
7.7,45.4,75.2,No
,77.9,60.5,No
7.2,63.6,64.4,Yes
3.4,45.1,41.4,No
2.7,,69.9,Yes
12,69.4,57.5,Yes
5.6,69.7,,nan
12.9,92.6,27,Yes
7,95.5,49.5,No
3.4,70,61,nan
8,75.6,73.3,Yes
20.5,,49.5,Yes
9.5,56.2,59.8,Yes
13.2,101,87.4,nan
10.8,75.9,82.3,No
3,94.4,56.9,Yes
17.2,71.7,57.6,No
8.8,83.4,92.7,No
3.4,40.1,67.5,Yes
7.4,92.2,59.9,No
9,,63.5,No
13.7,65.6,51.4,No
6.6,87.6,43.6,No
23.1,94.9,60.1,Yes
5.3,,83.2,Yes
13.1,51.1,,No
0.1,108.3,61.3,No
9.4,70.7,,No
11.8,36.6,66.8,No
4.4,66.6,42.2,Yes
17.5,84,69.8,Yes
12.2,73.4,37.3,No
8.4,,83.4,No
12.1,68,72.8,Yes
7,66.6,72,No
16.3,49.4,96.6,No
15.1,49,48.4,Yes
11.9,82.3,75.5,No
13.1,99.6,,Yes
2.6,69.5,73.4,No
17.3,102.7,58.6,Yes
9.5,97,72.8,Yes
15.1,72.4,63.6,No
13.7,87.8,80.1,No
15,,,No
4.8,64.9,79.3,No
5.4,31.8,,No
21.2,77.8,57.8,Yes
2.4,89,48.1,No
4.5,63.9,84.2,No
,115.1,92,Yes
10.2,95.6,53.4,No
7.3,45.5,68.9,No
,71.1,,Yes
14.5,58.2,67.1,Yes
9.9,67.7,67.2,No
8.7,88.1,52.6,Yes
9.9,70,66.6,nan
7.5,63.6,50.3,Yes
1.5,76.9,87.5,Yes
11.5,90.2,30.8,No
13.8,90,46.7,Yes
9.2,87.3,68.3,Yes
-1.3,102.4,45,No
7.1,73.2,36.1,Yes
14.5,67.8,104,Yes
2.8,71.9,73.9,No
13.5,58.8,61.4,No
7.8,58.3,72.6,No
9.9,89.8,,No
6.6,91.6,54.6,No
4.3,22.1,60.4,Yes
17.2,,60.9,Yes
14.1,66.8,59.1,Yes
13.2,62.4,58.3,No
14.5,68.5,77,Yes
12.5,49.8,62,No
14.7,71.6,79,No
6.7,113.3,53.4,Yes
16.9,44,71.7,Yes
16.4,87.4,35.3,No
11.9,94.5,72.5,nan
8.6,86.6,77.9,Yes
3.9,105.7,47.7,Yes
11.1,94.6,68.8,No
,88.4,76.4,No
4.2,95.8,60.7,No
15.1,94.8,78.2,nan
7.6,68,54.5,Yes
8.1,87.6,69.3,Yes
4.1,69.5,65.9,nan
6.2,48.3,66.9,nan
13.2,111.7,,No
13.9,63.9,66.4,Yes
11.2,96.9,58.2,Yes
7.5,85.7,91.4,Yes
4.5,57.1,90.5,Yes
10.3,59.5,94.6,No
8.2,82.9,82.7,Yes
11.1,83,75.9,nan
,67.5,85.3,Yes
8.5,43.4,56.2,No
10.8,91.1,53,Yes
11.8,16.5,43.1,Yes
16.1,82,54.5,No
8.3,,61.8,nan
12.7,38,42.1,No
19,78.2,65.4,No
12.9,67.3,50.3,No
15.8,,33.2,Yes
6.9,94.6,26.6,No
6.4,48.1,47.1,Yes
9.2,70.5,56.2,Yes
,,82.9,Yes
15.4,36,48.1,No
6.4,86.5,98.7,nan
9.6,107.6,75.4,No
15.4,88.4,64.1,No
11.1,77.6,52.7,Yes
9.9,92.7,59.2,Yes
11.2,63.1,50.6,No
,57.4,60.3,No
4.3,85.3,56.8,nan
2.1,,74.9,Yes
11,81.3,44.7,Yes
14.6,57.8,69.2,No
13.8,44.9,62.7,No
15.7,54.2,59.2,Yes
17.3,57.9,30.2,No
10.7,34.2,,Yes
9.7,84.5,64.2,No
17.4,49.2,71,Yes
6.5,48.1,72.1,No
4.1,69.8,78,No
8.3,56.9,63.5,Yes
,43.4,64,Yes
10.2,45.7,61.7,Yes
,,73.3,No
11.8,68.3,64.5,Yes
7.2,44.7,76.7,No
16.1,104.1,79.1,Yes
4,60.8,77.5,No
9.3,85.6,58.6,Yes
8.3,72.8,,No
11.2,77,67.3,No
14.6,75.4,68.2,nan
11.3,47.4,35.4,Yes
9.4,,86.7,Yes
13.5,59.8,71.9,Yes
14.2,91.5,86.7,Yes
11.3,59.2,67.2,No
11.9,52.9,68.8,Yes
13.2,102.4,70.7,No
1.8,106.1,58,No
8.2,84.1,47.5,No
11.9,91.1,,No
8.5,49.9,99.2,No
8.6,88.2,62,No
,88,47.2,No
12,83.8,91.7,Yes
12.3,107.9,84.5,No
6,29.4,81.8,No
2.9,71.4,33.8,Yes
14,104.6,84.8,Yes
6.3,52.8,42.9,No
5.9,88,62.8,Yes
5.5,65.3,62.3,No
15.8,76.8,73,Yes
11.1,53.9,67.5,Yes
11.7,120.3,57,Yes
13.4,52.1,90.7,Yes
9.8,72.4,90.6,No
15.1,69.8,70.3,No
4,,63,Yes
4.6,76.4,87.7,Yes
4.3,43.5,80.8,Yes
12.1,62.1,45.9,Yes
12.5,31.8,,Yes
7.6,76.5,50.6,Yes
8.8,110.6,58.2,Yes
16.3,,,No
,81.8,57.2,Yes
11.5,,82.7,No
6.6,61.2,65.5,Yes
15.5,97,,No
13.1,113.2,52.9,Yes
3,39.5,75.6,Yes
8.7,97.7,36.2,nan
-0.4,45.3,60,No
14.5,59.5,62.8,nan
20.2,97.6,60.1,No
-0.9,81.4,68.8,No
2.9,65.8,,No
10.8,119.7,78.5,No
9.9,68.4,,nan
7.9,96.9,93.7,Yes
1.3,68.9,70.6,No
11.6,84.2,74.3,No
14.4,84.8,54.9,Yes
24.2,76.6,57.8,Yes
16.5,46.6,84.9,Yes
3.5,80.5,43.7,Yes
9.9,63.4,64.9,Yes
13,65.8,65.2,Yes
6.6,86.9,71.8,Yes
13.9,85.5,68.5,Yes
13.5,59.9,71.9,Yes
16.2,79.4,56.6,nan
,75.4,103.2,No
11.4,57.8,65.2,Yes
6.8,59,,Yes
3.5,59.3,80.7,No
11.1,74.8,25.4,Yes
8,68.9,41.5,No
8.5,150,52.7,No
15.6,57.4,57.4,No
16.8,71.5,69.1,Yes
3.8,73,69.4,nan
8.9,81.5,53.1,No
7.8,104.4,34.5,No
11.6,96.5,89.3,Yes
-1.3,73.5,78.2,nan
2.7,43.1,74.9,nan
9.4,64.7,72.3,Yes
13.9,93.4,74.4,No
10.4,73.9,42.4,Yes
13.4,49.8,41.6,Yes
11,70.9,74.5,Yes
16.4,65.6,32.5,No
17.4,100.2,71.4,No
6.2,63.4,76.7,Yes
14.4,83.3,91.3,No
12.5,88.8,60.3,nan
22.5,,48.6,Yes
6,,80.8,No
9.4,66.5,61.4,Yes
4.8,77.8,39.5,No
5.1,,18.4,Yes
11.9,47.5,73.7,No
11,54.9,76.9,Yes
12.7,93.8,64.8,Yes
12.6,116.4,64.3,Yes
8.8,81.1,65.3,Yes
8.8,96.6,,No
5.1,82.1,,No
6.5,89,59.6,Yes
9.7,89.8,63.1,Yes
,88.6,80,No
13.6,82.1,53.4,No
13,77.9,58.5,No
17.8,66.9,72.1,Yes
5.1,85.5,54.9,No
8.8,81.2,54.6,Yes
5.6,56.9,42.5,No
16.4,98.8,85,Yes
7.5,94.8,72.2,No
15.8,,77.4,Yes
17.3,98.6,57,No
12.1,89.5,92.5,No
11.5,66.2,69.7,No
10.2,38.7,74.7,No
8.4,38,69.8,Yes
7.8,,67.6,nan
9.3,74.4,67.2,Yes
19.1,67.6,53.3,No
4.8,61.8,70.3,Yes
11,76.3,69.9,No
13.6,93.3,59.7,Yes
8.6,58.8,60.1,Yes
12.1,76.9,66.3,Yes
2.5,128.2,50.4,Yes
16.6,111.3,67.4,No
15.7,30.4,80,Yes
9.5,38.7,45.9,No
5.6,111.1,82.2,No
14,92.9,53.8,No
4.3,76,64.2,Yes
5,85.6,78.4,No
9.7,68.7,60.9,Yes
17.6,,73.2,Yes
,89.6,51.3,No
6.8,,,Yes
,92.3,76,nan
10.2,64,56.5,Yes
11.3,89.3,67,No
9.6,81.2,68.9,No
19,48.3,61.3,No
9.3,104.5,56.1,Yes
-1.4,46.8,60.4,No
8,101.6,63.3,Yes
12.3,84.1,,Yes
11.9,87.8,69.4,Yes
9.1,65.1,67.1,No
8.3,67.6,59.7,No
0,75.1,59.1,No
10.4,49.2,74,No
8.3,86.5,68.6,Yes
11.2,67.8,67.8,Yes
12.5,32.6,61.2,Yes
,112.7,49.2,No
5.2,80.3,62.4,Yes
3.5,81.5,66.7,nan
7.1,61.2,54.1,No
6.3,81.6,108.9,No
5.9,89.7,79.7,Yes
17.2,,64.5,nan
10.7,87.1,72.9,No
19.9,53.8,66.5,No
10,49.3,62.6,No
4.1,57.4,90.7,No
6,117,68.5,Yes
15.1,90.7,50,Yes
4.3,74.6,68.7,nan
12.8,109,66.6,No
8.2,56.5,64,No
5.4,54.5,70.7,No
16.9,56.7,61.3,Yes
7.1,112.6,36.8,No
5.9,92.4,73.2,No
9.6,58.7,57.6,Yes
7.5,61.2,62.5,No
21.1,80.7,62.3,Yes
15.3,52.3,73.8,No
7,71.4,74.6,No
7.6,55.1,55.7,No
-0.1,73.6,74.3,Yes
10.7,91.3,53.9,Yes
6.3,109.9,88.3,No
10.4,,48.1,Yes
0.2,87,73.7,No
9.9,88.6,,No
18.5,70.4,76.5,Yes
,63.1,,Yes
6.1,63.1,88.2,Yes
9.9,37.9,59.9,Yes
9.7,90.6,80.7,No
21,59.7,32.1,No
8.3,41.6,62.6,Yes
4,81.5,84,Yes
10.1,81.3,68.6,No
,91.9,,Yes
12.8,111.3,95.7,No
13.8,75.8,44.3,No
19.8,69,111.8,No
7,67.2,,No
6.6,69.1,72.7,No
0.7,60.2,42.3,No
13.3,66.3,80.4,Yes
5.6,60.6,82.1,Yes
14.5,54.2,58.7,No
7.5,109.7,87.8,Yes
18.6,102.7,45.3,No
,37.7,65.7,No
15.1,81.4,86.9,nan
14.5,73.7,55,No
12.6,77.9,59.7,No
4.4,46,56.4,Yes
12.7,38.1,59.7,Yes
10.6,,63.6,Yes
-1,67.6,59.7,No
17.8,64,103.3,Yes
8.3,70.9,,No
17.4,87,61.7,Yes
9.7,92.6,51.6,Yes
,55.4,45.3,No
5.7,57.3,72.2,Yes
11.1,,88.3,Yes
10.7,99.5,94.8,Yes
,70.7,,Yes
5.7,77.9,65.3,Yes
-5.3,47.7,86.1,No
5.8,31.1,63.7,No
13.5,121.3,84.8,Yes
3,80.5,55.6,Yes
4.1,54.6,90,Yes
2.8,32.1,63.1,Yes
11,103.9,85.3,No
5.5,56.1,91.7,No
16.1,56.1,68.4,Yes
13.7,60.7,65.7,Yes
11,77.7,85.6,No
,87.8,76.4,Yes
6.2,69,84.9,No
6.2,54,77.5,No
13.6,121,70.6,Yes
14.6,65.2,77.6,Yes
13.5,75.2,68,Yes
7.6,45,49.1,No
,86.6,71.7,Yes
5.3,96.8,58.1,No
13.8,57.8,53.1,Yes
0.2,38.2,61,No
-1,67.4,47.5,No
0,112.9,18.5,Yes
-0.7,,75.7,Yes
16.8,125.7,56.5,nan
,63.8,69.3,nan
4,38.5,62.6,Yes
9.5,64.8,80.3,Yes
17.3,37.6,58,No
12.5,60.6,46.1,No
20.6,82.6,77.8,Yes
9.4,65.7,29.4,No
6.7,97,68.3,Yes
4.6,64.3,68.1,Yes
,45.2,74.7,No
14.7,78,101.1,Yes
10.5,72,59.3,Yes
8.2,74.5,72,Yes
16.3,49.5,74.7,Yes
12.6,80.4,66.4,No
9.4,102.8,52.6,No
6.2,48.7,41.8,Yes
8.7,36.8,54.6,Yes
12.4,44.1,44.3,Yes
6.1,74.4,46,Yes
3.8,42.8,65.8,Yes
7.6,81.5,45.4,No
9.8,82.1,74.2,No
16.8,82.3,48.1,nan
4.2,126.8,77.4,Yes
11.1,37.7,,nan
8.6,40.9,75.4,No
8.9,100.6,68,Yes
17.7,85.7,73.6,Yes
10.4,,58.8,No
5.4,34.2,57.7,No
14.4,47.8,91.2,No
14.1,94.6,49.9,No
5,71.7,53,No
4,101.3,35.6,No
12.1,66.7,54.1,Yes
9.8,70.8,42.8,No
7.6,120.8,89.9,No
15.3,54.2,,No
7,89.8,55.6,No
12.1,43.7,77.1,Yes
15.9,57.7,23,No
8.3,89.7,48.5,No
0.9,46.7,75.9,Yes
8,92.5,47.6,Yes
10.9,70.6,55.3,Yes
15,55.5,79.1,No
7.4,72.9,70.8,Yes
18.6,63.3,46.5,Yes
3.5,60.8,59.5,No
10.8,65.1,55.6,Yes
8.8,47.1,54.6,No
16.7,39.7,56,No
2.6,32.5,83.4,No
12.1,85.1,53,No
8.8,83.6,82.7,No
17.6,59.1,77.9,No
5.9,72.4,79.4,No
12.1,102.7,72.9,Yes
5.8,62.5,73,Yes
10.9,69.7,68.2,Yes
8.2,113.8,57.2,Yes
8.1,82.8,88.7,Yes
,93.1,58.8,nan
12.1,89.2,,Yes
4.6,85.1,75,nan
,60.5,72,Yes
2.2,55.5,45.8,No
4.7,88.5,62.4,Yes
12.5,85.5,62.1,Yes
12.3,79.6,84.6,No
13.3,80.8,72.1,No
4.9,59.6,91.5,No
11.1,51.4,63.7,No
6.9,60.3,64.2,Yes
,70,63.8,No
12.1,63.1,71.8,Yes
6.7,106.4,,Yes
15.2,104.5,66.6,Yes
12.5,92.1,51.7,No
3.1,99.4,69.9,No
1.6,49.1,54.9,Yes
3.3,89.4,56.8,No
18.2,74.3,67.9,No
,65.8,92.3,No
19.4,69.3,60.7,Yes
4.7,69.6,69.5,No
4.1,67.4,64.7,Yes
14.4,62.7,75.1,No
14.6,,30.7,Yes
12.8,43.6,,Yes
13.4,83,63.1,No
6,18.8,68.8,No
14.2,113.9,76.5,Yes
11.2,62.6,85.6,No
8.2,39,66.5,No
10.5,85.4,,No
15.3,72.3,,Yes
12,,82.1,Yes
-0.8,63.5,71.4,Yes
14.5,73.2,70.1,Yes
14.1,96.7,85.7,Yes
8.1,22.1,71.7,No
10.6,81.4,72.9,No
10.6,107.9,51.3,Yes
0.1,58.7,65.1,No
8,90,60.1,No
8.2,,79.3,Yes
9.2,112.6,73.1,No
7.4,79.7,74.6,Yes
13.3,89.1,61.6,nan
6,96.3,58.8,No
14.6,87.3,69.6,Yes
13.1,57.1,83.2,Yes
16.8,60.4,51.4,Yes
18.7,80.3,57.9,No
18.7,92.4,,No
4.1,81.8,49.5,No
11.7,54.3,82.2,No
6.4,70.1,39.9,No
26.4,47.3,,Yes
13.1,86.8,77.2,No
17.1,114.6,57.4,No
12.2,85.5,59.6,Yes
-3.2,35.9,39.6,Yes
6.1,77.1,51.2,Yes
6.6,,41.8,nan
8,,45.7,Yes
11.8,34.1,75.9,No
12.5,84.6,45.6,Yes
-3.1,94,69.3,No
8.8,,63.3,No
,57.1,48.6,nan
16.9,68.7,47.3,Yes
13,109.9,73.7,No
9.1,69.3,74.9,Yes
11.1,59.7,82.9,nan
1.6,67,62.5,No
13.3,86.6,,Yes
8,34.5,37.5,No
,70.4,64.8,Yes
-1,68,44.1,Yes
11.4,72.8,56.4,No
6.7,61.1,,No
7,48.4,49.6,Yes
11.8,93.6,85.7,No
11.4,38.2,102.3,nan
10.1,106.3,86.9,No
,82,86.3,No
4.7,88.6,72.1,Yes
6.3,76.3,79.3,No
9,98.6,77,No
9.8,85.7,58.8,No
9.2,101.1,,No
9.4,91.9,56.5,Yes
19.4,97.4,82.7,nan
14.2,60.7,78,Yes
15.9,67.4,62.3,nan
12.3,75.3,47.8,No
10.4,75.1,77.1,No
12,86.5,51.1,No
11.1,60,71.6,Yes
14,74.9,70.2,No
5.1,87.5,67.1,No
13.6,36.7,68.9,No
10.8,96.1,61.1,Yes
1,115.9,51.9,No
10.4,56.7,73.2,No
3.5,104.6,95,No
7.3,79.5,80.2,Yes
9.2,57.3,75.4,No
2.5,91.6,58.1,Yes
9.7,113.8,106.9,No
10.3,66.9,73.3,Yes
13.8,53.7,69.8,No
7.7,30.3,76.9,Yes
11.4,72.1,50.1,No
,78.3,68.6,No
7.9,111.3,77.8,No
1.6,112.2,66.3,No
9.4,61.7,42,No
13.7,91.2,76.4,Yes
5.3,52,61.3,No
8.9,76.5,83.6,Yes
9.6,72.4,64.5,No
15.5,57.5,52.6,No
10.2,72.6,67.9,No
11.4,91.9,66.8,Yes
10,96.9,79.4,No
7.5,72.1,72,Yes
,73.3,54.1,Yes
8.6,38.2,73.5,Yes
12,80.5,,No
10.6,69.7,53.2,No
17.4,73.2,68,No
14.7,65.4,49,No
16.2,56,86.8,Yes
-0.2,57.5,80.2,Yes
17.9,61.5,58.5,No
11.3,48.5,57.5,Yes
12,80.8,64.4,Yes
14.5,86.2,64.3,nan
10.1,72.2,61.9,No
4.6,78.5,64.4,No
17.2,70.4,,Yes
6.2,97.8,48.6,Yes
5.1,76.1,49.3,No
8.8,80.6,68.1,No
8.1,91.1,81.1,Yes
10,74.5,97.7,Yes
9.5,102.9,89,Yes
,61.7,53,Yes
12.3,109.5,83,Yes
5.7,71.1,67.3,No
6.4,61.9,73.6,No
,43.6,89.2,Yes
8.1,92.4,84.3,Yes
7.4,67.7,55.9,No
4.5,77.9,60.5,nan
11.5,80.2,63.7,Yes
7.7,65.2,67.7,No
5.2,96.5,71.3,Yes
12.4,84.1,87.8,Yes
14.2,58,63.3,Yes
,48.1,59.5,No
18.9,90.6,67.7,No
21.1,70.2,56.7,Yes
12.5,89,88,No
7.7,70,48.2,No
11.3,79.2,33.7,Yes
3.9,,52.2,No
5.6,45,33.8,nan
1.6,108.7,70.1,No
6.9,82.5,46,Yes
3.8,34.1,96.3,No
13.1,102,68.2,No
6.3,94.8,60.4,No
11.4,71.2,46.8,No
13.7,102.9,67.9,Yes
15.9,62.2,91.5,No
8.2,72.4,,No
11.6,121.9,77.1,Yes
11.7,85.4,52.4,No
16.4,96.7,82.1,Yes
13.9,91.3,53.4,Yes
16.5,47.3,87.8,Yes
1.7,81,73.9,Yes
6.7,79.1,49.7,Yes
15.2,98.7,50.8,Yes
12.9,105,61.7,Yes
9.4,100.8,49.2,Yes
7.6,65.5,40.9,Yes
13.9,46.3,83.5,Yes
0.1,85,35.9,Yes
14,73.2,89.3,No
10.5,54,58.6,No
7.6,61.1,71.8,No
,73.8,,Yes
,80.2,75.3,Yes
10.1,63.9,55.3,No
9.8,74.7,91.8,No
13.7,73.5,37.3,Yes
10.8,80.5,68.3,No
0.5,55.5,84.3,No
,61,58,No
4.6,102,49.4,Yes
,,46.3,No
12.8,84.5,63.5,No
18.4,50.6,35.1,nan
4.9,98.8,36.3,No
16.5,98,55.3,No
0.3,81,58.3,No
10.1,62.7,69.8,Yes
11.2,46.3,60.1,Yes
11.2,120.5,54.7,No
8.5,66.9,83.8,nan
10.6,46.3,70.3,No
3.8,63.1,92.9,No
14.3,83,64.7,No
11.2,50.1,40.3,No
11.8,63.2,54.6,No
8.6,46.2,47.1,No
8.4,103.9,67,No
12.6,,67.4,nan
17.9,46,46.6,No
3,57,61.6,Yes
2.8,62.1,71.6,Yes
11.3,75.5,50.1,No
8.3,56.8,113.4,No
10.6,67.7,57.5,Yes
9.9,150,62.1,Yes
13.1,46.3,54.8,No
8.6,56.7,44.1,Yes
,59.6,53.3,No
6.1,50.6,56.7,Yes
9.2,46.1,70.8,No
3.7,63.1,66.4,Yes
9.8,92.3,46.8,nan
10.3,72,71.8,Yes
8.2,11.3,66.1,Yes
11,95.2,83.3,No
1.9,61.1,95.4,No
5.2,103.8,74.8,No
4.3,91.1,75.4,No
14.4,68.9,53.4,Yes
,71.1,62.9,No
5.6,52.2,27.7,Yes
8.8,88,57.8,No
6.5,107.3,72.6,No
11.1,,,No
7,62.9,61.2,No
11.4,114.5,60.7,No
13.3,76.7,58.6,No
3.9,,51.3,No
11.4,47.7,50.5,Yes
1,109.1,51.8,No
8.7,84.5,83.9,Yes
8.4,54,62.1,No
8.9,81.7,,No
8.4,58.4,49.6,No
7.5,,35.9,No
8.7,68.1,59.6,No
11.2,74.8,55.2,No
11.3,43.7,67.5,Yes
10.6,49.9,76.2,No
7.1,55,52.9,Yes
15.4,,61.6,Yes
17.6,77.6,80.7,Yes
3.6,46.1,54.5,Yes
10.8,63.4,46.3,nan
7.7,65.6,71.3,Yes
14.6,40.2,82.1,Yes
9.9,79.5,81.2,Yes
10.3,86.9,54.4,Yes
12.5,,48.7,Yes
8.5,48.6,61.2,nan
18.4,87,65.4,Yes
12.5,73,64.7,No
14.7,94.7,56.3,No
8.9,84.6,82.6,Yes
9.4,81.2,85,Yes
,69.4,44.5,No
13.6,94.1,50.6,Yes
3.8,52.1,61.4,No
10.6,49.7,63.3,No
12.4,129.8,72.3,Yes
9.3,36.1,59.2,Yes
11.9,51.2,61.7,Yes
9.6,91.1,29.7,No
-1.2,42.5,83.2,Yes
3.4,89.7,38.1,Yes
14.9,99.5,38.1,Yes
8.8,101.9,41.1,No
10.9,76.3,51.9,No
10,51.5,80.2,No
5.9,56.7,80.2,No
7.7,100.3,56.8,No
11.6,37.7,42.2,No
12.2,91.5,70.1,Yes
20.9,42.8,59.9,Yes
7.6,73.1,77.6,Yes
18.4,62.5,46.2,Yes
,66.1,60.3,No
12.4,101.8,75.6,Yes
10.9,,79.1,No
9.4,95.9,86.1,Yes
10,60.6,86.3,No
6.9,80.2,62.6,Yes
14.5,72.5,79.2,Yes
5.8,47.5,80,nan
,48,46.5,Yes
13.8,69.7,74,No
16.9,67.1,61.7,No
14.9,,74.6,No
12.9,37.9,72.3,No
6.8,58.4,80.9,No
6.1,83.6,74.5,No
4.3,70,60.6,Yes
3.8,45.9,68,No
10,82.2,52.6,Yes
6.4,92,84.3,Yes
16,55,78.6,No
7.1,94.3,45.9,No
10.5,63.1,70.1,No
8.7,67.9,87.6,Yes
3,64.3,76.3,Yes
15.4,95.3,71.8,No
13.5,71.7,74.8,No
14.1,90.5,67.1,No
13,65.3,54,Yes
6.2,82.2,59,nan
6.3,53.3,54.8,No
12.3,,70.9,nan
17.7,68.9,84.1,No
11.9,100,81.7,Yes
14.9,74,47.9,Yes
7.4,76.9,52.2,No
15.5,120.7,56.3,No
7.9,89.9,68.1,Yes
11.2,78.9,51.7,Yes
8.2,50.6,78,Yes
14.4,59.9,45.9,Yes
14.5,90.7,76.9,Yes
2.6,68.4,73.4,No
16.6,70.9,45.8,nan
21.9,53.4,63.5,Yes
,83.1,57.6,Yes
9.4,77.1,48.9,Yes
16.2,89.3,74.9,Yes
10.3,99.8,69.2,No
10,,53.7,No
19.5,51.5,90.8,No
,44.8,60.8,Yes
6.1,89.6,52,Yes
12.1,77.4,67.4,Yes
1.9,110,88.9,Yes
8.1,75.5,48.3,No
8.1,40.5,66.8,No
14.8,150,62.1,Yes
13.5,60,69.7,No
1.6,109.8,51.3,Yes
6.5,98.4,71.4,No
6.5,64.3,70,Yes
8.9,71.1,77.4,No
,47.8,71.6,Yes
12.3,47.1,78.7,Yes
6.5,97.4,71.2,Yes
12.9,93.8,79.3,nan
10,69.5,200,No
5.1,111.9,72.2,Yes
16.9,83.7,73.8,No
17.1,79.2,70.2,No
11.5,79.4,54.9,Yes
8.8,53.8,66.6,Yes
4.7,93.9,56.8,Yes
15.4,94,72.8,No
14.1,79.8,30.5,No
5.9,52.6,60.3,Yes
6.6,96.8,46.7,No
12.3,39,64.7,No
4.1,59.5,51.4,No
6.9,86.6,90.7,No
4.8,66.8,47.7,Yes
5,55.2,58.8,Yes
6.4,102.7,87.9,No
14.5,97.7,82.3,Yes
1.2,96.3,81.9,Yes
12.2,81.6,40.6,Yes
11.3,75.7,61.9,Yes
14.8,109.8,50.2,No
11.3,103.7,71.5,Yes
8.1,73.3,75.5,Yes
5.9,129.2,83.6,Yes
15,72.5,65.8,Yes
12.5,82.7,55.7,Yes
7.5,102.8,54.7,Yes
14.5,82.4,65.1,No
7.8,69.7,71.7,Yes
10,82.6,75.7,Yes
7,74.9,68.9,Yes
12.7,32.4,47.5,No
,95.1,67.2,No
8.5,62.6,70.3,No
6.7,52,29.2,No
11.3,99.1,68,No
11.9,82.6,64.8,Yes
4.5,88.6,76.2,Yes
12,72.5,53.5,No
2.6,79.5,63.7,nan
21,,60.4,No
7.4,57.8,67.2,No
15.2,88.7,51.7,No
11,79.8,77.5,No
11.2,109.4,43.2,No
4.2,30.3,71.6,No
14.2,98.6,103.8,Yes
10.2,67.2,,Yes
12.4,65.3,82.6,Yes
9.5,86.7,58.4,No
10.7,57.2,88.1,No
5.6,66,62.2,Yes
9.2,86.9,66.5,Yes
,64.3,66.6,Yes
6.5,60.9,46.6,Yes
10.7,60.8,73.4,No
11.8,82,64.2,No
11.3,50.9,62.6,Yes
9.5,90.1,35,No
12.1,117.3,89.9,No
11.2,75.1,99.2,No
10.5,83.7,26.7,Yes
10.8,80.3,66.9,No
15.9,56.3,67.3,No
,81.3,91.8,No
8.4,79.4,54.3,No
11.7,110.4,86.5,No
2.1,80,52.5,No
16.9,,64,Yes
11.3,83.6,80.7,Yes
14.8,64.8,72.7,No
15.6,51.3,65.7,Yes
12.1,81.2,69.6,No
-1.2,90.2,81.6,nan
10.7,73.2,63.5,Yes
11.1,62.3,70.3,No
4.6,,84.2,Yes
1.1,,66.3,No
12.3,52,58.2,nan
3.8,73.7,75.7,Yes
20.3,76.6,83.2,No
11.3,60.3,83.1,No
16.8,73.2,75.5,Yes
10.2,41.1,88.6,Yes
13.8,83.5,67.6,Yes
10.3,54,58,No
15,67.4,44.2,No
-0.2,61.5,50.2,No
14.4,103,72,Yes
13.3,,72,Yes
9.2,58.1,,nan
8,116.8,74.9,No
8.5,110.9,71.4,Yes
11.4,91.7,56.6,Yes
16.1,86.2,82.7,No
7.3,57.7,101.3,Yes
1.5,,60.2,Yes
22.4,82.3,53.9,Yes
13.4,62.3,54.9,No
8,77.8,89.7,No
15.9,65.7,76.4,No
,44.6,66.3,nan
,102.3,73.5,Yes
7.6,38.7,40.9,Yes
13.3,118.1,90.8,Yes
15.4,70.7,75.6,No
1.4,84,77.7,Yes
11.1,,58.3,No
11.5,55.2,46.9,No
11.3,70.8,68,No
10.2,73,72.9,No
15.9,62.9,67.6,Yes
8.9,95.7,78.8,Yes
10,50.8,52,No
11.6,79,51.8,No
9.1,,53.1,Yes
3.1,79.8,48.5,Yes
11.1,78.4,58.8,No
11.1,113.2,59.9,Yes
8.2,62.7,67.5,Yes
9.3,71.6,78.5,nan
-5.9,70.2,70.5,Yes
16,108.6,43.5,Yes
14.5,63.5,77.1,No
3.3,79.5,48.3,Yes
6.6,69.1,33.5,Yes
17.2,72,77.4,Yes
4.2,75.2,80.2,No
12.4,97,85.4,No
7.5,104.1,69.1,No
12.1,47.2,87.1,Yes
10.3,90.6,40.7,Yes
8.6,100.1,59.6,Yes
11.9,81.8,78.7,No
7.5,98.7,64.9,No
1.1,50,72.5,No
5.4,85.2,72.2,Yes
4.8,100,78.4,Yes
2,62.4,94,nan
11.8,49.2,72.4,nan
9.1,97.8,74.2,Yes
11.8,66.5,51.4,No
12.6,63.4,58.4,Yes
13.8,37.4,67.4,No
12,64.7,62.7,Yes
5.1,61,47.6,nan
,38.9,,No
11.1,63.3,57.4,No
21,98.7,64.7,No
10,81.8,46.2,Yes
11.9,42.3,75,No
9.5,82.8,61.7,Yes
10.2,89.5,74,No
9.9,77.1,24,Yes
7.8,74.3,53.6,nan
10.9,59.1,78,No
13.1,83.4,64.1,No
7.9,86.7,97.1,Yes
14.2,80.6,69.7,No
13.6,109.9,78.2,No
5.6,70.9,75.4,Yes
5.2,48.9,54.7,Yes
12.2,108.5,60.8,No
7.1,37.2,75.1,Yes
4.8,67,71.6,Yes
18.6,56.6,38.9,No
5.2,73,80.1,No
2.4,72.3,,No
6.1,55.9,36.3,Yes
11.2,96.3,55.7,No
10.4,72.3,75.1,No
,99.4,55.7,Yes
,51.6,56.7,Yes
11.2,53.4,,Yes
15.6,52.9,54.6,No
,85.4,75.1,Yes
13.5,109.9,46.8,Yes
0.8,68.9,,Yes
18.8,28.7,82,No
15,84.5,67.6,No
6.6,88.3,65,Yes
14.1,54.3,49.2,No
16.6,86.3,,No
3.6,91.2,66.9,Yes
7,,82.1,nan
16.7,97.3,73.4,No
10.3,98.6,86.3,No
12.2,68.8,78.2,No
10.4,87.9,79.5,No
14.5,114.5,69.2,Yes
12.6,61.9,60.2,Yes
10.5,98.2,64.4,No
-0.5,79.9,58.9,Yes
13.2,52.2,73,Yes
13.6,38.6,42.1,No
,89.4,70.2,Yes
4.1,48.9,68,Yes
12.6,94.4,67.3,Yes
11,31.3,53.2,Yes
,78,,No
5.9,68.6,53.6,Yes
11.6,108.5,64.1,Yes
-1,79.5,63.7,Yes
7.1,87.3,,Yes
9.3,66.4,64.8,No
5.6,71.4,51.5,Yes
16.6,96,67.9,No
10.9,75.3,36.5,Yes
6.7,56.6,,Yes
4.2,97.8,60,No
3.7,108.7,87.2,No
19.1,105.1,62.6,No
9.1,100.8,71.2,Yes
8,69.3,90.6,No
8.9,,69.7,Yes
6.8,51.3,54.6,No
9.5,48.9,79.4,Yes
10.2,73.1,69.7,Yes
10.1,110.4,47.9,No
3.7,41.9,44.1,Yes
14.5,75.3,53.7,No
7.2,68.6,87.9,No
6.7,51.5,67.2,No
6.5,69.9,64.1,No
4.7,100.8,83.5,Yes
11.3,79.5,92.3,No
14.5,87.5,65.8,Yes
,96.4,75.2,No
0.8,82.7,75.5,Yes
,67.6,82,No
7.8,77,,No
3.8,53.5,83.4,No
7,76.1,40.7,No
7.2,77.4,70.6,Yes
9.9,101.3,51.4,Yes
2.7,68.5,57,No
12.9,68.5,87.5,Yes
18.3,44.7,59.6,Yes
17.1,88,65.1,Yes
7.1,45.6,61.5,No
13.3,65,66.9,No
12.8,,80.7,No
9.8,92.8,63.3,No
10.9,84.8,,No
13.4,89.2,73.6,No
14.4,93.9,46.6,Yes
,62.2,71.5,Yes
,57.6,83.5,No
18.3,41.3,65.8,Yes
14.4,77.6,68.9,nan
17.7,59.4,,Yes
-2.9,84,81.6,No
,98.2,87,Yes
11.3,93.6,79.3,Yes
15.1,77.4,67.5,No
4.4,76.6,76.5,No
,74.8,79.1,Yes
14.5,117.5,50,nan
4.7,63.4,29.7,No
11.2,76.6,39.2,No
9.9,71.4,61.8,No
9,59.3,68.7,Yes
12.9,67.4,49.6,nan
4.4,75.6,70.5,Yes
6.1,51.3,66.9,nan
9.3,108,56.9,Yes
4,89.5,75.6,No
16.2,96.8,44.1,Yes
6,71.8,67.3,Yes
13.9,68.7,88.4,No
5.6,70.7,62,Yes
13.5,61.1,76.5,No
2,101,76,Yes
17,102.9,59.6,Yes
15.7,86,44.4,Yes
7.2,109,55.9,Yes
5.9,122.9,69.7,No
12.3,111.9,80.8,No
2.4,65.6,40.8,No
10.2,26.6,53.1,No
6,89.9,65.4,No
8.7,83.5,52.5,No
6.8,77.2,86.6,nan
6,70.4,62.9,No
18.5,102,69,No
13.9,44.1,,Yes
2.6,105.6,75.8,Yes
5.6,109.7,51.2,No
14.3,78,71.7,No
14.8,80.7,89,No
3.1,51.3,77.4,Yes
13.5,95.1,67.9,Yes
11.3,100.4,53.2,No
0.3,90.3,54.3,No
8,50.2,71.6,Yes
9.3,42.8,67.1,No
10.2,70.2,78.6,Yes
,,64.4,Yes
6.2,95.3,73,No
6.9,70.2,66.5,No
7.3,96.3,74.7,Yes
,97.6,60.4,Yes
9.3,84.5,43.1,No
11.5,92.4,79.9,Yes
18.9,66.7,62.9,Yes
14.4,52.2,85.4,No
16.6,,66.6,No
7.6,,65.5,Yes
5,99.2,85,No
14,92.3,55.3,Yes
9.9,34.4,58.5,No
13.7,78.6,,No
5.6,39.3,52.3,No
13.2,53.3,91.9,Yes
9.1,91.6,60.3,Yes
7.7,40.5,62.2,Yes
8.2,47.7,85.4,Yes
12.5,54.5,,No
13.9,43.3,52.6,No
8.2,46.6,79.6,No
11.7,73.9,78,Yes
11.7,41.3,48.2,nan
13.7,70,54.6,Yes
14.9,75.2,50.1,No
19.1,90,9.5,Yes
7.7,93.6,96.7,Yes
17.3,47.5,43.9,Yes
10.6,48.5,52.6,Yes
4.5,47.4,72.4,Yes
6.7,90.8,70.1,No
12.3,81.9,74.9,No
13.6,67.9,69.3,No
4.9,51.2,87.9,No
6.2,78.1,56.3,nan
7.3,102.4,91.4,Yes
5.7,101.1,58.9,No
0.6,45.5,46,Yes
-1.1,96.4,59.2,Yes
,45.3,72.7,Yes
11.3,67,84,Yes
13.3,64.6,75.3,Yes
3.2,80.3,47.2,Yes
3.3,55,52,No
,77.1,56.5,Yes
10,53.4,68.9,No
,,80.4,Yes
13.6,48.7,,Yes
8.2,67,40.5,Yes
11.8,75.1,85.3,No
5.8,70,55.5,No
10.4,91.9,84,No
9.7,29.8,60,Yes
17,78.5,62,Yes
12.5,58.4,70.2,Yes
6.1,86.8,78.6,No
6.2,75.6,,No
8.3,96.8,59,Yes
2.2,70.3,62.5,Yes
8.8,99.7,51.6,Yes
9.3,78.1,52.5,No
12.3,49.1,62,No
13.1,58.7,80,No
10.5,63.3,56.5,No
1.9,77.3,79.8,No
3.9,93,59.3,Yes
,87.2,,Yes
13.3,88.3,28,No
13.1,,55.5,Yes
8.8,92.6,80.3,Yes
21.8,77.1,71.9,nan
17.8,90.9,63.1,Yes
16.2,45.5,69.7,Yes
13.5,84,71.9,Yes
12.3,62.8,64.5,No
11.9,49.7,60.5,No
1,87.9,78.8,No
4.7,66.4,78.1,No
8.9,85.6,80.7,No
10.6,55.4,96.7,Yes
9.4,115.6,69.7,Yes
11.4,72.6,96.9,Yes
-0.5,65.6,89.2,No
12.5,94.8,89.8,Yes
10.3,73.3,72.4,No
9.1,138.3,80,No
14.6,98.3,90.6,No
4.8,65.5,49,Yes
8.8,76.5,64.6,Yes
11.4,76.3,,nan
5.7,,83.2,No
,100.7,76,No
4.2,66.4,79,Yes
9.7,70.1,72.8,Yes
8.8,79.4,,Yes
9.9,56.7,41.2,No
6.7,79.2,58.7,Yes
3.4,64.9,78.4,No
10.7,65.5,65.5,Yes
9.2,71.8,42.8,Yes
13.2,60.3,57.6,No
6.3,43.7,95.3,No
-0.1,78.5,43,No
-3,29.2,31.2,No
8,29.9,82.1,Yes
10.6,75.9,63.2,Yes
8.8,71.4,73.7,Yes
7.2,80.2,78.3,No
2,88.3,45.5,Yes
0.6,35.5,78.5,nan
11.8,62.7,33.6,nan
8.9,66,70.1,Yes
8.2,81.2,77.1,No
2.3,79.6,67.3,Yes
5.2,66.9,45.6,No
10.2,75.9,65,Yes
11.4,69.5,89.4,No
9.2,56.7,73.3,No
16.9,76.1,56.1,nan
7.1,32.1,64.7,No
16.4,79.9,79.5,Yes
11.1,103.2,88.6,Yes
10.5,68.1,38.6,Yes
14.7,116.2,,Yes
6.9,87.1,80.1,No
8.4,104.2,51,No
3.9,,72.5,No
14.7,86,61.2,No
11.7,77.9,51.7,Yes
15.5,43.6,63,Yes
11,35.7,43.9,No
15.5,70.2,66.2,Yes
6.3,62.9,58.1,Yes
14.9,63.6,61,No
8,49.7,60.4,No
10,97.2,62.3,Yes
13.6,54.4,54,No
21.6,53.1,27,Yes
14.1,75.8,94.4,No
14.6,96.7,90.9,No
7.3,92,76,Yes
10.8,62,,nan
9.5,70.8,76.8,Yes
17,107.8,38.8,Yes
9.3,97.1,78.9,Yes
16.6,92.5,57.1,Yes
3.5,82.7,45.1,No
17,77,82.4,No
5.7,115.2,72.6,Yes
14.3,97.6,57.7,Yes
5.7,77.4,64.3,No
13.1,89.5,51.1,No
5.2,70,,No
15.2,42.9,72.1,Yes
,54.6,70.6,Yes
7,65.8,32.8,No
12.9,64.5,68.6,Yes
14.7,60.5,48.2,No
5.4,61.4,78.4,Yes
4.8,,64,No
4.6,,97.8,Yes
3.9,101.2,56.6,Yes
4.6,31.9,43.9,Yes
14.6,96.6,52.3,Yes
12.8,89.7,65.2,No
1.5,74.3,48.7,No
7.4,,29.2,Yes
4.2,68.9,74.6,Yes
14.3,94.8,96.1,No
7.8,82.7,85.8,Yes
2.3,99.4,59.6,No
10.9,91.3,56.4,Yes
13,103.8,64.2,No
5.2,87.7,82.1,Yes
8.7,52.3,56.3,Yes
5.5,43,61.9,Yes
16.2,87.9,,nan
7.8,87,67.1,Yes
6.4,62.7,86.3,No
9.7,79.9,69.9,No
9,65.9,64.3,Yes
13.4,65.1,64.6,Yes
16.1,46.3,43.1,Yes
,,71.5,Yes
8.1,64.7,72.6,nan
11.5,82.6,48.8,Yes
17.4,39.9,82.3,Yes
17.6,87,66.7,No
5.6,,61,No
13,53.7,87.8,Yes
12.1,66.2,43,No
14.6,43,71.7,Yes
,69.2,74.8,No
4.8,,69.2,Yes
6.5,76.5,56.8,Yes
14.5,84.2,97.9,No
10.7,63.6,75.9,Yes
-1.1,,51.1,Yes
1.7,80.3,55.5,No
13.3,91.3,37.7,Yes
,108.2,62.6,Yes
3.3,44,,Yes
15.5,67.3,43.7,Yes
9,59.7,69.7,Yes
4.9,117.8,59.8,No
7.2,86.9,69.8,Yes
3.9,80.7,70.6,Yes
6.9,98.9,67.7,Yes
0.7,75.2,43.5,No
9.6,84.3,,Yes
12.9,65.9,58.9,Yes
3.3,47.7,66.7,No
10.1,92.9,85.3,No
6,55.8,97.5,No
13.3,90,63.2,No
,96.7,58.5,No
13.6,30.1,67.2,No
0.9,95.9,69.2,No
9,80.1,92.8,No
6.5,55.6,43.3,No
8.2,40.2,75.6,Yes
2.4,73.6,,No
18.3,71.4,51.3,No
3.6,96.8,84.5,Yes
4,76.3,49.9,Yes
19,53.2,42.7,No
11.6,43.9,61.5,No
3.7,77.9,76.5,Yes
9.4,75.1,36.4,No
8.8,101.4,38.9,Yes
1.6,65.2,81.1,Yes
6.2,83.4,62.7,Yes
9.9,72.3,70.6,Yes
16.3,21,73.8,Yes
9.1,89.3,43,No
9.4,66.5,56.3,Yes
5.9,88.2,64.4,No
15.5,78.4,51.6,Yes
14.5,55.2,,No
13.9,71.5,78.9,No
10.6,74.4,34.1,Yes
2,78.7,,No
15.4,85.2,49.3,No
10.3,75.6,60.8,Yes
8.5,109.9,61.2,Yes
12.2,91.8,66.6,Yes
11.1,94.9,63.9,Yes
4.7,91.5,69.5,Yes
8.4,76.5,74.2,No
0.5,89.6,41.5,Yes
10.4,100,59.8,No
16.7,77.5,53.2,Yes
1,96,39,No
10.6,49,50.2,Yes
13.3,97,80.3,Yes
14.1,59.6,61.2,No
6.3,48.9,72.7,Yes
4.5,69.4,71.5,Yes
7.1,79.1,51.4,No
16,81.7,73.1,No
1.5,100.8,48.4,No
3.9,63.9,75.9,No
7.7,107.9,56.1,Yes
,107.9,45,Yes
,79.5,67.1,Yes
17.1,58.4,54.4,No
4,124.8,74.4,No
9.3,109.5,75.7,Yes
10,78.8,20.2,Yes
8.3,47.8,116.7,No
2.1,87.4,45.7,Yes
,63.2,75.8,Yes
6.8,92.5,58.2,No
13.2,79.6,70,Yes
12.1,43.1,55.6,Yes
2.2,51.4,87.1,No
8.1,59.8,43.5,Yes
7.5,,80.5,No
19.8,62,36.3,Yes
11.5,29.5,66.5,No
4.6,71,,nan
6.1,69.8,75.7,Yes
8.1,106.8,70.1,No
11.8,105.3,72.9,No
12.4,48.8,61,Yes
,82.9,61,No
9,90.8,63,Yes
9.3,72.6,47.4,Yes
9.4,78.5,103.6,No
1.1,,53.1,Yes
9.7,80.9,59,No
7.1,88.4,69.8,Yes
1.7,103.1,58.3,Yes
22.1,66.1,69.3,No
11.6,90.9,37.2,Yes
10.1,66.1,64.5,No
8.1,96.5,50.9,Yes
13.7,62.6,71,Yes
4.2,83.7,87.9,No
8.4,70.4,93.4,Yes
,86.7,58.2,Yes
13.6,58.1,27.4,Yes
5.9,69.4,69.9,Yes
15.5,73.9,59.4,Yes
9.5,53.5,50.9,No
13.9,,68.9,Yes
12,42.2,68.2,Yes
15.3,82.5,75.7,Yes
5.3,90.9,57.4,No
14.5,47.2,56,Yes
0.7,51.6,55.6,No
10.2,55.8,54.8,No
7.3,49.5,75.1,Yes
3,83,53,No
5.5,61.2,43.5,No
6.8,80,72.4,No
9,60,71.7,No
7.4,68.2,93.7,No
10.4,95.8,,No
5.8,51.9,200,Yes
7.6,63.8,75.1,nan
8.6,83.4,64.7,nan
10.9,68.6,53.6,Yes
,78.8,98.4,Yes
14.3,,70.9,Yes
11.2,44.9,86.8,Yes
12.2,103,64.2,No
11.6,73,72.7,Yes
8.4,106.9,67.9,Yes
14.5,81.8,54.9,No
5.4,101.3,73.2,No
-0.2,95.4,98.8,No
4.8,99.6,57.1,Yes
,,61.8,Yes
8.5,110.7,37.5,No
11.4,65.6,74.2,No
8.6,82.3,74,No
12.8,92.3,73.5,No
10.4,138.4,60.9,No
9.7,96.9,59.1,No
13.1,64.5,67.9,No
7.7,80.4,,Yes
11.9,48.1,,Yes
9.1,104.4,57.9,Yes
9.5,12.5,41.2,Yes
5.9,71.6,79.6,Yes
8.9,118.9,67,No
7.3,90.2,43.7,No
15.6,84.8,74.4,Yes
1.6,51.2,74.9,No
14.4,101.6,57.7,No
1.3,56.7,49.4,Yes
12.7,56.9,80.7,No
5.8,101.6,57.7,Yes
12.8,56,29.7,No
9.4,45.7,63.9,Yes
2.8,55.7,67.1,No
16.8,78.8,66.7,Yes
13.9,65,54.3,Yes
12.5,111.3,65.9,No
6.8,75.7,75.6,No
14.1,50.2,33,Yes
3.6,37.6,73.2,No
-1.1,93,77.7,Yes
2.2,81,59.9,No
5.4,87.2,44.9,Yes
6.2,66.5,78.5,No
7.8,78.1,,No
8,98.8,48.2,No
6.8,,62.4,Yes
-0.6,52.1,50.2,No
11,89.5,55.7,No
8.7,68,64.3,No
6.5,94.3,78.9,No
17,75.5,74.2,Yes
8.8,92.2,67.1,Yes
10.3,85.1,98.1,Yes
14,101,45.5,Yes
2.6,94.2,56.5,Yes
9.9,48.9,66.6,No
14,,60.3,nan
9.5,73.5,61.9,No
,,78,Yes
7.6,60.5,51.7,No
10.9,83.9,91.6,No
-0.5,83.1,51.3,Yes
3.2,73.5,53.9,Yes
19.9,62.3,82.1,No
12.4,54.6,83.2,No
17.4,124.6,60.1,Yes
14.3,32.6,200,Yes
12,50.2,51.4,Yes
8.5,127,36.4,No
11.9,54.3,79.9,No
17.2,63.7,42.3,No
14.1,88.6,64.8,No
10.8,84.6,93.6,Yes
9.1,83.9,50.8,Yes
12.5,104.9,45.6,Yes
7.3,55.8,50.7,No
12.5,78.5,46.6,Yes
6.5,73.9,48.4,Yes
8.2,57.4,41.9,No
4.9,77.1,79.6,No
7.8,86.2,39.8,No
6.6,86.7,74.8,No
18.5,96.4,40.3,Yes
5.5,74.2,67.3,No
11.9,54.9,78.3,Yes
5.3,47.3,64.5,Yes
,65.8,46.8,Yes
11.4,47.9,64.3,Yes
0.7,150,56.9,No
3,51.4,62.2,nan
5.2,61.9,45.7,No
3.5,110.7,,Yes
10.4,72.5,60.8,No
11.2,106.4,76.4,No
4.7,83.4,80.5,Yes
10.6,62.6,70.2,Yes
7.9,72.5,60.2,No
9.5,42,,Yes
6.9,68.4,,Yes
12.4,48.8,70,Yes
18.2,87,72.8,Yes
13.9,66.3,63,No
17,68.9,64.8,Yes
3,66.6,44.2,Yes
6.6,93,67.1,No
12.8,57.2,,No
17.5,55.9,82.4,No
13.3,81.9,69.8,No
4.9,96.7,60.4,Yes
7.8,81.6,70.9,No
11.7,118.7,93.2,Yes
9.2,56.3,78.1,Yes
6,31.7,56.5,No
8.5,84.7,72.7,No
9.9,71.9,108.5,Yes
4.6,84.4,78.2,Yes
14.9,92.1,63.1,No
7.8,44.5,83.6,No
9.6,69.3,38.1,No
15.2,86.7,49.2,No
9.4,80.1,36.8,nan
14.9,71.5,41.3,Yes
4.9,89.8,65.2,No
12.2,94.9,44.3,No
,34,49.9,No
5.9,106.5,39.3,Yes
9.1,50.5,,Yes
9.2,86.9,46.6,No
11,68.4,,No
12.4,100.1,62.9,Yes
5.4,89.4,85.9,Yes
9.7,86.8,59.6,Yes
18,79.4,78,No
15.3,64.3,68.1,No
14,55.2,74.1,No
9,47.3,,No
20.6,62.5,67.8,Yes
15.1,93.2,70.7,Yes
10.2,55,73.4,No
11.1,99.2,40.8,Yes
7.7,54.5,70.5,No
12,71.7,77.6,No
13,84,63.8,Yes
13.5,95.5,44.7,Yes
9.1,67.7,,No
,84.6,44,Yes
11.2,79.3,39.8,No
13.5,70,,No
5.1,54.2,72.8,No
,83.8,53,Yes
16.7,75.6,71.4,Yes
,68.6,62,nan
8.6,77.3,77.1,No
,86.4,110.8,No
10.8,41.4,51.7,No
,64.1,59.7,Yes
10,55.5,47.3,No
14.1,57,80.7,No
9,59.2,,No
13,97,61.7,Yes
11.2,81.7,58.6,No
11.6,53,,No
13.3,78.7,57.1,Yes
8.5,83.6,59.2,Yes
5.3,67.8,76.8,No
12.4,49.3,78.9,nan
9.3,53.2,67.4,Yes
7.8,43.3,86.6,Yes
12.6,117.8,74.4,No
16.4,40.4,55.6,No
9.2,49.9,78.1,No
10,74.5,79,Yes
4.1,38.5,67.6,Yes
8.9,51.8,60.8,Yes
11.1,77.3,44.8,No
9.9,79.1,57.9,No
8.2,83.2,37.2,Yes
13.6,89.3,59.7,No
10.3,74.2,65.7,Yes
22.9,61.2,81.3,No
11,84.1,57.1,Yes
-3.7,102.8,68.8,Yes
4.4,87.4,82.1,Yes
12.7,,47.9,Yes
6.8,87.3,73.5,Yes
7.1,86.2,40.1,Yes
3.8,50.3,50.7,Yes
7.6,70.3,52.1,Yes
11,86.3,54.6,No
11.9,98.2,54.3,No
4.9,62.1,70.1,No
14,45.9,61.9,No
4,85.2,49.5,No
12.2,70,42.2,Yes
11.7,79.8,75.2,No
5.3,78.8,79.4,No
4.7,78,64.9,No
11.9,66.7,23,Yes
7.2,93.1,,Yes
9,58,54.8,No
13.4,80.3,57.2,Yes
12.4,82.8,84.7,No
5.4,71.1,75.1,Yes
,90.9,76.9,Yes
5.3,65.7,80.9,Yes
14.3,120.9,59.1,Yes
17.7,,59.9,No
5.8,99.8,66.3,No
9.8,92.8,56.5,No
,103.5,,Yes
10.1,76.8,77.6,Yes
12.8,97.5,73.7,No
10.3,104.1,33.8,No
4.7,80.8,62.2,No
10.6,61,82.6,No
15.6,111.6,76.7,No
11.6,75.4,66.6,Yes
18.1,76.6,88,No
1.1,80.4,58.9,Yes
11.9,59.3,61.4,No
6.8,81.8,34.1,No
5.6,82,64.8,No
16.7,,93.1,No
8.7,,64.8,Yes
8.2,70.6,68.2,No
,67.4,62.3,Yes
-0.8,89.5,71.8,Yes
16.8,80.8,55.1,No
19.5,93.6,91.7,Yes
14.6,64.6,81.3,Yes
12.1,97.6,75.6,No
8.9,92.8,82.6,Yes
4.6,70.1,64.6,No
16,61.7,200,No
14.6,86.9,70.6,No
12.3,43.3,82.9,No
11.7,66.7,60.8,Yes
11.5,80.5,60.5,No
7.4,72,66.8,Yes
22.5,53.6,35.3,Yes
,76.8,49.4,Yes
7.9,55,56.4,No
15.6,80.2,82.7,Yes
9.9,67.2,71.1,Yes
9.9,72.2,49.3,No
17.1,58.6,70.1,No
13.4,90.5,66.5,No
13.6,72.1,57.3,Yes
2.9,60.2,,No
12,72.6,100.5,No
5,109.7,38.3,Yes
7.7,81.7,56.7,Yes
10.9,96.5,77.2,No
9.8,42.8,52,nan
13.3,71.1,56.8,No
13.9,55,47.2,Yes
14.2,64.6,68.8,No
3.3,59.7,70.5,Yes
21.8,,48.8,No
9.9,89.3,86.7,No
16.1,,50.5,No
-2.6,65.7,,No
8.7,82.3,45.8,Yes
2.7,92.8,73.3,nan
5.7,95.8,72.7,Yes
10.3,87.7,54,No
8.3,111.3,70.7,Yes
16.6,83.5,70.2,No
18.8,66.1,61.6,No
5.2,58.7,77.4,No
7.6,53.4,51.6,No
4.8,50.8,83.6,Yes
15.8,,73.2,Yes
10.8,106.8,45.9,No
10.2,,73.4,No
11.6,111.6,61.8,Yes
8.4,75.6,56.2,Yes
5.7,,76.5,Yes
10.3,43.4,80.7,Yes
8.7,,30.1,Yes
11.7,,64.2,No
1.8,91.6,63,No
10.9,100.7,57.1,Yes
6.6,81.1,67.9,No
10.8,83.7,80.6,No
,77.4,45.6,Yes
7.2,87.8,53.8,No
16,,54,Yes
1.3,75.2,73.6,Yes
17.7,78.3,56.5,No
16.2,39.4,76.5,No
5.6,83.4,78.8,Yes
5.6,59.4,61.8,Yes
2.5,71,67.8,Yes
14.6,84.5,63,No
8.3,42.7,95.5,Yes
8,84.3,50.7,Yes
4.4,,42.4,Yes
19.1,89.1,25.9,No
5.1,62.2,68.2,No
10.1,97.3,68.6,Yes
11.1,81.1,48,No
8,60.8,53.6,No
7,47.6,79.8,Yes
8.2,64.2,77.3,No
12.8,92.4,,Yes
8.3,,58.2,No
18.1,32.1,57.6,Yes
6.1,68.3,70.3,Yes
13.8,77.5,70.6,No
1.2,113.2,76.9,Yes
6.1,100.8,75.2,Yes
5.9,71.4,53.3,No
4.5,78.6,66.7,nan
11.4,47.7,72.1,No
9.4,22.5,57,No
-1.4,67.1,64.8,Yes
20,95.1,55.2,Yes
10.9,78.6,52.2,Yes
10,60,46.3,No
16.6,93.2,47.7,Yes
14.9,110.9,59.1,No
8.5,45.2,55.7,Yes
0.2,73.9,,Yes
12.8,64.3,54,Yes
5.2,75.9,62.6,Yes
16.2,65.9,68,Yes
6.1,130.8,52.3,Yes
7.7,72.6,59.3,No
3.3,81,24.4,Yes
3.7,78.4,81.1,Yes
,49.9,69.5,No
,79.1,107.1,No
7.6,45.6,63,Yes
20.3,111.1,74.7,No
13,93.1,79.4,No
,63.5,67.7,No
-3.8,71.7,42.6,Yes
,95.5,97,No
25,80.5,61.8,No
9.1,42,59.7,No
5.9,78.4,67.2,No
10.8,96.7,90.1,No
2.8,28.3,77.8,No
12.3,77.8,78.5,Yes
17.5,58.3,61.8,No
6.6,100.3,87.7,Yes
6.8,65.9,61.6,Yes
9.6,63.9,44.4,No
7.5,91.6,64,No
2.4,57,64.9,No
8.1,76.7,50.3,Yes
7.1,,56.1,Yes
16.8,71.1,54.5,nan
15.8,48.9,83.9,Yes
17,57.6,58.5,No
14,72.4,74.6,Yes
11,37.1,76.2,No
5.6,76.7,78.7,No
16.6,69.7,74.9,Yes
11.7,86.4,69.7,No
3.8,88,29.1,Yes
5.4,52.6,,Yes
3.7,64.6,52.2,No
-0.3,56.4,56.1,No
11.9,64.5,55,Yes
3.8,70,67.4,Yes
,97.4,67.1,No
10.2,63.1,42.7,No
9.1,92.7,77.7,No
6.4,80.2,69.7,Yes
17.6,102.7,60.7,Yes
2.4,67.9,65.2,Yes
2.6,58.7,82.6,Yes
12.3,77.9,66.6,No
6.9,42.9,73.6,Yes
6.7,78.2,44.8,Yes
4.6,,63.3,Yes
11.7,97,58.2,Yes
11.1,83.1,56.6,No
10.6,72.1,62.3,nan
7.1,113.8,,No
6.2,74.8,68.1,Yes
9.2,53.8,70,nan
14.8,,28.9,No
17.8,48.1,70,No
15.6,50.3,73.6,No
12.5,79.8,47.5,No
14.9,48.5,74.2,No
4.1,62.7,80.7,No
,51.6,67.5,No
,77.8,61.5,Yes
,60.8,64.9,Yes
11.7,85.6,,No
14.9,84,58.8,No
14.1,,69.7,No
4.5,93.4,86.3,No
10.1,71.6,77.2,No
5.4,50.5,36.8,No
6.1,82.5,50.2,No
1.4,110.2,56.6,No
10.7,71.1,71.9,No
1.1,42,65.8,No
12,93.5,107.8,Yes
,106.5,74.8,Yes
12.7,53.4,71.9,No
10.3,59.1,73.6,Yes
17.7,75.7,67.9,Yes
11.6,36.3,82.6,No
5.7,116.6,61.6,No
10.6,74,48.2,No
19.8,75.8,71.8,Yes
4.5,82.1,80.9,nan
3.1,69.8,67.6,No
13.1,64.7,59.9,Yes
8.9,56.2,103.7,Yes
7.3,51.4,,nan
3.7,83.1,65.1,nan
0.2,102.1,75.5,Yes
2.7,94,63.4,No
18.1,69.2,66.4,Yes
10,71.1,60.7,No
0.2,107.4,74.1,No
15.9,59,68.2,No
16.2,41.6,70.2,Yes
16.1,80,55,Yes
7.9,92.1,72.3,Yes
8.7,25.2,40,Yes
10.7,83,74.1,No
17,52.4,104.4,Yes
7.2,46.6,72.2,Yes
6.2,69.2,64.6,Yes
13.5,51.9,74.3,No
16,39.6,66.1,No
9.7,77.2,90.2,No
13.4,74.1,83.5,Yes
10.6,40.6,62.1,nan
8.7,46.9,50.9,No
5.9,84.3,68.3,Yes
4.2,85.6,68.3,No
6.9,22.1,71.2,Yes
5.1,49.7,81.4,Yes
11.4,73.3,92.5,Yes
16.1,83.5,59.6,No
11,83.2,44.4,No
5.4,87.1,49.6,No
14.3,60.6,54.8,No
11.5,78.6,81,No
12.5,67.1,37.8,Yes
7.4,63.8,67.2,No
15.7,44.8,46.8,No
15.6,80.9,62.3,No
9.1,42,57.8,Yes
13.6,51.6,38.7,Yes
15.5,88.7,73.9,Yes
7.7,71.7,50.7,No
9.6,96,69,Yes
10.4,68.3,93.1,No
4.5,,50.6,No
12.2,97.9,73.6,No
15.1,67,53.9,No
9.3,80.6,41.6,No
11.7,71.8,89.2,Yes
17,77.4,67.7,nan
8,70.6,70.7,No
11.8,92.6,43.9,Yes
7.2,76.4,54.5,No
7,68.4,57.9,Yes
11.7,80.1,64.1,No
11.2,,77.9,No
12.8,95.3,72.2,Yes
10.4,44.9,58.1,Yes
12.3,61.7,53.1,Yes
18.3,65.9,59.2,Yes
15.3,80,62.3,Yes
11.7,107.4,57.9,Yes
12.5,95.6,61.6,No
8.5,45.6,82.2,Yes
9.2,57.3,56.9,No
12.5,47,51.9,No
10.4,49,70.4,No
14,63.2,53.6,No
16.3,101.2,61.6,Yes
,70.1,45.8,Yes
,72.7,66.3,No
20.2,79.6,61,No
6.7,56.2,51.5,No
11,73.6,56.5,No
13.6,79.9,60.3,No
17,124.2,93,Yes
19,93.5,57.8,Yes
8.2,107.9,,No
15.9,75.6,69.6,No
11,85.6,,No
23.7,80.2,68.2,Yes
15.5,39.2,69.2,No
9.1,25.8,81.9,Yes
6,52.5,60.5,nan
-3.1,99.9,81.1,Yes
13.4,67.1,79.3,nan
15,90.6,47.9,Yes
13.7,101.1,48.4,Yes
-1.8,49.3,39.3,No
3.7,104.5,78.8,Yes
12.4,51.8,,Yes
18.9,70.9,82.4,Yes
9.7,53.4,85.5,No
15.5,79.7,97.5,nan
4.8,71.8,74.4,No
11,90.9,76.5,nan
8.6,95,64.5,Yes
15.9,106.6,42.8,Yes
7.3,90,47.6,Yes
18.4,91.3,56.9,Yes
8.5,66,73.7,No
4.7,71.4,58.2,Yes
4.8,81.3,56.8,No
,50.2,91.1,Yes
11.9,97.5,54.1,Yes
7,72.3,47.3,No
5.9,78.9,79.5,No
14.4,44.6,80,nan
-6.1,67.7,80.4,Yes
7.9,92.3,56.1,No
3.3,83.4,56.5,No
5.7,91.6,87.6,Yes
11.2,68.3,60,Yes
9,77.6,68,No
8.5,72.9,87.9,Yes
15.9,88.3,54.7,Yes
9.9,80.2,55.2,No
19,67.3,60.8,No
13.6,23.8,70,No
5.2,78.4,47.8,Yes
19.7,41.4,47.1,No
,88.8,,No
19.4,91.6,75.3,No
8.7,29.3,71.6,Yes
11.4,81,59.8,Yes
12.2,80.5,73.2,No
9.2,82.5,47.3,nan
16.4,50.4,66,Yes
19.7,84.5,64.8,Yes
-1.5,49.8,84.8,No
14.1,88.8,70.7,Yes
5.5,,35,No
-3,,46.1,Yes
12.6,83.5,70.8,No
12.6,56.1,35.9,No
13.4,63.8,64.1,No
11.9,98.3,57,No
14.4,97.5,64.3,No
7,,55.1,No
11.3,62.6,78.5,nan
13.5,63.9,59.2,Yes
16.8,76.2,71.9,nan
10.2,72.3,71.6,nan
8.9,100.8,46.7,No
9.7,105.7,69.3,No
4,111.1,56.4,No
13.8,118.2,70.9,nan
2.7,43.4,48.6,No
12,71.2,60.3,Yes
,61.1,70.8,No
2.2,57,69.9,Yes
2.5,103.2,51.2,Yes
5.7,83.4,69.3,No
8.3,43.2,71.1,No
17.4,126.9,43.8,Yes
9.4,38.7,39.7,nan
12.7,67.9,74,No
16.3,76.8,47.3,No
15.4,52.4,66.5,No
10,86,62.6,Yes
6.5,62.6,57.2,No
12.5,91.5,88.4,Yes
6.6,83,49.5,Yes
19.1,24.9,52.7,No
14.3,44,74.8,No
11,92,69.7,Yes
12.6,83.1,67,No
10.9,54.5,69.2,Yes
8.2,150,56.4,No
,73.2,49.1,Yes
8.8,,88.5,No
19.7,,47.9,No
6.5,55.4,35.2,Yes
12.5,75.6,54.1,Yes
6.1,108.4,77.1,Yes
6,71.3,34.7,No
1.1,81.4,52.3,No
12.1,55.9,78.6,No
7.3,64,,No
15.4,56.5,67.7,No
12.1,100.6,,No
10.7,61.7,65.9,Yes
,60.1,74.3,No
12.9,57.8,46.1,No
6.7,82.6,78.7,Yes
2.8,86.6,47,No
12.2,35,57.8,No
3.7,,59.7,Yes
-0.5,81,71.3,No
16.5,103.1,41.4,No
7.2,50.5,89.3,No
1.3,52.6,60.8,No
5.2,87.8,76.9,Yes
6.4,73.8,46.5,Yes
15.7,102.6,57,nan
1.7,97,31.1,Yes
3.3,80.6,77.5,Yes
,73.7,49.6,Yes
7.8,71.9,47.6,No
11.1,74.4,73.1,Yes
7.5,76.2,,Yes
20.1,103.4,61.6,No
3.6,34.3,91.7,No
11.4,66.6,49.9,No
17.5,79.1,51.6,Yes
8.1,62.9,78.9,No
6.2,69.3,47.1,Yes
13.8,66.2,86.4,No
15,101.1,81.4,No
6,66.5,72.8,No
17.3,,50.5,No
10.3,90.6,63.5,No
12.5,64.3,60.9,Yes
17.4,71.6,66.3,Yes
13.8,52.9,69.7,Yes
10,66.9,57,Yes
6.6,74.3,,No
23.5,49.7,75.9,No
6.1,73,99.8,Yes
11.6,85.3,46.7,No
12.5,35.2,76.3,No
12.8,62,72.9,Yes
20.6,126.1,72,Yes
10.2,70.9,68.6,No
9.5,97.8,56.8,Yes
17.8,74.4,67.2,Yes
9.3,68.4,60.6,Yes
14.4,93.7,73.3,Yes
11,98.9,71.9,Yes
14.6,57.2,28.8,Yes
13.6,53,,Yes
8,47.6,68.5,Yes
0.8,57.4,80.8,nan
1.6,97.7,65.1,Yes
0.8,75.6,58.8,No
9.5,98.7,79,No
-1.8,54.3,53.8,Yes
9.2,54.9,42.1,No
10.7,67.2,,No
14.3,80.9,84.6,Yes
12.5,72.2,59.7,No
14.5,89,53.8,No
12.1,83.3,83.1,Yes
-1,84.8,72.7,Yes
9.5,,60.9,No
5.7,96.9,68.8,No
11.1,25.8,50.2,No
,74.8,69.9,No
15.3,91.9,35.4,Yes
5.2,125.5,52.1,No
10.8,73,62.6,Yes
11.6,,67.4,Yes
15.8,103.5,59,No
1.6,50.6,79.6,No
8.4,84.2,67.7,Yes
12.7,85.8,57.9,No
18.8,77.5,61.9,nan
9.8,32.3,74.6,No
7,67.7,70.8,Yes
20.1,43.6,60.3,Yes
14,84.1,86.9,No
16.9,57.3,51,Yes
4,32.5,87.7,Yes
12.6,,43.5,No
4.6,49.7,46.4,Yes
3.5,77.7,48.1,No
12.9,60.3,82.9,No
13.3,92.4,56.2,No
7.6,91.5,60.6,Yes
17.2,79.8,44.1,Yes
8.2,,57.3,Yes
8.7,66.2,61.4,No
9.8,,73.8,Yes
8.8,63.2,70.2,No
16.4,84.6,55,Yes
4.8,114.1,44.7,Yes
6.2,86.4,,Yes
4,89.3,92.1,Yes
19.4,72.8,69.7,Yes
8.4,,48.3,Yes
6.2,32,41.8,Yes
8.6,60.6,50.1,Yes
14.2,89.1,60.4,Yes
13.3,,83.1,Yes
7.1,64.1,25.2,No
8,48.8,,No
2.7,73.6,,Yes
10.7,66.3,75.4,nan
16.4,93.8,68.5,No
7.1,89.1,96.9,Yes
13.2,106,67,Yes
7.1,97.2,88.9,Yes
,69.5,52.2,No
13.4,82,,Yes
21.7,115.7,35.5,No
12.7,67,67.4,Yes
7.9,78.5,61.1,No
8.3,74.9,71.1,Yes
19.5,75.3,62.5,Yes
,57.5,,No
6.2,101.2,61.3,Yes
9.7,,,Yes
11.1,112.2,89.4,No
12.3,107.8,91.4,No
17.6,80,71,No
16.4,75.1,67.1,No
11,59.5,71.2,No
9.8,,89.4,Yes
12,96.6,66.5,Yes
7,61.3,67.3,No
14.9,104.4,,Yes
9,95.5,53.3,No
12.5,72.9,73.6,No
18.6,90.9,51.5,No
12.8,56.7,69.8,No
11.2,72.9,60.7,Yes
7.4,119.3,55.4,No
9.6,98.9,52.3,No
4.3,85,101.2,Yes
12.7,76.4,73.1,No
-0.7,73.5,,No
14.8,74.4,102.4,Yes
13.7,59.5,67.2,nan
10.5,88,54.2,Yes
7.3,95.9,62,No
9.9,70,89.1,Yes
1.1,84.3,54.3,No
14.1,60.4,58.8,Yes
9.2,73.7,73.4,No
,58.1,61.5,No
12,70.5,85.6,No
11.2,77.4,53.5,No
12,87.1,54.7,No
5.1,62.7,59.5,No
7.7,,61,nan
10.7,55.9,70.2,Yes
8.5,81.3,62,nan
7.1,119.2,54.2,Yes
8.6,67.6,72.5,Yes
-1,48.3,53.2,Yes
21.6,92.9,77.6,No
8.4,80.7,36.2,No
6.6,84.2,68.7,No
9.2,100.4,64,Yes
,60.8,70.7,Yes
17.9,61.4,72.6,Yes
19.7,85.9,65.5,No
10.3,95.8,96.2,No
13.2,79.7,74.7,No
4.7,73.6,92.6,Yes
8.2,81.5,,Yes
4.4,89.7,55.9,Yes
12.4,46,33.9,Yes
10.2,55.2,70.6,Yes
11.1,73.2,74.6,No
5.8,88.8,46.2,Yes
14.3,118.4,65.6,nan
-2,,44,Yes
8.7,79.9,77.5,No
9.5,61.7,75.1,No
-0.1,88.1,37.5,No
,53,43,Yes
,74.8,34.2,No
12.8,56,70.5,Yes
20,32.8,70.7,Yes
11.6,128.9,78.1,Yes
14.9,91,48.6,Yes
16.9,91.2,58.2,No
12.5,93.2,53.4,Yes
5.7,103.5,51.2,No
1.8,78.2,50.9,No
11.9,92.4,45.7,Yes
8,65,70.8,No
16.4,71.6,86.9,Yes
7.6,44.3,,No
9.9,79,58.9,nan
,64.4,63.4,No
,72.3,70.9,Yes
-1,91.6,67.3,Yes
5.7,81,51.5,No
9.7,95.6,71.7,Yes
7,63.2,72.7,No
23.1,82.6,50.9,Yes
14.2,62.2,66.8,No
15.4,71.5,61.7,No
9.4,68.9,72.1,Yes
10.5,54.7,55.1,Yes
7.9,66.7,93.9,No
23.1,86.5,,No
9.5,56.7,92.2,Yes
7,61.7,52.5,No
6.2,99.9,73.3,Yes
11.7,103.4,48.7,Yes
17.1,91.6,53.7,No
15.4,109.2,51.5,Yes
6.2,102.3,57.2,Yes
6.1,73.2,50.7,Yes
16.2,114.8,97.4,Yes
20.5,106.2,80.4,No
9.3,73.6,60.7,nan
16,80,79.9,Yes
2.7,61.8,98.9,No
5.8,73.1,80.8,Yes
5,43.9,87.8,Yes
12.1,63.3,83.8,Yes
,90.9,86.8,Yes
11.2,54.5,79.8,Yes
16.1,,49.5,No
6.7,86.2,88,No
10.5,69.2,65.9,No
3.3,98,69.8,No
15.8,98.9,34,nan
15.5,62.6,,Yes
,,83.7,No
10.6,75.9,79.9,No
7.5,,77.1,nan
3,107.7,43.4,No
,66.8,68.6,No
13.8,93.2,200,No
20.1,45.1,75.9,No
8,59.5,63,Yes
11.4,53.3,53.5,No
,50.1,55.6,Yes
15.7,64.7,26.8,Yes
6.9,82.3,60.8,Yes
8.6,105.7,62.6,Yes
7.4,71,44.1,Yes
5.5,76.6,57.5,No
17.4,81.8,104.7,Yes
10.3,60.4,52.7,No
9.6,74.5,80.2,Yes
11.2,116.8,65.5,Yes
10.3,82.8,68.2,No
8.9,116.7,200,Yes
6.2,75.5,29.8,Yes
17.8,62.6,73.7,Yes
7.1,95.9,49.7,No
5.3,100.3,75.2,No
9.6,65.1,70.6,No
20.8,82.3,39.7,No
,73.7,88.1,Yes
13.5,47.4,76,Yes
8.8,48.5,67,No
11.2,70.9,99,No
14.6,,53.1,Yes
1.4,92,61.9,No
5.5,56.7,81,Yes
14.5,52.6,78.5,Yes
10.5,57.5,72.5,Yes
11.1,55.8,,nan
13.6,57.4,70.4,Yes
5.6,34.5,109.2,No
15.3,26.1,82.6,No
14.1,23.8,75.9,No
11.2,44,115.8,Yes
12.3,98.3,82,Yes
15.8,147.1,74.2,No
,115.4,60.8,No
13.3,80,58,Yes
18.7,,47.1,Yes
13.2,66.4,63.9,Yes
8.9,77.8,56.5,Yes
21.6,116.3,62.7,Yes
11.2,55.2,68.8,Yes
17,75.1,56.7,No
7.9,76.9,79.2,Yes
15.3,73.2,62.3,Yes
7.3,34.8,,Yes
11.6,69.5,76.2,Yes
7,48,66.6,Yes
19.5,120.8,48.6,Yes
8.9,86.4,42.6,No
4.5,97.3,200,Yes
10.5,57.3,89.1,Yes
12.7,150,72.6,No
9.9,115.8,74.2,No
5.9,95.5,62,Yes
15.2,83.4,70.4,No
16.3,101.9,77.3,Yes
1.8,114.2,62.5,No
5.6,105.4,44.1,No
9.2,96,53,Yes
7.3,97.9,53,No
12.6,68.4,102.6,Yes
19.2,78.9,69.7,Yes
8.1,88.6,61.3,Yes
17.9,81.4,44.8,nan
2.7,85.1,77.2,No
12.3,72.2,72,No
7,20.4,67.1,Yes
12.4,88.5,71.9,No
1.2,77.2,47.9,No
3.6,77.5,65,Yes
12.4,119,66.6,Yes
6.8,82.1,76.6,Yes
8.4,58.9,79.8,Yes
19.2,88.8,24,No
,76.7,,Yes
14.5,97.3,,Yes
6.2,63.1,,No
3.3,58.7,49.3,Yes
9.6,64.2,64.1,Yes
2.5,40.4,74.9,No
6.5,66.2,74.2,No
11.2,106.8,46.5,No
9.4,60.5,48.4,Yes
11.7,47.9,33,No
13,64.4,58.2,No
4,79.4,52.5,No
5.3,,32.9,No
-0.9,76.4,71.6,Yes
8.1,80,61,Yes
13.7,75,73.7,Yes
17.5,73.2,70.5,Yes
11,110.3,77.3,Yes
16.9,78.5,60.2,Yes
11.9,59.2,64.9,Yes
10.5,90.1,62.3,Yes
6.9,73.8,79.3,No
-1.9,76.4,75.7,Yes
16.1,95.3,72.3,No
9.7,101.8,44.8,No
16.9,52.2,,No
5.3,109.6,57.9,No
22.1,73.7,60.5,Yes
8.8,73.8,90.1,Yes
6.5,54.8,66.4,Yes
8.9,89.9,59.4,Yes
10.9,46.6,75.9,Yes
9.7,85.8,49.8,Yes
7.4,108,39.6,No
1,68.7,54,Yes
6,96.6,91.4,No
15.4,76.6,51.9,No
5.6,47.2,59.7,No
1.4,77.4,67.6,Yes
,71.3,73.6,Yes
9.6,92.9,70.5,Yes
6.2,67.7,51.4,No
,85,88.4,Yes
6,53.9,63.3,No
15,83.6,,No
12.5,75.5,47.7,No
21.1,72.4,71.8,No
8.1,75.6,74,No
8.6,69.2,53.3,Yes
15.9,77.8,75.9,No
12,71.1,43.8,No
,55.5,49.6,Yes
12.8,49.1,75.6,No
12,65.1,,No
1,68.7,75.7,Yes
6.7,14.9,48.9,No
-1,75.4,76.4,Yes
17.2,119.1,38.5,No
13.5,88.8,60.4,No
7.2,71.6,72.9,Yes
6.5,58.7,93.2,No
,41,53.2,Yes
-2.1,92.8,37.7,No
6,83.5,47.8,No
17,50.3,74.2,No
11.5,94.3,94.2,No
6.2,,55,Yes
4,61.6,79.4,No
14.2,69.2,66.3,Yes
10.4,80,71.7,Yes
8.9,86.1,61.5,Yes
11.9,53.1,48.8,Yes
10.8,86.3,84.4,Yes
10.4,76.2,,No
3.4,97.2,53.3,No
4.9,90.3,67.9,No
13.7,76.2,63.1,Yes
12.8,93.3,95.8,No
11.9,44.8,66.5,Yes
7.1,67.5,65.1,Yes
13.8,55.5,80.3,Yes
8.1,63.9,65.6,Yes
16.5,63.6,74.8,No
6.3,49.7,70.3,Yes
7.4,94.1,79.8,No
9.2,90,81,Yes
14.2,62.9,51.9,No
9.8,28.7,48.6,Yes
10.2,64.9,47.6,Yes
8,74,70.8,Yes
11.3,102.1,86.9,Yes
9.6,63.7,38.5,No
6.1,94.6,92.9,Yes
10.6,,200,No
10.8,86.4,47.1,nan
21.7,91.2,59.6,No
6.9,86.6,51.2,Yes
5.8,55.9,83.5,No
11.4,67.7,76.2,No
5,86.7,60,Yes
4.6,43.4,64.7,No
2.8,90.8,76.9,Yes
6.1,50.7,61.1,Yes
6.3,48,52.7,No
,64.3,63.3,No
8.7,61.3,69.6,No
-1.8,78.6,49.3,No
12.5,80.3,60.5,Yes
,76.4,64.2,No
8,55.3,65.3,Yes
,99.2,84,Yes
11.9,76.3,73.4,Yes
6.9,93.6,72.3,No
12.3,29.1,48.4,Yes
17.7,85.7,57.6,Yes
4.9,63.5,69.1,Yes
13.8,90.2,64,Yes
4.4,110.7,77.9,Yes
15.9,51.6,74.9,No
6.4,92.2,34.1,Yes
6.2,,68.6,Yes
15.7,37.6,72.2,No
13.6,93.5,34,Yes
6.6,111.4,,No
10.6,117.2,106.3,Yes
,,57.4,Yes
2,46.1,57.9,No
,70.9,,No
8.2,72.8,80.5,No
5.3,96.9,78.8,nan
16.5,74.5,52.9,No
5.4,33.5,69.9,Yes
10.7,87.6,59.4,Yes
15.4,76.4,56.3,No
8.7,93.1,77.9,No
6.3,80,101.3,Yes
11.5,88.8,61.8,Yes
12.3,75.3,56,No
14.4,80.7,48.6,No
,56.6,81.9,No
7.7,82.1,97.6,Yes
11,71.3,42.5,Yes
3.7,84.8,60,No
13.3,51.4,32,No
10.9,103,74.5,Yes
9.1,80,200,No
6.9,90.9,50.4,No
8.3,75.1,55.7,Yes
11.2,87.1,44.8,Yes
5.2,30.1,83.2,No
8.5,72.8,76.9,No
10.1,59.1,85.3,No
2.3,67.8,57.1,Yes
4.7,95.2,70.7,nan
6.7,43,71.7,No
,89.8,72.5,Yes
5.8,84.2,57.8,Yes
9.7,100.6,73.9,Yes
4.8,33.5,78,Yes
6.1,86.8,,No
2.8,80.1,68.7,Yes
13.4,73.9,92,No
3.4,103.9,76.7,Yes
14.5,32.8,53,Yes
12.3,77.5,60.2,No
9.6,95.4,89.8,nan
14.7,42.5,105,No
25.5,86.9,56.4,Yes
12.4,81.5,73.2,No
4.4,32.4,70.9,Yes
17.4,96.9,72.1,No
10.9,,52.9,Yes
20.6,106.6,73.7,Yes
7.5,86.5,53,Yes
16.4,81,38.6,Yes
10,95.3,77.6,No
23.3,92.9,92.6,No
8.6,35.8,59,Yes
25,40.9,65.2,Yes
12.2,72.1,51.4,Yes
14.2,53.5,67.8,Yes
18.5,108.2,63.1,Yes
6.1,55.2,52.2,No
14.8,76.8,56.1,No
8.5,86.7,35.1,No
10.8,123.9,39.4,Yes
10.4,98,,Yes
12.9,61.8,54.6,Yes
12.7,85.5,60.3,No
7.1,89,70.2,No
10.6,87.4,79.7,No
-1.7,55.4,43.3,No
15,,80.1,Yes
18.5,50.5,60.2,No
11,88.6,74.7,No
2,57.4,74.7,Yes
13.7,82.8,68.5,No
6.2,,71,Yes
10.9,48.9,75.4,No
13.4,25.5,102.8,Yes
12.7,92.7,107.3,Yes
15.4,63.8,60,nan
10.7,77.8,86.4,No
10.9,111,65.9,Yes
13.7,87.5,74.4,No
9.6,17,54.5,No
6.6,50.5,82.8,nan
12.3,38.2,74,Yes
4.4,58.3,83.5,No
9.6,69.6,55,No
3.1,126.1,24.4,Yes
7.2,95.1,,Yes
7.4,82.1,55,Yes
5.1,,,Yes
15.5,84.5,93.4,Yes
15.1,40,49.8,No
16.6,46.8,73.7,No
9.1,84.1,96.4,Yes
7.8,75.1,69.7,No
14,81,96.8,Yes
10.6,107.1,66.4,Yes
10.6,61.2,80.9,No
-2.7,67.6,63.2,No
13.8,79.9,53.6,No
13.1,41,68.3,Yes
10,45.5,31.2,Yes
14.1,102.3,50.7,nan
13,69.1,62.3,Yes
6.5,65.2,70.7,Yes
8.9,79.8,91.4,Yes
5,41.6,60.9,No
17.3,68.9,54,No
14.9,63.5,69.3,No
5.9,82.3,55.3,No
13.1,32.8,40.4,No
11.4,59,54.8,No
6.6,65.8,48.4,Yes
10.6,65.3,76.5,No
14.3,96,,No
14.7,59.3,76.4,Yes
,136.5,54.8,No
10.5,89.9,,No
8.8,65.3,73.5,Yes
12.8,87.1,54.8,Yes
9.1,89.5,50,Yes
7.1,68.8,76.4,No
5.4,98,52.1,Yes
-7.1,55.5,43.4,No
13.7,86.7,52.2,No
1.8,72.9,54.9,No
5.6,80.8,81.1,Yes
11.5,79.6,36.1,Yes
8.4,75.4,87,No
20.7,,53,No
2.5,63.3,68.8,No
21.2,59.2,77.2,Yes
16.9,73.2,61.5,Yes
14.5,101.1,50.3,Yes
17.2,75.8,91.4,No
12,73.6,,Yes
1.5,63.9,58.9,Yes
12.6,65.3,95.2,Yes
2.6,96.4,58.2,nan
7.4,73.8,33.6,Yes
9.6,80.1,89,Yes
5.4,61,48.7,No
14.7,90.5,94.4,nan
8.9,99.5,67.9,No
12,56.4,,Yes
10,57,45.3,No
10.6,58.1,73.4,No
,95.7,49.7,Yes
4.1,,73.3,No
9.2,68.1,66.7,No
,55.3,84.9,No
17,108.8,52,Yes
3.1,64.4,45.7,No
21.7,108.3,55.8,Yes
11.5,74.5,70.2,No
,65.1,86.8,Yes
7.3,91,57.8,No
13.3,74.2,61.9,Yes
9,103.2,67.2,Yes
11.5,70.7,51.9,Yes
14.2,66,,No
13.3,,63.8,Yes
16.2,99.9,77.7,Yes
12.7,80,60.4,No
5.2,60.3,78.1,Yes
-0.4,46.3,41.1,No
11.1,79.2,63.6,Yes
11.1,56.2,32.3,Yes
19.6,39.6,70,Yes
9.4,,50.7,Yes
11.9,50.4,76.8,Yes
13.9,39.3,18.2,No
12.6,72.3,80.7,Yes
14.2,69,42.9,Yes
5.9,57.5,56.4,No
5.1,79.4,50.8,No
8.6,69.1,75.9,Yes
-0.9,119,68.4,Yes
9.8,71.1,77.5,Yes
6.7,49.5,70.9,Yes
11.6,,57.7,No
8.7,82.7,50.3,No
4.9,68.3,73.6,No
16.6,41.7,72.9,No
10.4,105.9,54.5,Yes
-1,49.8,50.5,No
10.9,92.7,69.7,No
12.3,99.7,84.6,No
3.2,68.8,65.2,No
16.4,92.6,61.5,No
,94.3,60.9,No
9.9,53.6,43.3,Yes
11.4,104.4,82.6,Yes
15,81.6,61.6,Yes
8.1,31.7,52,No
2.1,79,39.7,No
8.2,63.8,76.3,Yes
10.8,83.9,77.3,Yes
9.8,62.2,67.5,Yes
16.6,62.3,74.3,Yes
5.2,54.3,62.9,nan
5.8,79.5,47,No
4.7,85.4,84.1,Yes
12.1,74.9,77.9,No
2.4,69.1,51.7,No
13.7,76.9,78.8,Yes
5.3,96.1,81.8,No
6.1,54.2,66.4,nan
18.9,48.3,57.8,No
16.2,51,,No
10.6,42.2,66.3,Yes
3.4,54.7,55.8,No
20.1,97.8,,Yes
9,41,77.3,Yes
11.2,70,69.3,No
14.6,88.3,60.9,Yes
0.2,75.2,84.6,Yes
6.8,92.4,55.4,No
9.7,63.4,72.9,No
10.7,65.1,56.3,Yes
3.5,67.2,87.2,Yes
11.6,86.1,58,No
10.2,129.6,60.3,No
18.3,74.8,61.8,Yes
15,70.3,52,No
8.7,55.7,93,Yes
9,109.8,74.8,Yes
15.1,67.3,66.7,No
11.4,62.6,57,Yes
3.1,70.8,73.4,Yes
20.5,111.5,48.7,Yes
5.1,63.8,45.4,Yes
22.4,74.5,53.3,No
12.1,24.7,76.9,Yes
6.8,94.6,77.9,No
-1.8,69.3,66.6,No
13.9,93.2,61.9,Yes
,87.7,64.4,No
11.8,78.2,75.1,Yes
19.7,66,34,Yes
4.3,76.3,71.2,Yes
13.7,48.2,76.5,No
5.9,79.5,76.4,Yes
15.7,86.1,69.8,No
10.3,76.6,73.4,No
9.9,75.7,88.8,Yes
16,62.9,55.2,No
13.1,71.8,64.3,No
6,53.1,62.1,No
18.9,64.1,82.7,Yes
2.3,116.3,60.1,nan
,76.8,51.8,No
5.9,84.7,54.5,No
2.6,74.5,42.1,Yes
4.3,76.3,61.8,Yes
9.8,77.7,63.4,Yes
11.7,70.2,45.4,Yes
15.3,86.9,55.9,No
17.4,60.7,59.5,No
11.4,45.3,77.8,Yes
7.8,78.9,52.3,No
15.2,97.4,200,No
6.9,62,60.3,No
2,90.7,76.2,No
14.7,88.4,62,Yes
,106.2,71.8,Yes
5.9,112.3,53.9,No
19.8,86.6,70.1,No
,72.6,73.1,No
12.2,42.7,51.3,Yes
7.4,94.5,,Yes
15.1,97.6,34.6,No
2.4,69.9,72.4,No
8.3,82,53.4,Yes
,54.5,61.2,Yes
3.5,63,62.3,Yes
14.3,48.6,72.2,No
11.7,80.4,56.4,No
14,67,62.5,No
8.6,100,83.3,No
14.9,79.7,88.7,Yes
10.4,82.1,73.3,No
7.6,75.2,83.5,No
6.8,106.6,70.1,No
0.1,104,62,Yes
15.8,71.6,75.5,Yes
15.3,81,56.7,No
24.6,103.3,50.5,Yes
8.3,51.5,52.1,No
6.7,81,49.2,No
1.5,68,68.5,Yes
14.8,104.5,66.3,No
13.6,85.6,29.7,No
17.8,40.2,61.1,No
5.4,66.7,77.9,Yes
13.6,103.1,88.2,nan
7.4,92.8,80,Yes
16.7,54.2,44,Yes
12.7,55.4,68.4,Yes
2.2,76.6,62.8,Yes
9.3,73.9,84.9,Yes
0.3,,45.4,Yes
4.2,66.9,70.8,No
4.5,63.2,,No
6.8,120.1,,Yes
8.7,,59.6,Yes
10.8,61.8,48.5,Yes
10.6,85.1,74.9,Yes
9.9,73,69.3,No
11.7,56.6,77.8,Yes
3.8,70,53,Yes
10.4,73.8,61.7,No
17.2,83.6,61,Yes
9.2,81.3,,Yes
12.5,54.7,69.2,No
12,87.2,,No
14.3,92.8,67.4,Yes
11.4,,37.1,nan
14.2,59.5,73.2,No
12.5,71.5,41.1,No
13.3,79.4,74.5,No
12.2,80.2,54,Yes
5,74.1,73.1,Yes
4.1,46.4,79.1,Yes
,95.2,50.3,nan
17.8,55.2,83.6,No
9.1,102,49.3,nan
,98.4,67,No
0.2,52.7,52.9,Yes
11,82,39.5,Yes
10.4,102.2,68.9,Yes
-3.4,86.8,79.4,Yes
11.5,41,,nan
1.7,74.3,76.3,Yes
6.4,91.7,49.1,No
15,108.6,73.6,Yes
10.8,72.3,20.5,No
7.8,41.7,83.6,No
,118.8,56.5,Yes
7.9,72.6,47.3,No
10.8,103.9,56.4,Yes
4,69.8,93.3,Yes
15.6,86,71.8,Yes
4.3,61.3,61.9,Yes
1.4,,104.3,Yes
15,,75.2,Yes
7.8,93.8,70,No
10.4,74.4,81.6,No
13.3,93.7,83.5,Yes
6.4,61.4,55.6,Yes
10.7,75,48.9,No
13.2,77,50.2,Yes
18.2,59.8,66,No
7.4,,63.8,nan
7.7,37.2,55.7,No
12.8,55.6,51,Yes
11,111.6,83.6,No
9.3,39.5,56.2,Yes
18,74.3,48.1,No
1.6,78.1,59.7,No
2.9,70,51.6,Yes
1.6,92.5,53,Yes
16,,64.8,Yes
12.6,94.1,73.5,nan
3.1,86,,Yes
,47.9,91.5,No
9.9,98.2,45.6,Yes
-1,68.7,62.1,Yes
10.9,39.2,72.2,Yes
4.1,84.4,71,Yes
13.5,69.3,55.9,No
4.3,107.6,,Yes
11.1,96.9,50.9,Yes
,57,56.1,Yes
14.9,94,59.9,No
12.5,61.1,55.3,Yes
9.6,41.9,86.7,No
2.5,62.7,71.9,No
7.8,48.4,72.6,No
8.9,,56.4,No
8.5,113.6,104.1,Yes
-1,76.6,45.6,No
12.2,84.2,78.1,Yes
4.1,54.9,94.3,No
17.7,64.2,71.3,Yes
10.7,85.9,68.1,No
14.9,73.6,60.1,No
14.8,60.6,74.6,No
20.4,95.1,,No
10.9,77.8,89.8,Yes
8,116.1,56.5,Yes
8.1,88.2,54.1,No
,52.3,50.7,Yes
,77.3,88.7,Yes
5.6,50.9,72.7,Yes
11.2,115.1,86.2,Yes
9.2,55.2,60.3,No
14.8,97.3,43.7,Yes
3.3,94.1,80.9,No
9.7,61.3,78.5,No
9.1,81.6,54.7,Yes
4.6,80.1,50.3,No
14.4,91.7,54.7,Yes
9.5,78.5,61.6,Yes
9.3,,66.8,No
5.9,86.2,72.3,Yes
8.2,,58.9,No
4.9,56.4,96,No
14.3,,95.6,Yes
15.2,86.8,69.5,Yes
18.4,82.5,70.1,No
12.2,83.6,56,Yes
8.3,101.4,82.9,Yes
7.7,92.5,68.2,No
12.5,100.9,44.2,No
11,90.7,56.1,No
,77.9,66.1,No
8.7,50.4,81.7,Yes
15.9,105.8,29.2,No
7.8,70.8,70.6,No
16.7,62.9,64.8,nan
10.9,87.7,57.4,No
8.2,38.3,58.6,Yes
6.1,60.2,80.2,Yes
9.2,62.4,64.9,No
12.5,61.8,28.3,Yes
8.1,113.7,64.1,No
14.3,73.4,73.3,No
7.9,62.2,55,Yes
9.4,74,38.8,Yes
3.6,92.1,82.8,No
12.8,36.9,58,No
8.7,77.3,68.3,Yes
17.9,,35.9,No
13.5,80.4,82.8,No
10.4,52.1,46.1,No
,71.4,85,Yes
12,72.3,55.4,Yes
15,49.6,71,Yes
5.7,112.3,77.8,Yes
12.3,83.3,46.2,Yes
12.5,93.4,73.7,No
-1,67.9,75.2,Yes
17.5,79.3,37.5,Yes
4.2,51,57.9,No
3.5,62.2,,No
-4.2,57,33.3,No
12.4,80.9,61.5,Yes
1.8,109.1,60.4,No
7.4,93.1,54.5,Yes
14.2,111.2,51.9,No
11,90.9,40.4,Yes
6.9,83.4,65,No
2,56.6,74.1,nan
9.5,150,70.4,Yes
14.3,65.5,40,Yes
13.5,91.6,76.2,Yes
18.9,47.8,80.5,No
6.7,72.8,100.6,No
3.4,75.3,54,Yes
11.5,110.7,74.5,Yes
11.1,54.5,89,Yes
10,98.4,74,No
6.3,91.5,110.7,No
-3.3,69.9,61.1,No
5,83.2,58.1,Yes
12.8,70,37.5,No
11.4,75.3,64.2,No
14.8,90.1,65.7,Yes
,125.9,69.5,No
13.7,94.3,73.1,No
13.8,80,62.3,Yes
10.1,103.5,69.7,Yes
10.1,46.6,61,Yes
-4.5,66.9,73.7,No
6.7,76.3,44.8,Yes
,54.2,54.6,No
9.5,64.2,69.9,No
5.3,41.9,76,No
14.7,49.4,62.9,No
5.6,70.1,59.8,No
15.5,56.2,61.6,Yes
5.2,83.4,51.9,Yes
7,80.4,61.5,No
6.6,82.1,80.8,No
7.5,,63.4,Yes
15.9,96.6,60.8,Yes
8.4,85,62.2,No
8.5,79.5,92.2,No
6.3,79.7,78,Yes
8.7,70.8,77.9,No
11.1,101.4,73.1,No
8.9,97.8,73.4,No
9.2,67.7,78,No
15.1,78.3,,Yes
11.4,67.1,68,No
4.2,124.3,68.2,Yes
,69.9,,No
7.3,98.9,67.3,Yes
12.6,128.6,80.5,No
10.5,81.3,59.8,Yes
15.7,40.2,44.4,Yes
6.3,105.2,45.6,No
9,64.8,90.8,No
4.7,61.3,107.6,Yes
9.8,110.6,65.8,Yes
2.3,49,,No
11.6,103.7,70.3,No
9.7,70.5,55.1,No
10.8,37.9,95,Yes
13.9,92.7,53.5,No
11.1,30,,No
3.6,74.1,67.1,Yes
7.2,42.3,75.4,Yes
9.6,68.4,64.4,No
8.4,88.9,86.2,Yes
9,83.5,66.3,No
18.1,79.2,59.4,Yes
10.5,95.2,104.9,No
11.9,75,71.1,No
0,70.7,55.2,No
,80.7,49.2,No
24.3,61.8,48,No
16.7,92.3,20.6,No
7.8,76.4,,No
21.4,89.3,63.1,Yes
10.1,71.5,76.3,Yes
11.5,85,68.2,No
8.7,88.3,28.9,Yes
8.5,34.6,61.4,No
-1.2,45.8,62.7,No
,63.8,86.4,Yes
8.5,,79.3,Yes
9.1,100.5,62.5,No
11.4,,64.5,Yes
7.9,,53.7,Yes
11.3,105.8,51.4,No
16,102.5,53.7,nan
12,54.8,61.9,No
9.2,99.7,66.7,Yes
9.4,77.1,60.8,Yes
11,64.7,70.1,Yes
5.8,69.1,58.4,Yes
11,62.5,75.4,Yes
13.4,77.8,94.5,No
10.4,73.3,83.8,No
7.9,99.7,49.5,No
8.6,113.7,56.4,Yes
13.3,66.9,83.9,Yes
4.5,49.1,40.5,No
5.9,88.4,60.6,Yes
2,93.8,65.7,Yes
10.2,82.6,60.9,Yes
14.3,44.2,61.7,No
16.7,59.2,69.9,Yes
,77.9,65.9,Yes
6.5,62.7,52.8,No
11.3,,91.2,No
8,117.9,64.8,No
18.2,,70.5,No
16.5,99.1,,Yes
10.8,83.3,,Yes
,87.2,53.6,No
-7.2,97.8,46.3,No
2.8,61.2,75.2,Yes
0.7,69,51.3,Yes
2.8,84.5,60.6,Yes
19.4,38,91.7,No
3.5,108,84.3,Yes
4.7,,53.5,Yes
5.4,56.2,71.4,Yes
23,96.9,43.6,No
9.7,76.8,84.3,nan
15,60.6,66.3,Yes
10.9,93.9,82.5,Yes
0.1,28.5,69.2,Yes
17.7,83.4,58.8,Yes
12,101.2,60.9,No
9.4,58.3,59.2,No
18.8,49.4,71.7,No
8.3,83.5,53.5,No
9.3,61.5,65.2,No
8.3,120,66.8,No
15.4,64.4,41.2,Yes
14.1,71.1,48.4,Yes
11.4,85.4,39.8,nan
4.7,38.6,60.6,Yes
8.1,76.2,63.6,No
4.7,97.4,76,Yes
15.8,73.4,51.9,Yes
2.1,52,45,Yes
18,,56.9,No
16.4,36.7,,No
5.4,69.2,90.7,nan
7.9,97.2,66.5,Yes
6.4,62.5,49.5,nan
,89,71.1,Yes
17.1,45.4,66.6,Yes
15.9,112.6,65.5,Yes
7.8,97.6,44.9,Yes
16.3,65.2,70.9,No
15.9,48.5,58,No
9.1,64.8,57.8,Yes
10,80.6,78.5,No
17.7,96.7,73.7,Yes
15.3,32.8,47.9,No
16.1,99.1,87.5,No
22.9,80.1,80.7,Yes
12.7,51.7,52.4,Yes
11.6,24,32.2,Yes
16.8,77.7,70.3,No
19.9,79.4,69,Yes
6.9,62.7,51,Yes
9,93.2,92.4,No
4.9,115.7,,No
11.7,67,64.5,No
14.4,60.1,70.1,No
5.3,109.3,83.4,No
15.7,70.6,69.3,No
7.7,88.2,66.2,No
7.3,62.9,43.3,No
15.6,97.8,,No
6.9,50.1,85.2,Yes
3,77.9,55,Yes
13.7,80.9,67,Yes
9.3,71.3,18.8,No
16,62.3,86.4,Yes
14.2,110.9,63.4,Yes
1.3,,62.6,Yes
16.6,57.7,72.8,Yes
19.5,37.3,69.5,Yes
15.2,,71.3,No
15.4,56.5,47.5,No
8.8,76.2,,Yes
7.6,76.8,82.4,Yes
11.1,80.7,70.1,No
14.6,150,88.4,No
14.5,68,65.4,Yes
7.8,74.7,58,Yes
7.3,73.9,69.1,Yes
2.5,89.3,83,No
13.2,78.3,58.8,No
8.1,83.9,57.8,Yes
8.5,63,49.1,Yes
18.6,109.1,64.8,No
13,150,,No
11.6,,49.5,Yes
14.2,77.3,35.2,Yes
17.1,84,59.5,nan
1.9,99,68.9,Yes
7.2,58.2,90.6,Yes
8.8,91.5,76.8,Yes
5.1,89.7,100.9,No
8.7,78.5,57.8,Yes
2.2,79.5,72.1,nan
14.6,51.9,63.4,Yes
7.4,68.2,102.5,Yes
11,36.9,74.1,nan
10.3,68.9,29.8,No
12.8,73.7,,Yes
-2.3,47,42.5,Yes
12.3,81,84.6,No
8.6,99.1,52.9,Yes
12,79.3,71.4,No
4.1,74.9,62.7,No
,64.5,59,No
16.5,82.4,50.6,No
10.9,54.7,57.7,Yes
6.4,26.8,65.8,Yes
6.6,106.6,60.1,Yes
,94.2,,No
12.8,53,39,Yes
,46.1,43.2,Yes
9.8,77.1,76.4,No
11,76.3,49.6,Yes
9.7,91.3,41.6,No
8.1,68.3,69.3,No
13.8,98.1,62.3,No
11.6,70.7,77.8,nan
16.5,99.3,25.6,Yes
15.6,71.4,38.9,Yes
11.4,57.7,72.8,No
13,67.5,73.1,No
5.2,88.1,76.6,No
9.6,82.1,74.2,No
11.7,76.1,65.9,No
2.1,54.1,56,No
12.1,73.8,36.9,No
5.2,61.9,94.1,Yes
5.8,61.4,50.4,Yes
7.4,94.9,82.6,No
9.8,59.7,55.9,No
3.4,58.5,61.4,No
14.3,81.3,52.7,Yes
10.9,56.7,,No
19.6,63.9,,No
-1,113.5,,No
12.9,71.7,72.6,No
5.7,88.5,89.7,Yes
4.1,125.3,72.8,Yes
13.1,79,77,Yes
4.5,85.5,62.3,No
13.2,81.3,57.1,No
18.5,68.5,68.7,No
14.7,77.5,48.6,No
12.9,71.4,60.9,No
11.3,56.8,39.8,Yes
,91.7,47.8,No
9.4,38.8,82.6,Yes
,75.2,27.8,Yes
3.4,69.4,76.2,Yes
10.2,54.3,,No
15.5,87.5,68.7,No
3.6,54.6,50.6,Yes
17,66.8,74.2,Yes
16.1,89.6,43.4,No
12,,52.9,Yes
12,96.6,45,No
9.1,74.3,45.1,nan
10.2,68.8,,No
7.7,47.4,62.3,Yes
10.2,76.8,74.3,No
10.7,75.5,68.4,Yes
19.4,85.9,42,Yes
12.8,65.6,60.6,No
9,55.5,50.7,No
9.5,81.3,57.8,Yes
6.4,63.4,63.7,Yes
7.3,85.1,60.4,No
14.6,54.4,68.1,Yes
7.5,90.9,66.9,No
6.9,,50,Yes
7,71.7,66.6,No
6.4,102,91.1,No
15.6,90.1,56.8,Yes
10.7,81.7,43,Yes
8.6,74.7,61.3,No
10.1,64.1,76.9,Yes
11.1,99,74.8,Yes
6.3,94.9,70.6,Yes
,54.1,88.7,Yes
16.7,77.3,,No
,58.7,82,nan
11.9,,61,No
14.6,90,107.2,No
19.6,43.7,55,No
,73.3,78.4,No
4.4,83.5,55.2,No
13.3,76.8,76.5,Yes
2.7,110.7,73.7,Yes
10.2,43.5,60.1,Yes
8.5,102.1,33.8,Yes
13.4,57.3,97.6,No
7.6,32.1,89.1,No
16,81.4,87.3,Yes
6.3,72.5,43.2,Yes
13.5,76.8,79.9,No
6.7,85.4,62.8,Yes
12.7,86,58.7,Yes
4.9,64.4,52.6,Yes
9.9,91.2,86.8,Yes
16.6,34.7,69.8,Yes
10.6,73.1,65.3,No
15.9,,70.6,Yes
9.9,80.7,68,Yes
7.5,76,80.1,No
10.9,68.1,33.8,Yes
13.1,,59,No
,69.4,44.1,Yes
12.6,87.5,68.7,Yes
5.3,64.6,41.5,No
4.1,105.5,46.5,Yes
12.7,,69.8,No
16.7,111.3,60.6,No
11.1,67.2,70.3,No
3.2,99.5,47,No
6.6,49.7,61.4,Yes
7.9,89.4,64.2,Yes
11,72.7,,Yes
9.6,,54.5,No
12.5,89.6,67.6,Yes
15,89.9,59.5,No
,91.8,52.3,No
14.5,82,68.5,No
8.7,85.8,57.4,Yes
26.5,,69.3,Yes
12.8,62.1,73.3,nan
13.4,78.3,74,Yes
18.8,32.1,66.9,No
10.4,83.4,62.3,No
6.8,92.4,,Yes
16.5,87.4,,No
16.8,62.8,54.6,No
10.8,34.1,85.4,Yes
18.8,88.1,57.4,No
9.6,59.2,72.2,Yes
14.7,49.3,68,No
17.6,94,75.2,Yes
10.5,47.9,22.8,Yes
,71.6,73.4,Yes
15.1,110.5,62.3,Yes
8.2,61.7,74.4,Yes
5.9,53.7,69.4,No
16.7,85.1,78.9,No
11.5,81.5,50.2,Yes
7.5,41.9,37.7,No
10.5,76.1,40.7,No
12.5,98.6,57.4,Yes
2.2,103,52.9,No
13.6,69.8,72.7,No
12,84.9,83.4,No
18.3,85.8,,Yes
8.9,95.2,56.1,Yes
16.9,73.2,,Yes
9.8,100.9,73.9,Yes
10.7,60.4,85.4,Yes
11.4,90.6,81,No
20.5,55,81,Yes
3.8,39.2,71.1,Yes
12.5,87.2,81.8,Yes
10.2,,77,Yes
9.9,81.4,41.7,Yes
12.9,,69.7,Yes
,99.8,52.2,Yes
12.7,66.1,52.2,Yes
16.2,39.7,67.3,Yes
8.7,93.9,64.9,No
9.8,106.1,61.5,No
5,77.6,45.8,No
19.9,81.3,62.6,No
9.1,,,No
8.5,,69.7,Yes
13,79.4,,No
15.5,75.9,74.4,Yes
6.5,,50.1,Yes
15.9,12.2,82.7,No
8.5,78.3,68.1,Yes
,48.4,115.8,Yes
7.3,84.5,52.1,No
13.7,96.1,89.6,No
10.2,86.2,53.5,No
4.4,52,80.6,Yes
2.9,58.3,72.6,No
6.3,73.7,42.6,No
15,92.1,60.8,Yes
0.3,94.9,79.3,Yes
11.7,82.2,61.9,No
11.2,,79.9,Yes
1.6,98.5,73.5,Yes
6,74.5,81.5,Yes
6,67,72.8,Yes
10.3,65.3,51,Yes
17.3,44.6,66.1,No
15.4,97,67.8,Yes
8.2,72.5,65.1,No
5.9,61.2,53.9,No
,87.1,61.4,No
8.1,90.7,73.8,Yes
5.5,40.3,65.7,Yes
9.8,106,29.5,Yes
10,,84.5,No
7.6,77,58.3,No
7.7,,40.5,Yes
6.5,122.9,65,Yes
7.4,53.1,55.8,No
17.2,64.6,51.6,No
12.6,86.6,67.6,No
12.7,,85.9,Yes
15.1,75.8,72,No
,58.7,44.5,No
17.1,100.8,,No
12.9,74.8,58.6,No
11,75,72.9,No
7,93.6,36.2,No
5.9,105.1,73.8,Yes
14.4,79.8,51.1,Yes
9.4,84.6,56.5,No
3.2,95.9,78.8,No
-0.5,70.5,70.1,Yes
20.7,64,,Yes
5.1,67.6,79.6,No
6.6,56.6,60.8,Yes
16.1,53.2,50.1,Yes
4,119.4,68.9,No
12.7,57.1,77.4,Yes
19.1,80.4,66,Yes
20.6,73.3,84.9,Yes
7.8,96,60.1,No
9.9,77.3,61.9,No
8,102.7,47.9,Yes
9.9,72.4,50.8,No
,79.9,68.2,No
3,90,45.8,No
13.2,79,64.1,Yes
9,85.5,64.4,No
16.8,80.7,73.8,No
,46.7,79.4,No
8,90.3,72.5,No
9.4,98.6,97.5,Yes
14.5,72.4,66.7,Yes
14.9,70.9,91.1,Yes
,80.9,28.9,No
14.4,113.9,70.3,Yes
18.2,69.3,59.2,No
11.3,87.4,70.2,Yes
14.8,,69.9,nan
16.4,87,77.5,No
11.1,49.5,76,No
14.1,110.9,,No
10.1,82.3,47.4,Yes
9.7,69.4,74,Yes
6.7,70,,No
10.9,80.6,52,Yes
19.4,115.1,72.2,Yes
5.5,105.9,67.8,Yes
13.1,69.6,50.3,Yes
11.6,76.9,45.4,No
17.4,77.9,66.8,Yes
18.3,,61.8,Yes
5.4,70.4,56.8,Yes
7.1,79.2,74.8,Yes
7.4,56.8,64.5,No
7.6,109.5,80.3,No
8,52.5,73.9,No
11.7,54.7,41.8,Yes
5.7,88.8,37.6,Yes
6.4,80.6,77.4,No
6,66,81.9,Yes
12.5,95.1,73.9,No
9.7,79.9,52.4,No
8.8,112,86.6,No
5.8,39.4,73,Yes
2,64.6,80.4,No
18.2,108.1,75.5,Yes
8.6,84.6,58.8,No
23.6,72.9,65.9,Yes
13.9,66.9,62,nan
19.1,,94.9,Yes
15,52.1,70.4,No
10.8,46.3,73.5,No
7,86.3,65.5,No
5.1,92.1,46.1,No
15.6,93.8,51.4,No
11.3,66.4,64.2,Yes
13.1,65.6,38.1,No
14.1,74.9,,No
11.8,55.1,68.5,Yes
